-- phpMyAdmin SQL Dump
-- version 4.8.5
-- https://www.phpmyadmin.net/
--
-- Host: 127.0.0.1:3306
-- Generation Time: Aug 01, 2020 at 09:29 AM
-- Server version: 5.7.26
-- PHP Version: 7.3.5

SET SQL_MODE = "NO_AUTO_VALUE_ON_ZERO";
SET AUTOCOMMIT = 0;
START TRANSACTION;
SET time_zone = "+00:00";


/*!40101 SET @OLD_CHARACTER_SET_CLIENT=@@CHARACTER_SET_CLIENT */;
/*!40101 SET @OLD_CHARACTER_SET_RESULTS=@@CHARACTER_SET_RESULTS */;
/*!40101 SET @OLD_COLLATION_CONNECTION=@@COLLATION_CONNECTION */;
/*!40101 SET NAMES utf8mb4 */;

--
-- Database: `imcq`
--

-- --------------------------------------------------------

--
-- Table structure for table `active_users`
--

DROP TABLE IF EXISTS `active_users`;
CREATE TABLE IF NOT EXISTS `active_users` (
  `id` int(11) NOT NULL AUTO_INCREMENT,
  `se_id` varchar(255) DEFAULT NULL,
  `keyu` int(11) NOT NULL,
  `ip_addr` varchar(16) DEFAULT NULL,
  `count_visit` int(11) NOT NULL DEFAULT '0',
  `exam` varchar(100) DEFAULT NULL,
  `browser` text,
  `is_close` int(11) NOT NULL DEFAULT '1',
  `force_logout` int(11) NOT NULL DEFAULT '0',
  `is_mob` int(2) NOT NULL DEFAULT '0',
  `created_at` timestamp NULL DEFAULT NULL,
  `logout_at` timestamp NULL DEFAULT NULL,
  PRIMARY KEY (`id`),
  KEY `keyu` (`keyu`)
) ENGINE=InnoDB AUTO_INCREMENT=59 DEFAULT CHARSET=utf8mb4;

--
-- Dumping data for table `active_users`
--

INSERT INTO `active_users` (`id`, `se_id`, `keyu`, `ip_addr`, `count_visit`, `exam`, `browser`, `is_close`, `force_logout`, `is_mob`, `created_at`, `logout_at`) VALUES
(1, NULL, 1, NULL, 0, NULL, NULL, 1, 0, 0, NULL, '2020-07-27 20:44:16'),
(2, NULL, 2, NULL, 0, NULL, NULL, 1, 0, 0, NULL, '2020-07-27 10:46:56'),
(4, NULL, 52, NULL, 0, NULL, NULL, 1, 0, 0, NULL, '2020-05-07 04:15:19'),
(5, NULL, 5, NULL, 0, NULL, NULL, 1, 0, 0, NULL, '2020-05-06 06:31:08'),
(6, NULL, 29, NULL, 0, NULL, NULL, 1, 0, 0, NULL, '2020-05-06 06:37:03'),
(7, NULL, 34, NULL, 0, NULL, NULL, 1, 0, 0, NULL, '2020-05-06 06:35:55'),
(8, NULL, 50, NULL, 0, NULL, NULL, 1, 0, 0, NULL, '2020-05-06 06:50:05'),
(9, NULL, 47, NULL, 0, NULL, NULL, 1, 0, 0, NULL, '2020-05-06 07:08:19'),
(12, NULL, 53, NULL, 0, NULL, NULL, 1, 0, 0, NULL, '2020-05-06 07:24:57'),
(13, NULL, 12, NULL, 0, NULL, NULL, 1, 0, 0, NULL, '2020-05-06 07:22:16'),
(14, NULL, 48, NULL, 0, NULL, NULL, 1, 0, 0, NULL, '2020-05-06 06:34:06'),
(15, NULL, 35, NULL, 0, NULL, NULL, 1, 0, 0, NULL, '2020-05-06 06:33:18'),
(16, NULL, 30, NULL, 0, NULL, NULL, 1, 0, 0, NULL, '2020-05-06 06:33:02'),
(17, NULL, 20, NULL, 0, NULL, NULL, 1, 0, 0, NULL, '2020-05-06 07:19:53'),
(18, NULL, 54, NULL, 0, NULL, NULL, 1, 0, 0, NULL, '2020-05-06 07:22:05'),
(19, NULL, 3, NULL, 0, NULL, NULL, 1, 0, 0, NULL, '2020-05-06 07:55:36'),
(20, NULL, 40, NULL, 0, NULL, NULL, 1, 0, 0, NULL, '2020-05-06 09:18:07'),
(21, NULL, 13, NULL, 0, NULL, NULL, 1, 0, 0, NULL, '2020-05-06 07:15:49'),
(22, NULL, 19, NULL, 0, NULL, NULL, 1, 0, 0, NULL, '2020-05-06 06:31:50'),
(23, NULL, 14, NULL, 0, NULL, NULL, 1, 0, 0, NULL, '2020-05-04 08:01:01'),
(24, NULL, 9, NULL, 0, NULL, NULL, 1, 0, 0, NULL, '2020-05-06 08:02:36'),
(25, NULL, 51, NULL, 0, NULL, '', 1, 0, 0, NULL, '2020-05-06 08:40:08'),
(26, NULL, 42, NULL, 0, NULL, NULL, 1, 0, 0, NULL, '2020-05-06 07:22:01'),
(27, NULL, 25, NULL, 0, NULL, NULL, 1, 0, 0, NULL, '2020-05-06 06:49:04'),
(28, NULL, 49, NULL, 0, NULL, NULL, 1, 0, 0, NULL, '2020-05-10 08:45:45'),
(29, NULL, 36, NULL, 0, NULL, NULL, 1, 0, 0, NULL, '2020-05-06 06:49:55'),
(30, NULL, 38, NULL, 0, NULL, NULL, 1, 0, 0, NULL, '2020-05-06 08:07:36'),
(31, NULL, 46, NULL, 0, NULL, NULL, 1, 0, 0, NULL, '2020-05-06 07:11:57'),
(32, NULL, 22, NULL, 0, NULL, NULL, 1, 0, 0, NULL, '2020-05-06 06:47:06'),
(33, NULL, 27, NULL, 0, NULL, NULL, 1, 0, 0, NULL, '2020-05-06 06:37:33'),
(34, NULL, 21, NULL, 0, NULL, NULL, 1, 0, 0, NULL, '2020-05-06 06:35:52'),
(35, NULL, 31, NULL, 0, NULL, NULL, 1, 0, 0, NULL, '2020-05-06 06:31:53'),
(36, NULL, 32, NULL, 0, NULL, NULL, 1, 0, 0, NULL, '2020-05-06 08:34:08'),
(37, NULL, 41, NULL, 0, NULL, NULL, 1, 0, 0, NULL, '2020-05-06 07:04:57'),
(38, NULL, 18, NULL, 0, NULL, NULL, 1, 0, 0, NULL, '2020-05-06 07:29:49'),
(40, NULL, 37, NULL, 0, NULL, NULL, 1, 0, 0, NULL, '2020-05-06 06:33:04'),
(41, NULL, 39, NULL, 0, NULL, NULL, 1, 0, 0, NULL, '2020-05-06 09:16:07'),
(42, NULL, 6, NULL, 0, NULL, NULL, 1, 0, 0, NULL, '2020-05-06 07:29:16'),
(43, NULL, 23, NULL, 0, NULL, NULL, 1, 0, 0, NULL, '2020-05-06 07:56:36'),
(44, NULL, 10, NULL, 0, NULL, NULL, 1, 0, 0, NULL, '2020-05-10 08:39:45'),
(45, NULL, 16, NULL, 0, NULL, NULL, 1, 0, 0, NULL, '2020-05-06 07:05:04'),
(46, NULL, 8, NULL, 0, NULL, NULL, 1, 0, 0, NULL, '2020-05-06 07:18:46'),
(47, NULL, 24, NULL, 0, NULL, NULL, 1, 0, 0, NULL, '2020-05-06 06:35:33'),
(48, NULL, 28, NULL, 0, NULL, NULL, 1, 0, 0, NULL, '2020-05-08 07:28:03'),
(49, NULL, 17, NULL, 0, NULL, NULL, 1, 0, 0, NULL, '2020-05-06 07:23:49'),
(50, NULL, 15, NULL, 0, NULL, NULL, 1, 0, 0, NULL, '2020-05-06 07:20:49'),
(51, NULL, 44, NULL, 0, NULL, NULL, 1, 0, 0, NULL, '2020-05-06 07:07:57'),
(53, NULL, 55, NULL, 0, NULL, NULL, 1, 0, 0, NULL, '2020-05-06 10:17:00'),
(57, NULL, 4, NULL, 0, NULL, NULL, 1, 0, 0, NULL, '2020-07-25 16:43:30'),
(58, 'maso7nsi2tdbs1sh8svm6h5oon', 57, '::1', 0, NULL, 'Mozilla/5.0 (Windows NT 10.0; Win64; x64) AppleWebKit/537.36 (KHTML, like Gecko) Chrome/84.0.4147.105 Safari/537.36', 1, 0, 0, '2020-08-01 03:19:45', NULL);

-- --------------------------------------------------------

--
-- Table structure for table `activity_log`
--

DROP TABLE IF EXISTS `activity_log`;
CREATE TABLE IF NOT EXISTS `activity_log` (
  `activity_log_id` int(11) NOT NULL AUTO_INCREMENT,
  `username` varchar(100) NOT NULL,
  `date` varchar(100) NOT NULL,
  `action` varchar(128) NOT NULL,
  PRIMARY KEY (`activity_log_id`)
) ENGINE=InnoDB AUTO_INCREMENT=181 DEFAULT CHARSET=latin1;

--
-- Dumping data for table `activity_log`
--

INSERT INTO `activity_log` (`activity_log_id`, `username`, `date`, `action`) VALUES
(83, 'jay', '2020-04-19 19:13:22', 'Total Students Imported: 55 Out of 55 in 4-A'),
(86, 'jay', '2020-04-20 05:59:12', 'Update GK Exam: Covid-19'),
(87, 'jay', '2020-04-20 08:18:38', 'Update GK Exam: Covid-19'),
(88, 'jay', '2020-04-23 04:11:09', 'Edited Exam: FINANCIAL ACCOUNTING[FYBSCIT-A]'),
(89, 'jay', '2020-04-23 04:13:46', 'Edited Exam: DISCRETE MATHEMATICS[FYBSCIT-A]'),
(90, 'jay', '2020-04-23 04:14:18', 'Edited Exam: DISCRETE MATHEMATICS[FYBSCIT-A]'),
(91, 'jay', '2020-04-23 04:15:50', 'Edited Exam: DATABASE MANAGEMENT SYSTEMS[FYBSCIT-A]'),
(92, 'jay', '2020-04-23 04:17:42', 'Edited Exam: FINANCIAL ACCOUNTING[FYBSCIT-A]'),
(93, 'jay', '2020-04-23 04:18:30', 'Edited Exam: DISCRETE MATHEMATICS[FYBSCIT-A]'),
(94, 'jay', '2020-04-23 04:19:10', 'Edited Exam: DISCRETE MATHEMATICS[FYBSCIT-A]'),
(95, 'jay', '2020-04-23 04:19:31', 'Edited Exam: FINANCIAL ACCOUNTING[FYBSCIT-A]'),
(96, 'jay', '2020-04-23 04:20:21', 'Edited Exam: DATABASE MANAGEMENT SYSTEMS[FYBSCIT-A]'),
(97, 'jay', '2020-04-23 04:21:27', 'Edited Exam: DATA STRUCTURES[FYBSCIT-A]'),
(98, 'jay', '2020-04-23 04:22:39', 'Edited Exam: OBJECT ORIENTED PROGRAMMING[FYBSCIT-A]'),
(99, 'jay', '2020-04-23 04:23:06', 'Edited Exam: DISCRETE MATHEMATICS[FYBSCIT-A]'),
(100, 'jay', '2020-04-23 04:23:29', 'Edited Exam: DATABASE MANAGEMENT SYSTEMS[FYBSCIT-A]'),
(101, 'jay', '2020-04-23 04:23:59', 'Edited Exam: DATA STRUCTURES[FYBSCIT-A]'),
(102, 'jay', '2020-04-24 11:22:06', 'Total Questions Imported: 30 of 32 in 4-A'),
(103, 'jay', '2020-04-24 11:50:48', 'Total Questions Imported: 30 of 30 in 4-A'),
(104, 'jay', '2020-04-24 11:52:10', 'Added Student As: 123456789 in FYBSCIT-A'),
(105, 'jay', '2020-04-24 18:56:23', 'Total Questions Imported: 30 of 28 in 4-A'),
(106, 'panwala.brijal@bmefcolleges.edu.in', '2020-04-25 08:35:51', 'Add Question To: 28 in FYBSCIT-A'),
(107, 'jay', '2020-04-25 08:42:24', 'Edited Exam: DATABASE MANAGEMENT SYSTEMS[FYBSCIT-A]'),
(108, 'jay', '2020-04-25 08:47:27', 'Edited Exam: FINANCIAL ACCOUNTING[FYBSCIT-A]'),
(109, 'jay', '2020-04-25 09:10:27', 'Edited Exam: OBJECT ORIENTED PROGRAMMING[FYBSCIT-A]'),
(110, 'jay', '2020-04-25 13:35:17', 'Total Questions Imported: 30 of 29 in 4-A'),
(111, 'jay', '2020-04-25 13:37:29', 'Total Questions Imported: 30 of 31 in 4-A'),
(112, 'jay', '2020-04-25 13:37:59', 'Edited Exam: DISCRETE MATHEMATICS[FYBSCIT-A]'),
(113, 'jay', '2020-04-25 13:38:44', 'Edited Exam: DATA STRUCTURES[FYBSCIT-A]'),
(114, 'jay', '2020-04-26 04:07:16', 'Edited Exam: DISCRETE MATHEMATICS[FYBSCIT-A]'),
(115, 'jay', '2020-04-26 04:07:31', 'Edited Exam: DATA STRUCTURES[FYBSCIT-A]'),
(116, 'jay', '2020-04-26 16:58:46', 'Delete Student: 123456789-Temp in FYBSCIT div:- A'),
(117, 'jay', '2020-04-29 10:08:52', 'Delete Exam: 1-Organization Structure Behaviour div:- A'),
(118, 'jay', '2020-04-29 10:08:52', 'Delete Exam: 2-ICT div:- A'),
(119, 'jay', '2020-04-29 10:08:52', 'Delete Exam: 3-Operating System-I div:- A'),
(120, 'jay', '2020-04-29 10:08:52', 'Delete Exam: 4-Programming Language-I div:- A'),
(121, 'jay', '2020-04-29 10:08:52', 'Delete Exam: 5-DBMS div:- A'),
(122, 'jay', '2020-04-29 10:08:52', 'Delete Exam: 11-Organization Structure Behaviour div:- B'),
(123, 'jay', '2020-04-29 10:08:52', 'Delete Exam: 12-ICT div:- B'),
(124, 'jay', '2020-04-29 10:08:52', 'Delete Exam: 13-Operating System-I div:- B'),
(125, 'jay', '2020-04-29 10:08:52', 'Delete Exam: 14-Programming Language-I div:- B'),
(126, 'jay', '2020-04-29 10:08:52', 'Delete Exam: 15-DBMS div:- B'),
(127, 'jay', '2020-04-29 10:08:52', 'Delete Exam: 21-Organization Structure Behaviour div:- C'),
(128, 'jay', '2020-04-29 10:08:52', 'Delete Exam: 22-ICT div:- C'),
(129, 'jay', '2020-04-29 10:08:52', 'Delete Exam: 23-Operating System-I div:- C'),
(130, 'jay', '2020-04-29 10:08:52', 'Delete Exam: 24-Programming Language-I div:- C'),
(131, 'jay', '2020-04-29 10:08:52', 'Delete Exam: 25-DBMS div:- C'),
(132, 'jay', '2020-04-29 10:08:52', 'Delete Exam: 6-Information System div:- A'),
(133, 'jay', '2020-04-29 10:08:52', 'Delete Exam: 7-Software Engineering II div:- A'),
(134, 'jay', '2020-04-29 10:08:52', 'Delete Exam: 8-Java Programming div:- A'),
(135, 'jay', '2020-04-29 10:08:52', 'Delete Exam: 9-.Net Programming div:- A'),
(136, 'jay', '2020-04-29 10:08:52', 'Delete Exam: 10-Web Designing div:- A'),
(137, 'jay', '2020-04-29 10:08:52', 'Delete Exam: 16-Information System div:- B'),
(138, 'jay', '2020-04-29 10:08:52', 'Delete Exam: 17-Software Engineering II div:- B'),
(139, 'jay', '2020-04-29 10:08:52', 'Delete Exam: 18-Java Programming div:- B'),
(140, 'jay', '2020-04-29 10:08:52', 'Delete Exam: 19-.Net Programming div:- B'),
(141, 'jay', '2020-04-29 10:08:52', 'Delete Exam: 20-Web Designing div:- B'),
(142, 'jay', '2020-05-06 11:03:51', 'Edited Exam: OBJECT ORIENTED PROGRAMMING[FYBSCIT-A]'),
(143, 'jay', '2020-05-06 11:10:00', 'Added Student As: 123456 in FYBSCIT-A'),
(144, 'jay', '2020-05-06 11:10:24', 'Edited Exam: OBJECT ORIENTED PROGRAMMING[FYBSCIT-A]'),
(145, 'jay', '2020-05-06 16:15:09', 'Delete Student: 123456-Jaynesh in FYBSCIT div:- A'),
(146, 'admin', '2020-07-20 14:01:31', 'Added Student As: 123456 in FYBSCIT-A'),
(147, 'admin', '2020-07-20 14:03:36', 'Delete Student: 123456-Jaynesh in FYBSCIT div:- A'),
(148, 'admin', '2020-07-20 14:04:21', 'Added Student As: 123456 in TYBCA-A'),
(149, 'admin', '2020-07-20 14:09:38', 'Total Questions Imported: 15 of 21 in 3-A'),
(150, 'admin', '2020-07-20 14:10:22', 'Edited Exam: PHP MYSQL[TYBCA-A]'),
(151, 'admin', '2020-07-22 10:24:10', 'Delete Exam: 27-PHP MYSQL div:- B'),
(152, 'admin', '2020-07-22 10:32:22', 'Added Exam: PHP MYSQL in TYBCA-B'),
(153, 'admin', '2020-07-22 10:32:33', 'Delete Exam: 33-PHP MYSQL div:- B'),
(154, 'admin', '2020-07-22 11:17:16', 'Edited Exam: PHP MYSQL[TYBCA-A]'),
(155, 'admin', '2020-07-22 22:43:47', 'Edited Exam: PHP MYSQL[TYBCA-A]'),
(156, 'admin', '2020-07-22 22:52:06', 'Edited Exam: PHP MYSQL[TYBCA-A]'),
(157, 'admin', '2020-07-25 22:28:35', 'Edited Exam: PHP MYSQL[TYBCA-A]'),
(158, 'admin', '2020-07-27 13:09:39', 'Edited Exam: PHP MYSQL[TYBCA-A]'),
(159, 'admin', '2020-07-27 13:11:01', 'Edited Exam: PHP MYSQL[TYBCA-A]'),
(160, 'admin', '2020-07-27 13:11:08', 'Edited Exam: PHP MYSQL[TYBCA-A]'),
(161, 'admin', '2020-07-27 13:11:22', 'Edited Exam: PHP MYSQL[TYBCA-A]'),
(162, 'admin', '2020-07-27 13:22:19', 'Edited Exam: PHP MYSQL[TYBCA-A]'),
(163, 'admin', '2020-07-27 13:23:08', 'Edited Exam: PHP MYSQL[TYBCA-A]'),
(164, 'admin', '2020-07-27 13:53:12', 'Edited Exam: PHP MYSQL[TYBCA-A]'),
(165, 'admin', '2020-07-27 14:12:10', 'Edited Exam: PHP MYSQL[TYBCA-A]'),
(166, 'admin', '2020-07-27 14:15:15', 'Edited Exam: PHP MYSQL[TYBCA-A]'),
(167, 'admin', '2020-07-27 14:16:20', 'Edited Exam: PHP MYSQL[TYBCA-A]'),
(168, 'admin', '2020-07-27 14:18:50', 'Edited Exam: PHP MYSQL[TYBCA-A]'),
(169, 'admin', '2020-07-27 14:20:33', 'Edited Exam: PHP MYSQL[TYBCA-A]'),
(170, 'admin', '2020-07-27 14:33:58', 'Edited Exam: PHP MYSQL[TYBCA-A]'),
(171, 'admin', '2020-07-27 14:35:13', 'Edited Exam: PHP MYSQL[TYBCA-A]'),
(172, 'admin', '2020-07-27 14:36:08', 'Edited Exam: PHP MYSQL[TYBCA-A]'),
(173, 'admin', '2020-07-27 14:36:27', 'Edited Exam: PHP MYSQL[TYBCA-A]'),
(174, 'admin', '2020-07-27 14:36:35', 'Edited Exam: PHP MYSQL[TYBCA-A]'),
(175, 'admin', '2020-07-27 14:39:38', 'Edited Exam: PHP MYSQL[TYBCA-A]'),
(176, 'admin', '2020-07-27 14:39:44', 'Edited Exam: PHP MYSQL[TYBCA-A]'),
(177, 'admin', '2020-07-27 14:40:21', 'Edited Exam: PHP MYSQL[TYBCA-A]'),
(178, 'admin', '2020-07-27 16:24:10', 'Edited Exam: PHP MYSQL[TYBCA-A]'),
(179, 'admin', '2020-07-29 22:43:10', 'Edited Exam: PHP MYSQL[TYBCA-A]'),
(180, 'admin', '2020-07-30 14:42:19', 'Edited Exam: PHP MYSQL[TYBCA-A]');

-- --------------------------------------------------------

--
-- Table structure for table `admin`
--

DROP TABLE IF EXISTS `admin`;
CREATE TABLE IF NOT EXISTS `admin` (
  `admin_id` int(128) NOT NULL AUTO_INCREMENT,
  `firstname` varchar(128) NOT NULL,
  `lastname` varchar(128) NOT NULL,
  `username` varchar(128) NOT NULL,
  `password` varchar(128) NOT NULL,
  `thumbnails` varchar(300) NOT NULL DEFAULT '../assets/images/none.jpg',
  PRIMARY KEY (`admin_id`)
) ENGINE=InnoDB AUTO_INCREMENT=2 DEFAULT CHARSET=latin1;

--
-- Dumping data for table `admin`
--

INSERT INTO `admin` (`admin_id`, `firstname`, `lastname`, `username`, `password`, `thumbnails`) VALUES
(1, 'Jaynesh', 'Desai', 'admin', '5aa96ad648ff554511aa8e7a6385a03e', '../assets/images/Admin/logo.png');

-- --------------------------------------------------------

--
-- Table structure for table `answers`
--

DROP TABLE IF EXISTS `answers`;
CREATE TABLE IF NOT EXISTS `answers` (
  `student_id` int(11) NOT NULL,
  `sid` int(11) NOT NULL,
  `qnumber` int(11) NOT NULL,
  `answer` varchar(150) NOT NULL,
  `rid` int(50) DEFAULT NULL,
  KEY `rid` (`rid`),
  KEY `sub_id` (`sid`),
  KEY `student_id` (`student_id`),
  KEY `qnumber` (`qnumber`)
) ENGINE=InnoDB DEFAULT CHARSET=latin1;

--
-- Dumping data for table `answers`
--

INSERT INTO `answers` (`student_id`, `sid`, `qnumber`, `answer`, `rid`) VALUES
(54, 28, 73, 'B', 56),
(54, 28, 79, 'D', 56),
(54, 28, 65, 'C', 56),
(54, 28, 64, 'D', 56),
(54, 28, 63, 'A', 56),
(54, 28, 89, 'D', 56),
(54, 28, 66, 'A', 56),
(54, 28, 78, 'C', 56),
(54, 28, 71, 'D', 56),
(54, 28, 82, 'C', 56),
(54, 28, 90, 'A', 56),
(54, 28, 74, 'D', 56),
(54, 28, 83, 'A', 56),
(54, 28, 72, 'D', 56),
(54, 28, 77, 'C', 56),
(54, 28, 85, 'B', 56),
(54, 28, 75, 'No Attempt', 56),
(54, 28, 88, 'D', 56),
(54, 28, 76, 'D', 56),
(54, 28, 86, 'B', 56),
(54, 28, 68, 'C', 56),
(54, 28, 70, 'C', 56),
(54, 28, 69, 'A', 56),
(54, 28, 81, 'A', 56),
(54, 28, 80, 'B', 56),
(54, 28, 67, 'A', 56),
(54, 28, 61, 'B', 56),
(54, 28, 87, 'A', 56),
(54, 28, 84, 'B', 56),
(54, 28, 62, 'A', 56),
(53, 28, 81, 'A', 57),
(53, 28, 71, 'C', 57),
(53, 28, 65, 'B', 57),
(53, 28, 70, 'C', 57),
(53, 28, 83, 'B', 57),
(53, 28, 77, 'B', 57),
(53, 28, 66, 'C', 57),
(53, 28, 84, 'B', 57),
(53, 28, 61, 'B', 57),
(53, 28, 73, 'C', 57),
(53, 28, 76, 'B', 57),
(53, 28, 82, 'C', 57),
(53, 28, 87, 'B', 57),
(53, 28, 67, 'B', 57),
(53, 28, 86, 'A', 57),
(53, 28, 69, 'B', 57),
(53, 28, 80, 'No Attempt', 57),
(53, 28, 63, 'A', 57),
(53, 28, 85, 'A', 57),
(53, 28, 78, 'C', 57),
(53, 28, 62, 'C', 57),
(53, 28, 68, 'C', 57),
(53, 28, 64, 'C', 57),
(53, 28, 90, 'A', 57),
(53, 28, 88, 'C', 57),
(53, 28, 75, 'A', 57),
(53, 28, 89, 'D', 57),
(53, 28, 72, 'D', 57),
(53, 28, 79, 'C', 57),
(53, 28, 74, 'B', 57),
(3, 28, 79, 'C', 58),
(3, 28, 72, 'B', 58),
(3, 28, 71, 'A', 58),
(3, 28, 73, 'B', 58),
(3, 28, 83, 'A', 58),
(3, 28, 66, 'A', 58),
(3, 28, 80, 'D', 58),
(3, 28, 77, 'C', 58),
(3, 28, 70, 'B', 58),
(3, 28, 61, 'B', 58),
(3, 28, 76, 'C', 58),
(3, 28, 74, 'B', 58),
(3, 28, 87, 'A', 58),
(3, 28, 63, 'B', 58),
(3, 28, 81, 'B', 58),
(3, 28, 85, 'D', 58),
(3, 28, 65, 'C', 58),
(3, 28, 82, 'C', 58),
(3, 28, 62, 'A', 58),
(3, 28, 86, 'B', 58),
(3, 28, 88, 'D', 58),
(3, 28, 78, 'D', 58),
(3, 28, 84, 'B', 58),
(3, 28, 68, 'D', 58),
(3, 28, 69, 'C', 58),
(3, 28, 89, 'D', 58),
(3, 28, 64, 'D', 58),
(3, 28, 90, 'A', 58),
(3, 28, 67, 'A', 58),
(3, 28, 75, 'B', 58),
(21, 28, 72, 'D', 59),
(21, 28, 84, 'B', 59),
(21, 28, 79, 'A', 59),
(21, 28, 83, 'C', 59),
(21, 28, 89, 'C', 59),
(21, 28, 70, 'B', 59),
(21, 28, 64, 'A', 59),
(21, 28, 61, 'A', 59),
(21, 28, 81, 'A', 59),
(21, 28, 87, 'No Attempt', 59),
(21, 28, 76, 'B', 59),
(21, 28, 90, 'D', 59),
(21, 28, 68, 'D', 59),
(21, 28, 74, 'A', 59),
(21, 28, 73, 'A', 59),
(21, 28, 62, 'B', 59),
(21, 28, 69, 'A', 59),
(21, 28, 71, 'D', 59),
(21, 28, 67, 'B', 59),
(21, 28, 86, 'C', 59),
(21, 28, 63, 'B', 59),
(21, 28, 82, 'B', 59),
(21, 28, 78, 'D', 59),
(21, 28, 88, 'A', 59),
(21, 28, 66, 'A', 59),
(21, 28, 80, 'D', 59),
(21, 28, 65, 'C', 59),
(21, 28, 85, 'A', 59),
(21, 28, 75, 'C', 59),
(21, 28, 77, 'C', 59),
(47, 28, 79, 'C', 60),
(47, 28, 90, 'B', 60),
(47, 28, 62, 'B', 60),
(47, 28, 78, 'B', 60),
(47, 28, 83, 'B', 60),
(47, 28, 81, 'A', 60),
(47, 28, 70, 'A', 60),
(47, 28, 65, 'A', 60),
(47, 28, 88, 'B', 60),
(47, 28, 68, 'A', 60),
(47, 28, 73, 'A', 60),
(47, 28, 71, 'B', 60),
(47, 28, 82, 'C', 60),
(47, 28, 76, 'B', 60),
(47, 28, 87, 'B', 60),
(47, 28, 77, 'A', 60),
(47, 28, 64, 'D', 60),
(47, 28, 61, 'No Attempt', 60),
(47, 28, 69, 'B', 60),
(47, 28, 84, 'C', 60),
(47, 28, 66, 'A', 60),
(47, 28, 63, 'D', 60),
(47, 28, 85, 'A', 60),
(47, 28, 72, 'D', 60),
(47, 28, 80, 'C', 60),
(47, 28, 75, 'D', 60),
(47, 28, 67, 'A', 60),
(47, 28, 86, 'B', 60),
(47, 28, 74, 'B', 60),
(47, 28, 89, 'D', 60),
(12, 28, 84, 'B', 61),
(12, 28, 76, 'No Attempt', 61),
(12, 28, 88, 'D', 61),
(12, 28, 65, 'A', 61),
(12, 28, 80, 'D', 61),
(12, 28, 79, 'B', 61),
(12, 28, 77, 'C', 61),
(12, 28, 72, 'B', 61),
(12, 28, 75, 'B', 61),
(12, 28, 67, 'No Attempt', 61),
(12, 28, 73, 'A', 61),
(12, 28, 66, 'A', 61),
(12, 28, 82, 'B', 61),
(12, 28, 85, 'A', 61),
(12, 28, 71, 'A', 61),
(12, 28, 81, 'D', 61),
(12, 28, 78, 'C', 61),
(12, 28, 63, 'A', 61),
(12, 28, 64, 'A', 61),
(12, 28, 61, 'D', 61),
(12, 28, 69, 'B', 61),
(12, 28, 90, 'No Attempt', 61),
(12, 28, 70, 'C', 61),
(12, 28, 62, 'A', 61),
(12, 28, 83, 'A', 61),
(12, 28, 68, 'A', 61),
(12, 28, 89, 'A', 61),
(12, 28, 86, 'B', 61),
(12, 28, 74, 'B', 61),
(12, 28, 87, 'B', 61),
(38, 28, 61, 'A', 62),
(38, 28, 79, 'B', 62),
(38, 28, 71, 'B', 62),
(38, 28, 67, 'A', 62),
(38, 28, 74, 'C', 62),
(38, 28, 76, 'C', 62),
(38, 28, 69, 'B', 62),
(38, 28, 63, 'B', 62),
(38, 28, 86, 'B', 62),
(38, 28, 64, 'C', 62),
(38, 28, 87, 'A', 62),
(38, 28, 72, 'B', 62),
(38, 28, 85, 'C', 62),
(38, 28, 83, 'A', 62),
(38, 28, 78, 'A', 62),
(38, 28, 77, 'C', 62),
(38, 28, 66, 'A', 62),
(38, 28, 80, 'No Attempt', 62),
(38, 28, 82, 'No Attempt', 62),
(38, 28, 65, 'C', 62),
(38, 28, 73, 'C', 62),
(38, 28, 68, 'C', 62),
(38, 28, 75, 'D', 62),
(38, 28, 70, 'D', 62),
(38, 28, 89, 'D', 62),
(38, 28, 84, 'B', 62),
(38, 28, 62, 'A', 62),
(38, 28, 81, 'A', 62),
(38, 28, 88, 'D', 62),
(38, 28, 90, 'B', 62),
(13, 28, 82, 'C', 63),
(13, 28, 67, 'D', 63),
(13, 28, 75, 'A', 63),
(13, 28, 84, 'B', 63),
(13, 28, 88, 'A', 63),
(13, 28, 68, 'C', 63),
(13, 28, 83, 'B', 63),
(13, 28, 74, 'D', 63),
(13, 28, 77, 'B', 63),
(13, 28, 65, 'D', 63),
(13, 28, 61, 'A', 63),
(13, 28, 66, 'C', 63),
(13, 28, 86, 'D', 63),
(13, 28, 90, 'C', 63),
(13, 28, 76, 'A', 63),
(13, 28, 72, 'B', 63),
(13, 28, 81, 'A', 63),
(13, 28, 69, 'B', 63),
(13, 28, 80, 'B', 63),
(13, 28, 64, 'No Attempt', 63),
(13, 28, 63, 'B', 63),
(13, 28, 85, 'B', 63),
(13, 28, 73, 'B', 63),
(13, 28, 70, 'D', 63),
(13, 28, 87, 'B', 63),
(13, 28, 79, 'B', 63),
(13, 28, 78, 'D', 63),
(13, 28, 89, 'B', 63),
(13, 28, 62, 'B', 63),
(13, 28, 71, 'D', 63),
(50, 28, 76, 'C', 64),
(50, 28, 81, 'A', 64),
(50, 28, 78, 'C', 64),
(50, 28, 79, 'B', 64),
(50, 28, 62, 'C', 64),
(50, 28, 66, 'C', 64),
(50, 28, 67, 'A', 64),
(50, 28, 61, 'D', 64),
(50, 28, 80, 'B', 64),
(50, 28, 69, 'C', 64),
(50, 28, 72, 'B', 64),
(50, 28, 73, 'A', 64),
(50, 28, 87, 'A', 64),
(50, 28, 82, 'C', 64),
(50, 28, 77, 'B', 64),
(50, 28, 71, 'B', 64),
(50, 28, 68, 'C', 64),
(50, 28, 90, 'A', 64),
(50, 28, 85, 'B', 64),
(50, 28, 64, 'No Attempt', 64),
(50, 28, 86, 'B', 64),
(50, 28, 70, 'C', 64),
(50, 28, 89, 'D', 64),
(50, 28, 83, 'A', 64),
(50, 28, 63, 'A', 64),
(50, 28, 84, 'B', 64),
(50, 28, 74, 'B', 64),
(50, 28, 65, 'C', 64),
(50, 28, 75, 'D', 64),
(50, 28, 88, 'D', 64),
(22, 28, 63, 'A', 65),
(22, 28, 76, 'D', 65),
(22, 28, 68, 'D', 65),
(22, 28, 67, 'A', 65),
(22, 28, 64, 'C', 65),
(22, 28, 66, 'A', 65),
(22, 28, 87, 'C', 65),
(22, 28, 72, 'C', 65),
(22, 28, 84, 'A', 65),
(22, 28, 61, 'B', 65),
(22, 28, 69, 'B', 65),
(22, 28, 74, 'D', 65),
(22, 28, 77, 'B', 65),
(22, 28, 89, 'D', 65),
(22, 28, 85, 'B', 65),
(22, 28, 78, 'A', 65),
(22, 28, 81, 'B', 65),
(22, 28, 88, 'D', 65),
(22, 28, 83, 'C', 65),
(22, 28, 80, 'B', 65),
(22, 28, 79, 'D', 65),
(22, 28, 90, 'A', 65),
(22, 28, 73, 'B', 65),
(22, 28, 71, 'B', 65),
(22, 28, 86, 'B', 65),
(22, 28, 70, 'D', 65),
(22, 28, 62, 'B', 65),
(22, 28, 65, 'C', 65),
(22, 28, 75, 'C', 65),
(22, 28, 82, 'A', 65),
(1, 28, 78, 'No Attempt', 66),
(1, 28, 64, 'C', 66),
(1, 28, 67, 'A', 66),
(1, 28, 75, 'No Attempt', 66),
(1, 28, 68, 'A', 66),
(1, 28, 62, 'A', 66),
(1, 28, 86, 'B', 66),
(1, 28, 85, 'No Attempt', 66),
(1, 28, 87, 'A', 66),
(1, 28, 73, 'B', 66),
(1, 28, 69, 'A', 66),
(1, 28, 70, 'A', 66),
(1, 28, 77, 'C', 66),
(1, 28, 82, 'A', 66),
(1, 28, 65, 'C', 66),
(1, 28, 74, 'C', 66),
(1, 28, 80, 'A', 66),
(1, 28, 72, 'D', 66),
(1, 28, 79, 'B', 66),
(1, 28, 89, 'No Attempt', 66),
(1, 28, 76, 'C', 66),
(1, 28, 66, 'A', 66),
(1, 28, 81, 'A', 66),
(1, 28, 83, 'A', 66),
(1, 28, 63, 'A', 66),
(1, 28, 88, 'D', 66),
(1, 28, 90, 'D', 66),
(1, 28, 71, 'A', 66),
(1, 28, 84, 'B', 66),
(1, 28, 61, 'D', 66),
(31, 28, 65, 'B', 67),
(31, 28, 70, 'B', 67),
(31, 28, 62, 'B', 67),
(31, 28, 84, 'A', 67),
(31, 28, 76, 'D', 67),
(31, 28, 74, 'A', 67),
(31, 28, 72, 'A', 67),
(31, 28, 71, 'C', 67),
(31, 28, 87, 'A', 67),
(31, 28, 77, 'B', 67),
(31, 28, 89, 'D', 67),
(31, 28, 90, 'C', 67),
(31, 28, 85, 'D', 67),
(31, 28, 79, 'C', 67),
(31, 28, 78, 'C', 67),
(31, 28, 83, 'A', 67),
(31, 28, 67, 'A', 67),
(31, 28, 63, 'A', 67),
(31, 28, 75, 'D', 67),
(31, 28, 73, 'B', 67),
(31, 28, 81, 'A', 67),
(31, 28, 61, 'A', 67),
(31, 28, 66, 'A', 67),
(31, 28, 69, 'B', 67),
(31, 28, 64, 'C', 67),
(31, 28, 86, 'B', 67),
(31, 28, 80, 'D', 67),
(31, 28, 68, 'A', 67),
(31, 28, 82, 'D', 67),
(31, 28, 88, 'A', 67),
(37, 28, 75, 'B', 68),
(37, 28, 71, 'C', 68),
(37, 28, 78, 'B', 68),
(37, 28, 73, 'B', 68),
(37, 28, 76, 'D', 68),
(37, 28, 61, 'B', 68),
(37, 28, 72, 'B', 68),
(37, 28, 89, 'B', 68),
(37, 28, 68, 'B', 68),
(37, 28, 88, 'D', 68),
(37, 28, 84, 'D', 68),
(37, 28, 65, 'C', 68),
(37, 28, 83, 'A', 68),
(37, 28, 64, 'D', 68),
(37, 28, 80, 'A', 68),
(37, 28, 90, 'C', 68),
(37, 28, 79, 'B', 68),
(37, 28, 87, 'A', 68),
(37, 28, 82, 'A', 68),
(37, 28, 69, 'B', 68),
(37, 28, 74, 'D', 68),
(37, 28, 62, 'B', 68),
(37, 28, 67, 'A', 68),
(37, 28, 86, 'B', 68),
(37, 28, 66, 'B', 68),
(37, 28, 81, 'C', 68),
(37, 28, 85, 'A', 68),
(37, 28, 63, 'A', 68),
(37, 28, 77, 'C', 68),
(37, 28, 70, 'B', 68),
(25, 28, 67, 'B', 69),
(25, 28, 86, 'C', 69),
(25, 28, 82, 'A', 69),
(25, 28, 75, 'D', 69),
(25, 28, 88, 'D', 69),
(25, 28, 80, 'B', 69),
(25, 28, 84, 'A', 69),
(25, 28, 70, 'D', 69),
(25, 28, 81, 'D', 69),
(25, 28, 64, 'D', 69),
(25, 28, 78, 'D', 69),
(25, 28, 77, 'C', 69),
(25, 28, 79, 'C', 69),
(25, 28, 73, 'C', 69),
(25, 28, 83, 'A', 69),
(25, 28, 74, 'A', 69),
(25, 28, 85, 'B', 69),
(25, 28, 61, 'D', 69),
(25, 28, 63, 'A', 69),
(25, 28, 68, 'C', 69),
(25, 28, 89, 'D', 69),
(25, 28, 90, 'C', 69),
(25, 28, 87, 'A', 69),
(25, 28, 71, 'B', 69),
(25, 28, 65, 'C', 69),
(25, 28, 69, 'B', 69),
(25, 28, 62, 'A', 69),
(25, 28, 66, 'A', 69),
(25, 28, 72, 'B', 69),
(25, 28, 76, 'D', 69),
(9, 28, 75, 'D', 70),
(9, 28, 90, 'A', 70),
(9, 28, 68, 'C', 70),
(9, 28, 82, 'C', 70),
(9, 28, 88, 'A', 70),
(9, 28, 86, 'D', 70),
(9, 28, 85, 'No Attempt', 70),
(9, 28, 62, 'C', 70),
(9, 28, 78, 'D', 70),
(9, 28, 84, 'A', 70),
(9, 28, 72, 'D', 70),
(9, 28, 83, 'A', 70),
(9, 28, 80, 'B', 70),
(9, 28, 87, 'B', 70),
(9, 28, 69, 'C', 70),
(9, 28, 79, 'D', 70),
(9, 28, 81, 'A', 70),
(9, 28, 63, 'C', 70),
(9, 28, 71, 'B', 70),
(9, 28, 76, 'C', 70),
(9, 28, 74, 'A', 70),
(9, 28, 77, 'C', 70),
(9, 28, 89, 'C', 70),
(9, 28, 70, 'D', 70),
(9, 28, 61, 'B', 70),
(9, 28, 73, 'No Attempt', 70),
(9, 28, 64, 'D', 70),
(9, 28, 65, 'C', 70),
(9, 28, 66, 'A', 70),
(9, 28, 67, 'A', 70),
(2, 28, 64, 'C', 71),
(2, 28, 69, 'B', 71),
(2, 28, 76, 'B', 71),
(2, 28, 79, 'B', 71),
(2, 28, 63, 'B', 71),
(2, 28, 68, 'B', 71),
(2, 28, 82, 'B', 71),
(2, 28, 80, 'B', 71),
(2, 28, 75, 'C', 71),
(2, 28, 84, 'B', 71),
(2, 28, 62, 'A', 71),
(2, 28, 67, 'A', 71),
(2, 28, 85, 'D', 71),
(2, 28, 83, 'A', 71),
(2, 28, 72, 'B', 71),
(2, 28, 90, 'A', 71),
(2, 28, 61, 'B', 71),
(2, 28, 66, 'A', 71),
(2, 28, 89, 'A', 71),
(2, 28, 81, 'No Attempt', 71),
(2, 28, 74, 'No Attempt', 71),
(2, 28, 87, 'B', 71),
(2, 28, 88, 'D', 71),
(2, 28, 65, 'No Attempt', 71),
(2, 28, 71, 'C', 71),
(2, 28, 73, 'D', 71),
(2, 28, 70, 'B', 71),
(2, 28, 77, 'B', 71),
(2, 28, 78, 'D', 71),
(2, 28, 86, 'B', 71),
(28, 28, 62, 'C', 72),
(28, 28, 67, 'D', 72),
(28, 28, 85, 'A', 72),
(28, 28, 64, 'C', 72),
(28, 28, 76, 'D', 72),
(28, 28, 75, 'B', 72),
(28, 28, 68, 'A', 72),
(28, 28, 63, 'D', 72),
(28, 28, 77, 'B', 72),
(28, 28, 61, 'A', 72),
(28, 28, 72, 'A', 72),
(28, 28, 66, 'A', 72),
(28, 28, 89, 'D', 72),
(28, 28, 87, 'A', 72),
(28, 28, 90, 'B', 72),
(28, 28, 70, 'D', 72),
(28, 28, 86, 'B', 72),
(28, 28, 88, 'C', 72),
(28, 28, 84, 'A', 72),
(28, 28, 81, 'A', 72),
(28, 28, 83, 'A', 72),
(28, 28, 79, 'B', 72),
(28, 28, 80, 'A', 72),
(28, 28, 73, 'B', 72),
(28, 28, 69, 'B', 72),
(28, 28, 74, 'C', 72),
(28, 28, 78, 'D', 72),
(28, 28, 82, 'A', 72),
(28, 28, 71, 'B', 72),
(28, 28, 65, 'B', 72),
(16, 28, 66, 'A', 73),
(16, 28, 81, 'A', 73),
(16, 28, 78, 'A', 73),
(16, 28, 70, 'A', 73),
(16, 28, 89, 'B', 73),
(16, 28, 83, 'A', 73),
(16, 28, 85, 'A', 73),
(16, 28, 87, 'A', 73),
(16, 28, 76, 'D', 73),
(16, 28, 69, 'B', 73),
(16, 28, 63, 'A', 73),
(16, 28, 73, 'B', 73),
(16, 28, 90, 'C', 73),
(16, 28, 68, 'B', 73),
(16, 28, 74, 'C', 73),
(16, 28, 67, 'A', 73),
(16, 28, 62, 'B', 73),
(16, 28, 75, 'A', 73),
(16, 28, 77, 'C', 73),
(16, 28, 65, 'C', 73),
(16, 28, 64, 'C', 73),
(16, 28, 82, 'A', 73),
(16, 28, 84, 'B', 73),
(16, 28, 88, 'D', 73),
(16, 28, 86, 'B', 73),
(16, 28, 61, 'B', 73),
(16, 28, 79, 'A', 73),
(16, 28, 71, 'B', 73),
(16, 28, 80, 'B', 73),
(16, 28, 72, 'D', 73),
(40, 28, 74, 'No Attempt', 74),
(40, 28, 68, 'B', 74),
(40, 28, 71, 'B', 74),
(40, 28, 66, 'A', 74),
(40, 28, 88, 'D', 74),
(40, 28, 77, 'B', 74),
(40, 28, 62, 'A', 74),
(40, 28, 85, 'C', 74),
(40, 28, 90, 'C', 74),
(40, 28, 72, 'B', 74),
(40, 28, 64, 'D', 74),
(40, 28, 63, 'C', 74),
(40, 28, 86, 'B', 74),
(40, 28, 82, 'D', 74),
(40, 28, 75, 'D', 74),
(40, 28, 84, 'B', 74),
(40, 28, 83, 'A', 74),
(40, 28, 80, 'B', 74),
(40, 28, 70, 'C', 74),
(40, 28, 81, 'A', 74),
(40, 28, 87, 'A', 74),
(40, 28, 69, 'D', 74),
(40, 28, 76, 'A', 74),
(40, 28, 89, 'B', 74),
(40, 28, 73, 'B', 74),
(40, 28, 67, 'A', 74),
(40, 28, 65, 'C', 74),
(40, 28, 79, 'B', 74),
(40, 28, 78, 'A', 74),
(40, 28, 61, 'A', 74),
(41, 28, 73, 'C', 75),
(41, 28, 70, 'A', 75),
(41, 28, 87, 'B', 75),
(41, 28, 80, 'D', 75),
(41, 28, 85, 'C', 75),
(41, 28, 72, 'C', 75),
(41, 28, 77, 'B', 75),
(41, 28, 62, 'B', 75),
(41, 28, 79, 'B', 75),
(41, 28, 84, 'B', 75),
(41, 28, 67, 'A', 75),
(41, 28, 86, 'B', 75),
(41, 28, 61, 'A', 75),
(41, 28, 64, 'B', 75),
(41, 28, 89, 'A', 75),
(41, 28, 69, 'No Attempt', 75),
(41, 28, 68, 'B', 75),
(41, 28, 66, 'A', 75),
(41, 28, 82, 'D', 75),
(41, 28, 74, 'C', 75),
(41, 28, 83, 'A', 75),
(41, 28, 63, 'A', 75),
(41, 28, 71, 'A', 75),
(41, 28, 76, 'B', 75),
(41, 28, 78, 'C', 75),
(41, 28, 81, 'B', 75),
(41, 28, 65, 'C', 75),
(41, 28, 75, 'B', 75),
(41, 28, 90, 'A', 75),
(41, 28, 88, 'D', 75),
(23, 28, 84, 'A', 76),
(23, 28, 76, 'A', 76),
(23, 28, 77, 'A', 76),
(23, 28, 81, 'A', 76),
(23, 28, 71, 'A', 76),
(23, 28, 80, 'D', 76),
(23, 28, 68, 'D', 76),
(23, 28, 82, 'D', 76),
(23, 28, 72, 'A', 76),
(23, 28, 70, 'B', 76),
(23, 28, 65, 'D', 76),
(23, 28, 87, 'A', 76),
(23, 28, 67, 'B', 76),
(23, 28, 64, 'A', 76),
(23, 28, 78, 'A', 76),
(23, 28, 73, 'B', 76),
(23, 28, 83, 'B', 76),
(23, 28, 85, 'C', 76),
(23, 28, 88, 'B', 76),
(23, 28, 86, 'C', 76),
(23, 28, 63, 'D', 76),
(23, 28, 75, 'D', 76),
(23, 28, 61, 'D', 76),
(23, 28, 66, 'D', 76),
(23, 28, 74, 'B', 76),
(23, 28, 79, 'B', 76),
(23, 28, 89, 'D', 76),
(23, 28, 69, 'B', 76),
(23, 28, 62, 'B', 76),
(23, 28, 90, 'D', 76),
(8, 28, 75, 'D', 77),
(8, 28, 62, 'B', 77),
(8, 28, 64, 'A', 77),
(8, 28, 87, 'C', 77),
(8, 28, 72, 'C', 77),
(8, 28, 82, 'A', 77),
(8, 28, 77, 'C', 77),
(8, 28, 84, 'A', 77),
(8, 28, 76, 'C', 77),
(8, 28, 63, 'B', 77),
(8, 28, 66, 'C', 77),
(8, 28, 78, 'A', 77),
(8, 28, 67, 'C', 77),
(8, 28, 88, 'D', 77),
(8, 28, 80, 'C', 77),
(8, 28, 70, 'C', 77),
(8, 28, 90, 'B', 77),
(8, 28, 85, 'D', 77),
(8, 28, 81, 'A', 77),
(8, 28, 69, 'B', 77),
(8, 28, 83, 'A', 77),
(8, 28, 68, 'A', 77),
(8, 28, 61, 'B', 77),
(8, 28, 71, 'D', 77),
(8, 28, 86, 'B', 77),
(8, 28, 65, 'C', 77),
(8, 28, 89, 'A', 77),
(8, 28, 79, 'B', 77),
(8, 28, 73, 'B', 77),
(8, 28, 74, 'B', 77),
(24, 28, 61, 'D', 78),
(24, 28, 67, 'A', 78),
(24, 28, 73, 'B', 78),
(24, 28, 84, 'B', 78),
(24, 28, 62, 'B', 78),
(24, 28, 74, 'B', 78),
(24, 28, 69, 'C', 78),
(24, 28, 88, 'C', 78),
(24, 28, 83, 'B', 78),
(24, 28, 90, 'D', 78),
(24, 28, 64, 'A', 78),
(24, 28, 66, 'A', 78),
(24, 28, 79, 'B', 78),
(24, 28, 77, 'C', 78),
(24, 28, 81, 'A', 78),
(24, 28, 82, 'A', 78),
(24, 28, 85, 'B', 78),
(24, 28, 89, 'A', 78),
(24, 28, 87, 'A', 78),
(24, 28, 86, 'B', 78),
(24, 28, 65, 'C', 78),
(24, 28, 78, 'D', 78),
(24, 28, 63, 'A', 78),
(24, 28, 72, 'D', 78),
(24, 28, 76, 'D', 78),
(24, 28, 68, 'A', 78),
(24, 28, 75, 'A', 78),
(24, 28, 71, 'D', 78),
(24, 28, 80, 'A', 78),
(24, 28, 70, 'B', 78),
(36, 28, 67, 'A', 79),
(36, 28, 75, 'B', 79),
(36, 28, 78, 'B', 79),
(36, 28, 85, 'A', 79),
(36, 28, 66, 'A', 79),
(36, 28, 63, 'A', 79),
(36, 28, 76, 'D', 79),
(36, 28, 72, 'B', 79),
(36, 28, 70, 'A', 79),
(36, 28, 90, 'A', 79),
(36, 28, 82, 'A', 79),
(36, 28, 89, 'A', 79),
(36, 28, 71, 'B', 79),
(36, 28, 84, 'A', 79),
(36, 28, 62, 'A', 79),
(36, 28, 88, 'A', 79),
(36, 28, 86, 'B', 79),
(36, 28, 68, 'A', 79),
(36, 28, 81, 'A', 79),
(36, 28, 69, 'B', 79),
(36, 28, 65, 'C', 79),
(36, 28, 83, 'A', 79),
(36, 28, 64, 'A', 79),
(36, 28, 61, 'D', 79),
(36, 28, 80, 'A', 79),
(36, 28, 79, 'B', 79),
(36, 28, 73, 'B', 79),
(36, 28, 77, 'C', 79),
(36, 28, 74, 'B', 79),
(36, 28, 87, 'A', 79),
(46, 28, 87, 'C', 80),
(46, 28, 61, 'A', 80),
(46, 28, 85, 'C', 80),
(46, 28, 71, 'C', 80),
(46, 28, 74, 'C', 80),
(46, 28, 76, 'D', 80),
(46, 28, 86, 'B', 80),
(46, 28, 65, 'C', 80),
(46, 28, 79, 'C', 80),
(46, 28, 66, 'A', 80),
(46, 28, 84, 'C', 80),
(46, 28, 89, 'D', 80),
(46, 28, 64, 'A', 80),
(46, 28, 82, 'C', 80),
(46, 28, 88, 'A', 80),
(46, 28, 62, 'A', 80),
(46, 28, 83, 'B', 80),
(46, 28, 90, 'B', 80),
(46, 28, 73, 'C', 80),
(46, 28, 77, 'B', 80),
(46, 28, 63, 'B', 80),
(46, 28, 78, 'C', 80),
(46, 28, 69, 'A', 80),
(46, 28, 75, 'D', 80),
(46, 28, 67, 'D', 80),
(46, 28, 68, 'B', 80),
(46, 28, 70, 'D', 80),
(46, 28, 80, 'B', 80),
(46, 28, 72, 'D', 80),
(46, 28, 81, 'A', 80),
(18, 28, 62, 'B', 81),
(18, 28, 68, 'A', 81),
(18, 28, 71, 'A', 81),
(18, 28, 79, 'D', 81),
(18, 28, 87, 'A', 81),
(18, 28, 75, 'A', 81),
(18, 28, 83, 'A', 81),
(18, 28, 77, 'B', 81),
(18, 28, 84, 'B', 81),
(18, 28, 73, 'B', 81),
(18, 28, 80, 'A', 81),
(18, 28, 89, 'D', 81),
(18, 28, 74, 'B', 81),
(18, 28, 61, 'A', 81),
(18, 28, 85, 'C', 81),
(18, 28, 88, 'D', 81),
(18, 28, 66, 'A', 81),
(18, 28, 82, 'A', 81),
(18, 28, 90, 'D', 81),
(18, 28, 86, 'B', 81),
(18, 28, 67, 'D', 81),
(18, 28, 78, 'C', 81),
(18, 28, 76, 'No Attempt', 81),
(18, 28, 64, 'D', 81),
(18, 28, 70, 'B', 81),
(18, 28, 81, 'A', 81),
(18, 28, 72, 'B', 81),
(18, 28, 63, 'C', 81),
(18, 28, 65, 'B', 81),
(18, 28, 69, 'B', 81),
(20, 28, 79, 'B', 82),
(20, 28, 83, 'A', 82),
(20, 28, 84, 'C', 82),
(20, 28, 64, 'C', 82),
(20, 28, 63, 'A', 82),
(20, 28, 88, 'D', 82),
(20, 28, 65, 'B', 82),
(20, 28, 85, 'A', 82),
(20, 28, 67, 'A', 82),
(20, 28, 62, 'A', 82),
(20, 28, 73, 'C', 82),
(20, 28, 76, 'D', 82),
(20, 28, 66, 'A', 82),
(20, 28, 69, 'A', 82),
(20, 28, 70, 'C', 82),
(20, 28, 78, 'A', 82),
(20, 28, 86, 'B', 82),
(20, 28, 72, 'B', 82),
(20, 28, 81, 'A', 82),
(20, 28, 61, 'A', 82),
(20, 28, 77, 'B', 82),
(20, 28, 71, 'A', 82),
(20, 28, 82, 'D', 82),
(20, 28, 74, 'C', 82),
(20, 28, 68, 'B', 82),
(20, 28, 89, 'C', 82),
(20, 28, 75, 'D', 82),
(20, 28, 87, 'A', 82),
(20, 28, 80, 'D', 82),
(20, 28, 90, 'B', 82),
(55, 28, 82, 'No Attempt', 83),
(55, 28, 71, 'C', 83),
(55, 28, 84, 'A', 83),
(55, 28, 70, '', 83),
(55, 28, 67, 'D', 83),
(55, 28, 65, 'A', 83),
(55, 28, 72, 'A', 83),
(55, 28, 68, 'B', 83),
(55, 28, 87, 'B', 83),
(55, 28, 62, 'C', 83),
(55, 28, 79, 'B', 83),
(55, 28, 77, 'A', 83),
(55, 28, 89, 'D', 83),
(55, 28, 80, 'No Attempt', 83),
(55, 28, 81, 'A', 83),
(55, 28, 61, 'A', 83),
(55, 28, 86, 'B', 83),
(55, 28, 66, 'C', 83),
(55, 28, 69, 'C', 83),
(55, 28, 74, 'B', 83),
(55, 28, 90, 'A', 83),
(55, 28, 73, 'C', 83),
(55, 28, 88, 'D', 83),
(55, 28, 83, 'D', 83),
(55, 28, 78, 'C', 83),
(55, 28, 85, 'A', 83),
(55, 28, 64, 'A', 83),
(55, 28, 76, 'D', 83),
(55, 28, 75, 'B', 83),
(55, 28, 63, 'A', 83),
(6, 28, 72, 'B', 84),
(6, 28, 66, 'A', 84),
(6, 28, 71, 'D', 84),
(6, 28, 68, 'B', 84),
(6, 28, 70, 'B', 84),
(6, 28, 76, 'D', 84),
(6, 28, 83, 'A', 84),
(6, 28, 88, 'D', 84),
(6, 28, 85, 'A', 84),
(6, 28, 75, 'D', 84),
(6, 28, 77, 'C', 84),
(6, 28, 86, 'B', 84),
(6, 28, 80, 'D', 84),
(6, 28, 82, 'C', 84),
(6, 28, 61, 'B', 84),
(6, 28, 90, 'C', 84),
(6, 28, 64, 'D', 84),
(6, 28, 65, 'C', 84),
(6, 28, 89, 'B', 84),
(6, 28, 79, 'B', 84),
(6, 28, 74, 'A', 84),
(6, 28, 73, 'D', 84),
(6, 28, 62, 'A', 84),
(6, 28, 87, 'A', 84),
(6, 28, 67, 'A', 84),
(6, 28, 81, 'A', 84),
(6, 28, 69, 'B', 84),
(6, 28, 78, 'D', 84),
(6, 28, 84, 'B', 84),
(6, 28, 63, 'A', 84),
(19, 28, 87, 'D', 85),
(19, 28, 65, 'B', 85),
(19, 28, 70, 'D', 85),
(19, 28, 73, 'D', 85),
(19, 28, 71, 'C', 85),
(19, 28, 84, 'B', 85),
(19, 28, 83, 'D', 85),
(19, 28, 81, 'A', 85),
(19, 28, 88, 'A', 85),
(19, 28, 90, 'B', 85),
(19, 28, 67, 'A', 85),
(19, 28, 76, 'D', 85),
(19, 28, 66, 'B', 85),
(19, 28, 85, 'No Attempt', 85),
(19, 28, 75, 'C', 85),
(19, 28, 72, 'C', 85),
(19, 28, 78, 'A', 85),
(19, 28, 77, 'C', 85),
(19, 28, 68, 'D', 85),
(19, 28, 80, 'D', 85),
(19, 28, 69, 'B', 85),
(19, 28, 82, 'C', 85),
(19, 28, 64, 'A', 85),
(19, 28, 62, 'B', 85),
(19, 28, 74, 'A', 85),
(19, 28, 63, 'C', 85),
(19, 28, 79, 'B', 85),
(19, 28, 61, 'A', 85),
(19, 28, 89, 'C', 85),
(19, 28, 86, 'B', 85),
(5, 28, 83, 'B', 86),
(5, 28, 65, 'D', 86),
(5, 28, 72, 'D', 86),
(5, 28, 75, 'B', 86),
(5, 28, 86, 'B', 86),
(5, 28, 62, 'A', 86),
(5, 28, 67, 'A', 86),
(5, 28, 66, 'A', 86),
(5, 28, 68, 'C', 86),
(5, 28, 64, 'B', 86),
(5, 28, 79, 'B', 86),
(5, 28, 61, 'B', 86),
(5, 28, 84, 'B', 86),
(5, 28, 76, 'A', 86),
(5, 28, 88, 'D', 86),
(5, 28, 81, 'No Attempt', 86),
(5, 28, 63, 'B', 86),
(5, 28, 74, 'D', 86),
(5, 28, 89, 'B', 86),
(5, 28, 70, 'C', 86),
(5, 28, 73, 'B', 86),
(5, 28, 77, 'No Attempt', 86),
(5, 28, 71, 'D', 86),
(5, 28, 85, 'A', 86),
(5, 28, 80, 'No Attempt', 86),
(5, 28, 82, 'C', 86),
(5, 28, 69, 'D', 86),
(5, 28, 87, 'A', 86),
(5, 28, 90, 'B', 86),
(5, 28, 78, 'B', 86),
(49, 28, 71, 'A', 87),
(49, 28, 80, 'A', 87),
(49, 28, 73, 'No Attempt', 87),
(49, 28, 68, 'A', 87),
(49, 28, 75, 'B', 87),
(49, 28, 77, 'C', 87),
(49, 28, 78, 'D', 87),
(49, 28, 72, 'A', 87),
(49, 28, 69, 'B', 87),
(49, 28, 63, 'B', 87),
(49, 28, 84, 'A', 87),
(49, 28, 79, 'C', 87),
(49, 28, 64, 'A', 87),
(49, 28, 90, 'A', 87),
(49, 28, 81, 'A', 87),
(49, 28, 87, 'A', 87),
(49, 28, 88, 'C', 87),
(49, 28, 66, 'A', 87),
(49, 28, 76, 'C', 87),
(49, 28, 83, 'A', 87),
(49, 28, 61, 'D', 87),
(49, 28, 62, 'B', 87),
(49, 28, 74, 'D', 87),
(49, 28, 67, 'A', 87),
(49, 28, 82, 'A', 87),
(49, 28, 85, 'C', 87),
(49, 28, 65, 'D', 87),
(49, 28, 86, 'B', 87),
(49, 28, 70, 'C', 87),
(49, 28, 89, 'D', 87),
(17, 28, 81, 'D', 88),
(17, 28, 88, 'D', 88),
(17, 28, 70, 'No Attempt', 88),
(17, 28, 74, 'B', 88),
(17, 28, 78, 'No Attempt', 88),
(17, 28, 61, 'B', 88),
(17, 28, 75, 'B', 88),
(17, 28, 87, 'A', 88),
(17, 28, 66, 'B', 88),
(17, 28, 77, 'D', 88),
(17, 28, 65, 'C', 88),
(17, 28, 82, 'A', 88),
(17, 28, 67, 'A', 88),
(17, 28, 90, 'C', 88),
(17, 28, 84, 'B', 88),
(17, 28, 79, 'B', 88),
(17, 28, 62, 'C', 88),
(17, 28, 73, 'B', 88),
(17, 28, 89, 'D', 88),
(17, 28, 86, 'B', 88),
(17, 28, 68, 'No Attempt', 88),
(17, 28, 76, 'D', 88),
(17, 28, 85, 'B', 88),
(17, 28, 64, 'A', 88),
(17, 28, 63, 'A', 88),
(17, 28, 71, 'B', 88),
(17, 28, 80, 'D', 88),
(17, 28, 72, 'D', 88),
(17, 28, 69, 'D', 88),
(17, 28, 83, 'A', 88),
(11, 28, 63, 'D', 89),
(11, 28, 66, 'D', 89),
(11, 28, 62, 'D', 89),
(11, 28, 65, 'D', 89),
(11, 28, 84, 'D', 89),
(11, 28, 73, 'C', 89),
(11, 28, 87, 'D', 89),
(11, 28, 88, 'C', 89),
(11, 28, 86, 'C', 89),
(11, 28, 82, 'C', 89),
(11, 28, 77, 'C', 89),
(11, 28, 69, 'B', 89),
(11, 28, 78, 'C', 89),
(11, 28, 89, 'D', 89),
(11, 28, 70, 'C', 89),
(11, 28, 79, 'C', 89),
(11, 28, 81, 'B', 89),
(11, 28, 83, 'B', 89),
(11, 28, 72, 'B', 89),
(11, 28, 71, 'A', 89),
(11, 28, 90, 'B', 89),
(11, 28, 61, 'A', 89),
(11, 28, 67, 'A', 89),
(11, 28, 80, 'A', 89),
(11, 28, 64, 'A', 89),
(11, 28, 74, 'D', 89),
(11, 28, 85, 'A', 89),
(11, 28, 75, 'A', 89),
(11, 28, 68, 'B', 89),
(11, 28, 76, 'A', 89),
(32, 28, 61, 'B', 90),
(32, 28, 71, 'A', 90),
(32, 28, 62, 'C', 90),
(32, 28, 88, 'A', 90),
(32, 28, 76, 'D', 90),
(32, 28, 67, 'D', 90),
(32, 28, 68, 'A', 90),
(32, 28, 79, 'B', 90),
(32, 28, 84, 'B', 90),
(32, 28, 83, 'A', 90),
(32, 28, 64, 'D', 90),
(32, 28, 90, 'A', 90),
(32, 28, 70, 'B', 90),
(32, 28, 63, 'A', 90),
(32, 28, 89, 'D', 90),
(32, 28, 65, 'C', 90),
(32, 28, 66, 'A', 90),
(32, 28, 77, 'B', 90),
(32, 28, 87, 'B', 90),
(32, 28, 81, 'B', 90),
(32, 28, 75, 'B', 90),
(32, 28, 85, 'B', 90),
(32, 28, 72, 'B', 90),
(32, 28, 86, 'B', 90),
(32, 28, 73, 'C', 90),
(32, 28, 78, 'A', 90),
(32, 28, 74, 'D', 90),
(32, 28, 69, 'B', 90),
(32, 28, 80, 'No Attempt', 90),
(32, 28, 82, 'A', 90),
(29, 28, 76, 'C', 91),
(29, 28, 79, 'B', 91),
(29, 28, 82, 'D', 91),
(29, 28, 66, 'A', 91),
(29, 28, 74, 'C', 91),
(29, 28, 86, 'B', 91),
(29, 28, 63, 'A', 91),
(29, 28, 69, 'B', 91),
(29, 28, 68, 'C', 91),
(29, 28, 72, 'C', 91),
(29, 28, 75, 'A', 91),
(29, 28, 71, 'B', 91),
(29, 28, 67, 'A', 91),
(29, 28, 83, 'A', 91),
(29, 28, 84, 'B', 91),
(29, 28, 65, 'B', 91),
(29, 28, 73, 'D', 91),
(29, 28, 70, 'D', 91),
(29, 28, 77, 'C', 91),
(29, 28, 90, 'A', 91),
(29, 28, 64, 'D', 91),
(29, 28, 85, 'B', 91),
(29, 28, 87, 'C', 91),
(29, 28, 80, 'C', 91),
(29, 28, 61, 'B', 91),
(29, 28, 88, 'D', 91),
(29, 28, 78, 'D', 91),
(29, 28, 89, 'D', 91),
(29, 28, 81, 'A', 91),
(29, 28, 62, 'A', 91),
(48, 28, 74, 'D', 92),
(48, 28, 62, 'C', 92),
(48, 28, 87, 'B', 92),
(48, 28, 80, 'B', 92),
(48, 28, 75, 'D', 92),
(48, 28, 61, 'C', 92),
(48, 28, 83, 'C', 92),
(48, 28, 69, 'B', 92),
(48, 28, 72, 'B', 92),
(48, 28, 84, 'B', 92),
(48, 28, 82, 'B', 92),
(48, 28, 77, 'A', 92),
(48, 28, 81, 'A', 92),
(48, 28, 88, 'A', 92),
(48, 28, 86, 'B', 92),
(48, 28, 71, 'C', 92),
(48, 28, 78, 'A', 92),
(48, 28, 79, 'C', 92),
(48, 28, 89, 'A', 92),
(48, 28, 90, 'A', 92),
(48, 28, 70, 'C', 92),
(48, 28, 85, 'B', 92),
(48, 28, 64, 'D', 92),
(48, 28, 63, 'A', 92),
(48, 28, 68, 'B', 92),
(48, 28, 73, 'B', 92),
(48, 28, 67, 'A', 92),
(48, 28, 76, 'A', 92),
(48, 28, 66, 'C', 92),
(48, 28, 65, 'C', 92),
(39, 28, 83, 'C', 93),
(39, 28, 72, 'B', 93),
(39, 28, 74, 'C', 93),
(39, 28, 79, 'B', 93),
(39, 28, 76, 'A', 93),
(39, 28, 65, 'A', 93),
(39, 28, 81, 'B', 93),
(39, 28, 67, 'B', 93),
(39, 28, 62, 'C', 93),
(39, 28, 63, 'B', 93),
(39, 28, 73, 'A', 93),
(39, 28, 88, 'D', 93),
(39, 28, 86, 'B', 93),
(39, 28, 78, 'B', 93),
(39, 28, 71, 'A', 93),
(39, 28, 68, 'C', 93),
(39, 28, 80, 'B', 93),
(39, 28, 77, 'D', 93),
(39, 28, 82, 'A', 93),
(39, 28, 89, 'B', 93),
(39, 28, 64, 'C', 93),
(39, 28, 69, 'A', 93),
(39, 28, 87, 'B', 93),
(39, 28, 70, 'D', 93),
(39, 28, 75, 'A', 93),
(39, 28, 61, 'D', 93),
(39, 28, 84, 'B', 93),
(39, 28, 66, 'C', 93),
(39, 28, 85, 'A', 93),
(39, 28, 90, 'B', 93),
(30, 28, 85, 'A', 94),
(30, 28, 67, 'A', 94),
(30, 28, 74, 'C', 94),
(30, 28, 62, 'C', 94),
(30, 28, 79, 'B', 94),
(30, 28, 82, 'A', 94),
(30, 28, 90, 'C', 94),
(30, 28, 77, 'C', 94),
(30, 28, 73, 'C', 94),
(30, 28, 66, 'A', 94),
(30, 28, 64, 'C', 94),
(30, 28, 70, 'D', 94),
(30, 28, 80, 'B', 94),
(30, 28, 89, 'D', 94),
(30, 28, 68, 'D', 94),
(30, 28, 81, 'A', 94),
(30, 28, 87, 'A', 94),
(30, 28, 88, 'B', 94),
(30, 28, 75, 'B', 94),
(30, 28, 83, 'A', 94),
(30, 28, 86, 'B', 94),
(30, 28, 78, 'D', 94),
(30, 28, 84, 'B', 94),
(30, 28, 76, 'A', 94),
(30, 28, 72, 'D', 94),
(30, 28, 65, 'C', 94),
(30, 28, 61, 'B', 94),
(30, 28, 69, 'B', 94),
(30, 28, 63, 'A', 94),
(30, 28, 71, 'D', 94),
(27, 28, 88, 'D', 95),
(27, 28, 75, 'B', 95),
(27, 28, 70, 'A', 95),
(27, 28, 79, 'B', 95),
(27, 28, 63, 'A', 95),
(27, 28, 85, 'A', 95),
(27, 28, 86, 'B', 95),
(27, 28, 90, 'B', 95),
(27, 28, 72, 'B', 95),
(27, 28, 73, 'B', 95),
(27, 28, 82, 'C', 95),
(27, 28, 81, 'C', 95),
(27, 28, 84, 'B', 95),
(27, 28, 68, 'C', 95),
(27, 28, 71, 'A', 95),
(27, 28, 78, 'A', 95),
(27, 28, 76, 'D', 95),
(27, 28, 62, 'A', 95),
(27, 28, 87, 'A', 95),
(27, 28, 83, 'A', 95),
(27, 28, 67, 'A', 95),
(27, 28, 74, 'B', 95),
(27, 28, 64, 'D', 95),
(27, 28, 77, 'C', 95),
(27, 28, 89, 'B', 95),
(27, 28, 65, 'C', 95),
(27, 28, 69, 'B', 95),
(27, 28, 66, 'A', 95),
(27, 28, 61, 'B', 95),
(27, 28, 80, 'D', 95),
(42, 28, 78, 'A', 96),
(42, 28, 71, 'D', 96),
(42, 28, 65, 'C', 96),
(42, 28, 77, 'C', 96),
(42, 28, 69, 'B', 96),
(42, 28, 83, 'A', 96),
(42, 28, 66, 'A', 96),
(42, 28, 84, 'B', 96),
(42, 28, 86, 'B', 96),
(42, 28, 79, 'C', 96),
(42, 28, 82, 'A', 96),
(42, 28, 74, 'C', 96),
(42, 28, 90, 'A', 96),
(42, 28, 81, 'C', 96),
(42, 28, 63, 'A', 96),
(42, 28, 62, 'A', 96),
(42, 28, 70, 'D', 96),
(42, 28, 85, 'A', 96),
(42, 28, 61, 'B', 96),
(42, 28, 80, 'D', 96),
(42, 28, 76, 'C', 96),
(42, 28, 67, 'C', 96),
(42, 28, 87, 'B', 96),
(42, 28, 73, 'B', 96),
(42, 28, 89, 'A', 96),
(42, 28, 75, 'B', 96),
(42, 28, 88, 'D', 96),
(42, 28, 72, 'D', 96),
(42, 28, 68, 'C', 96),
(42, 28, 64, 'D', 96),
(34, 28, 85, 'A', 97),
(34, 28, 61, 'A', 97),
(34, 28, 65, 'C', 97),
(34, 28, 90, 'A', 97),
(34, 28, 73, 'B', 97),
(34, 28, 63, 'D', 97),
(34, 28, 69, 'C', 97),
(34, 28, 82, 'B', 97),
(34, 28, 76, 'B', 97),
(34, 28, 89, 'D', 97),
(34, 28, 67, 'D', 97),
(34, 28, 75, 'C', 97),
(34, 28, 68, 'B', 97),
(34, 28, 86, 'B', 97),
(34, 28, 84, 'C', 97),
(34, 28, 62, 'C', 97),
(34, 28, 72, 'B', 97),
(34, 28, 66, 'C', 97),
(34, 28, 80, 'D', 97),
(34, 28, 81, 'D', 97),
(34, 28, 74, 'B', 97),
(34, 28, 87, 'A', 97),
(34, 28, 88, 'D', 97),
(34, 28, 64, 'D', 97),
(34, 28, 77, 'C', 97),
(34, 28, 79, 'B', 97),
(34, 28, 78, 'D', 97),
(34, 28, 71, 'B', 97),
(34, 28, 83, 'A', 97),
(34, 28, 70, 'C', 97),
(52, 28, 61, 'C', 98),
(52, 28, 89, 'D', 98),
(52, 28, 66, 'A', 98),
(52, 28, 79, 'B', 98),
(52, 28, 85, 'B', 98),
(52, 28, 88, 'D', 98),
(52, 28, 67, 'B', 98),
(52, 28, 81, 'A', 98),
(52, 28, 87, 'B', 98),
(52, 28, 63, 'D', 98),
(52, 28, 76, 'C', 98),
(52, 28, 82, 'B', 98),
(52, 28, 86, 'B', 98),
(52, 28, 65, 'B', 98),
(52, 28, 74, 'D', 98),
(52, 28, 71, 'C', 98),
(52, 28, 70, 'A', 98),
(52, 28, 75, 'B', 98),
(52, 28, 78, 'C', 98),
(52, 28, 72, 'D', 98),
(52, 28, 64, 'D', 98),
(52, 28, 68, 'A', 98),
(52, 28, 69, 'D', 98),
(52, 28, 90, 'C', 98),
(52, 28, 84, 'B', 98),
(52, 28, 73, 'B', 98),
(52, 28, 62, 'A', 98),
(52, 28, 77, 'D', 98),
(52, 28, 80, 'C', 98),
(52, 28, 83, 'A', 98),
(35, 28, 69, '', 99),
(35, 28, 86, 'B', 99),
(35, 28, 83, '', 99),
(35, 28, 70, '', 99),
(35, 28, 82, 'A', 99),
(35, 28, 84, '', 99),
(35, 28, 88, 'D', 99),
(35, 28, 72, '', 99),
(35, 28, 81, '', 99),
(35, 28, 89, '', 99),
(35, 28, 75, '', 99),
(35, 28, 80, '', 99),
(35, 28, 85, 'No Attempt', 99),
(35, 28, 78, '', 99),
(35, 28, 74, 'C', 99),
(35, 28, 62, 'B', 99),
(35, 28, 68, 'D', 99),
(35, 28, 61, 'A', 99),
(35, 28, 90, 'B', 99),
(35, 28, 67, 'A', 99),
(35, 28, 71, 'No Attempt', 99),
(35, 28, 65, 'C', 99),
(35, 28, 76, 'D', 99),
(35, 28, 79, 'B', 99),
(35, 28, 73, 'B', 99),
(35, 28, 87, 'A', 99),
(35, 28, 64, 'D', 99),
(35, 28, 63, 'A', 99),
(35, 28, 77, 'C', 99),
(35, 28, 66, 'A', 99),
(15, 28, 65, 'C', 111),
(15, 28, 89, 'B', 111),
(15, 28, 83, 'A', 111),
(15, 28, 77, 'C', 111),
(15, 28, 90, 'D', 111),
(15, 28, 70, 'B', 111),
(15, 28, 66, 'A', 111),
(15, 28, 73, 'B', 111),
(15, 28, 80, 'A', 111),
(15, 28, 64, 'C', 111),
(15, 28, 87, 'A', 111),
(15, 28, 69, 'B', 111),
(15, 28, 61, 'B', 111),
(15, 28, 84, 'B', 111),
(15, 28, 88, 'D', 111),
(15, 28, 79, 'A', 111),
(15, 28, 75, 'B', 111),
(15, 28, 76, 'D', 111),
(15, 28, 74, 'C', 111),
(15, 28, 71, 'B', 111),
(15, 28, 67, 'A', 111),
(15, 28, 86, 'B', 111),
(15, 28, 85, 'A', 111),
(15, 28, 72, 'D', 111),
(15, 28, 63, 'A', 111),
(15, 28, 68, 'B', 111),
(15, 28, 81, 'A', 111),
(15, 28, 78, 'A', 111),
(15, 28, 82, 'A', 111),
(15, 28, 62, 'B', 111),
(27, 29, 115, 'C', 122),
(27, 29, 97, 'B', 122),
(27, 29, 96, 'D', 122),
(27, 29, 107, 'A', 122),
(27, 29, 92, 'A', 122),
(27, 29, 95, 'D', 122),
(27, 29, 118, 'A', 122),
(27, 29, 98, 'C', 122),
(27, 29, 117, 'A', 122),
(27, 29, 112, 'A', 122),
(27, 29, 119, 'B', 122),
(27, 29, 94, 'B', 122),
(27, 29, 116, 'A', 122),
(27, 29, 93, 'A', 122),
(27, 29, 108, 'B', 122),
(27, 29, 113, 'C', 122),
(27, 29, 103, 'B', 122),
(27, 29, 121, 'C', 122),
(27, 29, 111, 'B', 122),
(27, 29, 101, 'D', 122),
(27, 29, 120, 'B', 122),
(27, 29, 99, 'B', 122),
(27, 29, 114, 'A', 122),
(27, 29, 100, 'D', 122),
(27, 29, 106, 'D', 122),
(27, 29, 110, 'A', 122),
(27, 29, 109, 'B', 122),
(27, 29, 102, 'D', 122),
(27, 29, 104, 'A', 122),
(27, 29, 105, 'C', 122),
(23, 29, 121, 'No Attempt', 123),
(23, 29, 100, 'D', 123),
(23, 29, 120, 'B', 123),
(23, 29, 101, 'D', 123),
(23, 29, 96, 'A', 123),
(23, 29, 92, 'A', 123),
(23, 29, 108, 'B', 123),
(23, 29, 98, 'B', 123),
(23, 29, 93, 'C', 123),
(23, 29, 97, 'A', 123),
(23, 29, 118, 'A', 123),
(23, 29, 110, 'A', 123),
(23, 29, 99, 'A', 123),
(23, 29, 102, 'D', 123),
(23, 29, 119, 'B', 123),
(23, 29, 117, 'B', 123),
(23, 29, 112, 'A', 123),
(23, 29, 103, 'B', 123),
(23, 29, 109, 'A', 123),
(23, 29, 114, 'A', 123),
(23, 29, 106, 'D', 123),
(23, 29, 115, 'C', 123),
(23, 29, 95, 'A', 123),
(23, 29, 113, 'B', 123),
(23, 29, 107, 'D', 123),
(23, 29, 111, 'B', 123),
(23, 29, 105, 'B', 123),
(23, 29, 104, 'D', 123),
(23, 29, 94, 'B', 123),
(23, 29, 116, 'A', 123),
(47, 29, 120, 'D', 124),
(47, 29, 102, 'No Attempt', 124),
(47, 29, 98, 'C', 124),
(47, 29, 119, 'B', 124),
(47, 29, 104, 'A', 124),
(47, 29, 108, 'A', 124),
(47, 29, 118, 'C', 124),
(47, 29, 95, 'B', 124),
(47, 29, 100, 'D', 124),
(47, 29, 99, 'D', 124),
(47, 29, 110, 'A', 124),
(47, 29, 97, 'A', 124),
(47, 29, 109, 'A', 124),
(47, 29, 93, 'A', 124),
(47, 29, 112, 'A', 124),
(47, 29, 103, 'A', 124),
(47, 29, 111, 'A', 124),
(47, 29, 101, 'A', 124),
(47, 29, 121, 'B', 124),
(47, 29, 114, 'B', 124),
(47, 29, 96, 'D', 124),
(47, 29, 105, 'B', 124),
(47, 29, 117, 'B', 124),
(47, 29, 92, 'A', 124),
(47, 29, 115, 'C', 124),
(47, 29, 116, 'A', 124),
(47, 29, 113, 'A', 124),
(47, 29, 106, 'D', 124),
(47, 29, 94, 'B', 124),
(47, 29, 107, 'A', 124),
(54, 29, 110, 'No Attempt', 125),
(54, 29, 116, 'A', 125),
(54, 29, 114, 'A', 125),
(54, 29, 102, 'D', 125),
(54, 29, 113, 'B', 125),
(54, 29, 93, 'A', 125),
(54, 29, 100, 'D', 125),
(54, 29, 105, 'B', 125),
(54, 29, 94, 'A', 125),
(54, 29, 98, 'C', 125),
(54, 29, 112, 'A', 125),
(54, 29, 107, 'B', 125),
(54, 29, 120, 'B', 125),
(54, 29, 106, 'B', 125),
(54, 29, 111, 'D', 125),
(54, 29, 109, 'B', 125),
(54, 29, 96, 'D', 125),
(54, 29, 108, 'B', 125),
(54, 29, 121, 'C', 125),
(54, 29, 97, 'A', 125),
(54, 29, 104, 'A', 125),
(54, 29, 103, 'B', 125),
(54, 29, 92, 'A', 125),
(54, 29, 95, 'No Attempt', 125),
(54, 29, 119, 'B', 125),
(54, 29, 101, 'A', 125),
(54, 29, 117, 'A', 125),
(54, 29, 99, 'B', 125),
(54, 29, 118, 'C', 125),
(54, 29, 115, 'C', 125),
(38, 29, 96, 'D', 126),
(38, 29, 94, 'B', 126),
(38, 29, 98, 'C', 126),
(38, 29, 100, 'D', 126),
(38, 29, 97, 'B', 126),
(38, 29, 108, 'B', 126),
(38, 29, 112, 'A', 126),
(38, 29, 107, 'A', 126),
(38, 29, 102, 'D', 126),
(38, 29, 120, 'B', 126),
(38, 29, 110, 'D', 126),
(38, 29, 106, 'D', 126),
(38, 29, 119, 'C', 126),
(38, 29, 92, 'A', 126),
(38, 29, 115, 'C', 126),
(38, 29, 109, 'B', 126),
(38, 29, 121, 'C', 126),
(38, 29, 117, 'A', 126),
(38, 29, 111, 'B', 126),
(38, 29, 101, 'D', 126),
(38, 29, 116, 'A', 126),
(38, 29, 118, 'A', 126),
(38, 29, 95, 'D', 126),
(38, 29, 99, 'B', 126),
(38, 29, 114, 'A', 126),
(38, 29, 93, 'A', 126),
(38, 29, 105, 'C', 126),
(38, 29, 113, 'A', 126),
(38, 29, 104, 'B', 126),
(38, 29, 103, 'B', 126),
(35, 29, 108, 'D', 127),
(35, 29, 102, 'No Attempt', 127),
(35, 29, 111, 'D', 127),
(35, 29, 114, 'A', 127),
(35, 29, 101, 'D', 127),
(35, 29, 117, 'A', 127),
(35, 29, 109, 'C', 127),
(35, 29, 98, 'C', 127),
(35, 29, 100, 'D', 127),
(35, 29, 106, 'D', 127),
(35, 29, 92, 'A', 127),
(35, 29, 96, 'D', 127),
(35, 29, 116, 'A', 127),
(35, 29, 105, 'C', 127),
(35, 29, 94, 'B', 127),
(35, 29, 119, 'B', 127),
(35, 29, 112, 'A', 127),
(35, 29, 113, 'A', 127),
(35, 29, 118, 'C', 127),
(35, 29, 121, 'A', 127),
(35, 29, 97, 'B', 127),
(35, 29, 95, 'D', 127),
(35, 29, 103, 'B', 127),
(35, 29, 120, 'B', 127),
(35, 29, 93, 'A', 127),
(35, 29, 110, 'D', 127),
(35, 29, 107, 'B', 127),
(35, 29, 115, 'C', 127),
(35, 29, 99, 'C', 127),
(35, 29, 104, 'A', 127),
(12, 29, 119, 'A', 128),
(12, 29, 108, 'B', 128),
(12, 29, 111, 'B', 128),
(12, 29, 97, 'B', 128),
(12, 29, 109, 'D', 128),
(12, 29, 115, 'C', 128),
(12, 29, 116, 'A', 128),
(12, 29, 99, 'A', 128),
(12, 29, 113, 'A', 128),
(12, 29, 93, 'B', 128),
(12, 29, 120, 'D', 128),
(12, 29, 92, 'C', 128),
(12, 29, 101, 'A', 128),
(12, 29, 105, 'B', 128),
(12, 29, 117, 'A', 128),
(12, 29, 98, 'C', 128),
(12, 29, 104, 'A', 128),
(12, 29, 114, 'A', 128),
(12, 29, 96, 'D', 128),
(12, 29, 107, 'A', 128),
(12, 29, 112, 'A', 128),
(12, 29, 94, 'A', 128),
(12, 29, 95, 'No Attempt', 128),
(12, 29, 103, 'B', 128),
(12, 29, 102, 'C', 128),
(12, 29, 106, 'A', 128),
(12, 29, 100, 'D', 128),
(12, 29, 118, 'A', 128),
(12, 29, 110, 'A', 128),
(12, 29, 121, 'No Attempt', 128),
(13, 29, 103, 'B', 129),
(13, 29, 95, 'No Attempt', 129),
(13, 29, 121, 'No Attempt', 129),
(13, 29, 104, 'B', 129),
(13, 29, 114, 'B', 129),
(13, 29, 92, 'A', 129),
(13, 29, 96, 'A', 129),
(13, 29, 97, 'B', 129),
(13, 29, 99, 'A', 129),
(13, 29, 105, 'B', 129),
(13, 29, 110, 'A', 129),
(13, 29, 117, 'A', 129),
(13, 29, 94, 'C', 129),
(13, 29, 115, 'C', 129),
(13, 29, 106, 'D', 129),
(13, 29, 101, 'No Attempt', 129),
(13, 29, 98, 'No Attempt', 129),
(13, 29, 111, 'C', 129),
(13, 29, 93, 'B', 129),
(13, 29, 113, 'D', 129),
(13, 29, 120, 'C', 129),
(13, 29, 118, 'A', 129),
(13, 29, 116, 'A', 129),
(13, 29, 112, 'A', 129),
(13, 29, 100, 'D', 129),
(13, 29, 119, 'A', 129),
(13, 29, 108, 'D', 129),
(13, 29, 107, 'C', 129),
(13, 29, 109, 'D', 129),
(13, 29, 102, 'C', 129),
(5, 29, 97, 'B', 130),
(5, 29, 109, 'B', 130),
(5, 29, 118, 'B', 130),
(5, 29, 99, 'No Attempt', 130),
(5, 29, 110, 'B', 130),
(5, 29, 96, 'A', 130),
(5, 29, 104, 'D', 130),
(5, 29, 103, 'B', 130),
(5, 29, 113, 'A', 130),
(5, 29, 121, 'B', 130),
(5, 29, 102, 'B', 130),
(5, 29, 93, 'A', 130),
(5, 29, 107, 'B', 130),
(5, 29, 100, 'C', 130),
(5, 29, 105, 'A', 130),
(5, 29, 108, 'B', 130),
(5, 29, 115, 'C', 130),
(5, 29, 117, 'A', 130),
(5, 29, 119, 'A', 130),
(5, 29, 101, 'A', 130),
(5, 29, 106, 'B', 130),
(5, 29, 112, 'A', 130),
(5, 29, 95, 'D', 130),
(5, 29, 92, 'A', 130),
(5, 29, 94, 'D', 130),
(5, 29, 116, 'A', 130),
(5, 29, 111, 'B', 130),
(5, 29, 114, 'A', 130),
(5, 29, 98, 'A', 130),
(5, 29, 120, 'C', 130),
(31, 29, 113, 'B', 131),
(31, 29, 110, 'A', 131),
(31, 29, 114, 'C', 131),
(31, 29, 105, 'B', 131),
(31, 29, 121, 'D', 131),
(31, 29, 92, 'D', 131),
(31, 29, 96, 'C', 131),
(31, 29, 99, 'A', 131),
(31, 29, 115, 'C', 131),
(31, 29, 107, 'B', 131),
(31, 29, 103, 'B', 131),
(31, 29, 95, 'D', 131),
(31, 29, 106, 'B', 131),
(31, 29, 116, 'D', 131),
(31, 29, 120, 'C', 131),
(31, 29, 112, 'A', 131),
(31, 29, 108, 'B', 131),
(31, 29, 119, 'B', 131),
(31, 29, 111, 'D', 131),
(31, 29, 104, 'D', 131),
(31, 29, 97, 'D', 131),
(31, 29, 101, 'D', 131),
(31, 29, 109, 'D', 131),
(31, 29, 94, 'B', 131),
(31, 29, 118, 'D', 131),
(31, 29, 98, 'C', 131),
(31, 29, 93, 'B', 131),
(31, 29, 117, 'B', 131),
(31, 29, 100, 'D', 131),
(31, 29, 102, 'A', 131),
(10, 29, 106, 'No Attempt', 132),
(10, 29, 111, 'D', 132),
(10, 29, 115, 'C', 132),
(10, 29, 105, 'C', 132),
(10, 29, 102, 'D', 132),
(10, 29, 108, 'B', 132),
(10, 29, 113, 'B', 132),
(10, 29, 116, 'A', 132),
(10, 29, 109, 'B', 132),
(10, 29, 121, 'C', 132),
(10, 29, 114, 'A', 132),
(10, 29, 92, 'A', 132),
(10, 29, 93, 'A', 132),
(10, 29, 95, 'D', 132),
(10, 29, 98, 'C', 132),
(10, 29, 103, 'B', 132),
(10, 29, 120, 'B', 132),
(10, 29, 119, 'B', 132),
(10, 29, 96, 'D', 132),
(10, 29, 110, 'D', 132),
(10, 29, 104, 'A', 132),
(10, 29, 107, 'B', 132),
(10, 29, 112, 'A', 132),
(10, 29, 118, 'A', 132),
(10, 29, 117, 'A', 132),
(10, 29, 99, 'D', 132),
(10, 29, 97, 'B', 132),
(10, 29, 94, 'B', 132),
(10, 29, 100, 'B', 132),
(10, 29, 101, 'D', 132),
(34, 29, 100, 'A', 133),
(34, 29, 96, 'A', 133),
(34, 29, 97, 'B', 133),
(34, 29, 112, 'B', 133),
(34, 29, 121, 'D', 133),
(34, 29, 103, 'B', 133),
(34, 29, 109, 'B', 133),
(34, 29, 116, 'A', 133),
(34, 29, 92, 'A', 133),
(34, 29, 98, 'C', 133),
(34, 29, 114, 'A', 133),
(34, 29, 95, 'D', 133),
(34, 29, 106, 'A', 133),
(34, 29, 101, 'C', 133),
(34, 29, 110, 'A', 133),
(34, 29, 111, 'C', 133),
(34, 29, 102, 'D', 133),
(34, 29, 117, 'B', 133),
(34, 29, 115, 'C', 133),
(34, 29, 94, 'B', 133),
(34, 29, 108, 'B', 133),
(34, 29, 93, 'A', 133),
(34, 29, 120, 'B', 133),
(34, 29, 107, 'B', 133),
(34, 29, 105, 'D', 133),
(34, 29, 99, 'C', 133),
(34, 29, 113, 'A', 133),
(34, 29, 119, 'B', 133),
(34, 29, 118, 'C', 133),
(34, 29, 104, 'D', 133),
(22, 29, 118, 'A', 134),
(22, 29, 115, 'C', 134),
(22, 29, 97, 'B', 134),
(22, 29, 110, 'D', 134),
(22, 29, 92, 'A', 134),
(22, 29, 106, 'D', 134),
(22, 29, 93, 'A', 134),
(22, 29, 100, 'D', 134),
(22, 29, 95, 'D', 134),
(22, 29, 109, 'B', 134),
(22, 29, 94, 'B', 134),
(22, 29, 121, 'C', 134),
(22, 29, 117, 'A', 134),
(22, 29, 116, 'A', 134),
(22, 29, 119, 'B', 134),
(22, 29, 108, 'B', 134),
(22, 29, 120, 'B', 134),
(22, 29, 96, 'D', 134),
(22, 29, 105, 'C', 134),
(22, 29, 103, 'B', 134),
(22, 29, 111, 'B', 134),
(22, 29, 104, 'A', 134),
(22, 29, 113, 'B', 134),
(22, 29, 99, 'B', 134),
(22, 29, 107, 'A', 134),
(22, 29, 98, 'C', 134),
(22, 29, 114, 'B', 134),
(22, 29, 102, 'C', 134),
(22, 29, 101, 'No Attempt', 134),
(22, 29, 112, 'No Attempt', 134),
(50, 29, 100, 'A', 136),
(50, 29, 103, 'A', 136),
(50, 29, 112, 'A', 136),
(50, 29, 120, 'A', 136),
(50, 29, 95, 'B', 136),
(50, 29, 106, 'B', 136),
(50, 29, 121, 'C', 136),
(50, 29, 97, 'A', 136),
(50, 29, 107, 'C', 136),
(50, 29, 92, 'A', 136),
(50, 29, 110, 'B', 136),
(50, 29, 101, 'A', 136),
(50, 29, 116, 'A', 136),
(50, 29, 98, 'C', 136),
(50, 29, 96, 'D', 136),
(50, 29, 104, 'No Attempt', 136),
(50, 29, 105, 'A', 136),
(50, 29, 115, 'C', 136),
(50, 29, 102, 'No Attempt', 136),
(50, 29, 111, 'B', 136),
(50, 29, 113, 'B', 136),
(50, 29, 109, 'B', 136),
(50, 29, 108, 'A', 136),
(50, 29, 118, 'A', 136),
(50, 29, 94, 'B', 136),
(50, 29, 119, 'B', 136),
(50, 29, 114, 'D', 136),
(50, 29, 99, 'A', 136),
(50, 29, 93, 'A', 136),
(50, 29, 117, 'B', 136),
(53, 29, 105, 'C', 137),
(53, 29, 93, 'A', 137),
(53, 29, 100, 'A', 137),
(53, 29, 98, 'C', 137),
(53, 29, 92, 'B', 137),
(53, 29, 121, 'B', 137),
(53, 29, 96, 'D', 137),
(53, 29, 106, 'B', 137),
(53, 29, 116, 'A', 137),
(53, 29, 102, 'B', 137),
(53, 29, 113, 'B', 137),
(53, 29, 95, 'C', 137),
(53, 29, 119, 'B', 137),
(53, 29, 99, 'D', 137),
(53, 29, 120, 'B', 137),
(53, 29, 115, 'C', 137),
(53, 29, 109, 'B', 137),
(53, 29, 111, 'C', 137),
(53, 29, 101, 'A', 137),
(53, 29, 112, 'A', 137),
(53, 29, 94, 'B', 137),
(53, 29, 107, 'B', 137),
(53, 29, 97, 'B', 137),
(53, 29, 108, 'B', 137),
(53, 29, 103, 'B', 137),
(53, 29, 117, 'A', 137),
(53, 29, 104, 'A', 137),
(53, 29, 110, 'A', 137),
(53, 29, 114, 'B', 137),
(53, 29, 118, 'C', 137),
(28, 29, 98, 'C', 138),
(28, 29, 109, 'B', 138),
(28, 29, 113, 'No Attempt', 138),
(28, 29, 100, 'D', 138),
(28, 29, 108, 'B', 138),
(28, 29, 120, 'B', 138),
(28, 29, 119, 'A', 138),
(28, 29, 116, 'D', 138),
(28, 29, 99, 'C', 138),
(28, 29, 112, 'A', 138),
(28, 29, 118, 'A', 138),
(28, 29, 121, 'C', 138),
(28, 29, 95, 'D', 138),
(28, 29, 103, 'B', 138),
(28, 29, 117, 'A', 138),
(28, 29, 111, 'B', 138),
(28, 29, 106, 'D', 138),
(28, 29, 107, 'A', 138),
(28, 29, 104, 'A', 138),
(28, 29, 114, 'A', 138),
(28, 29, 115, 'C', 138),
(28, 29, 105, 'C', 138),
(28, 29, 97, 'B', 138),
(28, 29, 96, 'D', 138),
(28, 29, 102, 'D', 138),
(28, 29, 92, 'A', 138),
(28, 29, 101, 'D', 138),
(28, 29, 93, 'A', 138),
(28, 29, 110, 'D', 138),
(28, 29, 94, 'C', 138),
(52, 29, 106, 'C', 139),
(52, 29, 94, 'B', 139),
(52, 29, 113, 'A', 139),
(52, 29, 93, 'A', 139),
(52, 29, 104, 'D', 139),
(52, 29, 98, 'A', 139),
(52, 29, 112, 'A', 139),
(52, 29, 99, 'B', 139),
(52, 29, 119, 'B', 139),
(52, 29, 111, 'D', 139),
(52, 29, 105, 'B', 139),
(52, 29, 121, 'C', 139),
(52, 29, 101, 'A', 139),
(52, 29, 114, 'B', 139),
(52, 29, 107, 'A', 139),
(52, 29, 110, 'A', 139),
(52, 29, 120, 'B', 139),
(52, 29, 115, 'C', 139),
(52, 29, 103, 'B', 139),
(52, 29, 95, 'B', 139),
(52, 29, 116, 'A', 139),
(52, 29, 92, 'A', 139),
(52, 29, 102, 'D', 139),
(52, 29, 96, 'D', 139),
(52, 29, 109, 'C', 139),
(52, 29, 117, 'A', 139),
(52, 29, 100, 'A', 139),
(52, 29, 108, 'No Attempt', 139),
(52, 29, 97, 'B', 139),
(52, 29, 118, 'A', 139),
(36, 29, 104, 'No Attempt', 140),
(36, 29, 100, 'D', 140),
(36, 29, 109, 'B', 140),
(36, 29, 119, 'B', 140),
(36, 29, 121, 'A', 140),
(36, 29, 116, 'A', 140),
(36, 29, 111, 'B', 140),
(36, 29, 102, 'D', 140),
(36, 29, 107, 'A', 140),
(36, 29, 98, 'A', 140),
(36, 29, 117, 'C', 140),
(36, 29, 99, 'A', 140),
(36, 29, 110, 'A', 140),
(36, 29, 96, 'B', 140),
(36, 29, 115, 'C', 140),
(36, 29, 103, 'A', 140),
(36, 29, 113, 'A', 140),
(36, 29, 105, 'C', 140),
(36, 29, 97, 'A', 140),
(36, 29, 94, 'B', 140),
(36, 29, 112, 'B', 140),
(36, 29, 95, 'C', 140),
(36, 29, 108, 'A', 140),
(36, 29, 118, 'C', 140),
(36, 29, 120, 'C', 140),
(36, 29, 92, 'C', 140),
(36, 29, 93, 'B', 140),
(36, 29, 114, 'B', 140),
(36, 29, 106, 'D', 140),
(36, 29, 101, 'A', 140),
(20, 29, 98, 'C', 141),
(20, 29, 100, 'D', 141),
(20, 29, 116, 'A', 141),
(20, 29, 97, 'B', 141),
(20, 29, 113, 'B', 141),
(20, 29, 96, 'D', 141),
(20, 29, 102, 'D', 141),
(20, 29, 95, 'D', 141),
(20, 29, 106, 'C', 141),
(20, 29, 92, 'A', 141),
(20, 29, 93, 'A', 141),
(20, 29, 121, 'C', 141),
(20, 29, 119, 'B', 141),
(20, 29, 118, 'D', 141),
(20, 29, 110, 'D', 141),
(20, 29, 107, 'A', 141),
(20, 29, 117, 'A', 141),
(20, 29, 105, 'C', 141),
(20, 29, 109, 'B', 141),
(20, 29, 112, 'A', 141),
(20, 29, 94, 'A', 141),
(20, 29, 111, 'B', 141),
(20, 29, 101, 'C', 141),
(20, 29, 120, 'B', 141),
(20, 29, 99, 'B', 141),
(20, 29, 108, 'B', 141),
(20, 29, 104, 'A', 141),
(20, 29, 103, 'A', 141),
(20, 29, 114, 'A', 141),
(20, 29, 115, 'C', 141),
(55, 29, 93, 'B', 142),
(55, 29, 101, 'C', 142),
(55, 29, 118, 'D', 142),
(55, 29, 99, 'A', 142),
(55, 29, 105, 'C', 142),
(55, 29, 108, 'A', 142),
(55, 29, 103, 'A', 142),
(55, 29, 117, 'D', 142),
(55, 29, 115, 'C', 142),
(55, 29, 102, 'A', 142),
(55, 29, 112, 'A', 142),
(55, 29, 92, 'No Attempt', 142),
(55, 29, 97, 'A', 142),
(55, 29, 94, 'B', 142),
(55, 29, 110, 'A', 142),
(55, 29, 111, 'A', 142),
(55, 29, 120, 'B', 142),
(55, 29, 100, 'C', 142),
(55, 29, 114, 'A', 142),
(55, 29, 113, 'B', 142),
(55, 29, 119, 'B', 142),
(55, 29, 109, 'B', 142),
(55, 29, 121, 'C', 142),
(55, 29, 96, 'D', 142),
(55, 29, 106, 'A', 142),
(55, 29, 104, 'D', 142),
(55, 29, 98, 'C', 142),
(55, 29, 95, 'D', 142),
(55, 29, 107, 'C', 142),
(55, 29, 116, 'A', 142),
(49, 29, 100, 'D', 143),
(49, 29, 102, 'D', 143),
(49, 29, 96, 'A', 143),
(49, 29, 95, 'B', 143),
(49, 29, 117, 'D', 143),
(49, 29, 120, 'B', 143),
(49, 29, 121, 'C', 143),
(49, 29, 116, 'A', 143),
(49, 29, 111, 'A', 143),
(49, 29, 118, 'C', 143),
(49, 29, 101, 'A', 143),
(49, 29, 93, 'A', 143),
(49, 29, 113, 'B', 143),
(49, 29, 104, 'A', 143),
(49, 29, 103, 'B', 143),
(29, 29, 94, 'B', 144),
(49, 29, 119, 'No Attempt', 143),
(29, 29, 96, 'D', 144),
(49, 29, 109, 'B', 143),
(29, 29, 114, 'A', 144),
(49, 29, 92, 'D', 143),
(29, 29, 115, 'C', 144),
(49, 29, 99, 'A', 143),
(29, 29, 93, 'A', 144),
(49, 29, 106, 'D', 143),
(29, 29, 105, 'C', 144),
(49, 29, 98, 'B', 143),
(29, 29, 108, 'B', 144),
(49, 29, 107, 'A', 143),
(29, 29, 121, 'D', 144),
(49, 29, 114, 'A', 143),
(29, 29, 118, 'A', 144),
(49, 29, 105, 'D', 143),
(29, 29, 95, 'D', 144),
(49, 29, 94, 'D', 143),
(29, 29, 116, 'A', 144),
(49, 29, 115, 'C', 143),
(29, 29, 97, 'B', 144),
(49, 29, 97, 'C', 143),
(29, 29, 119, 'B', 144),
(49, 29, 112, 'A', 143),
(29, 29, 113, 'B', 144),
(49, 29, 108, 'D', 143),
(29, 29, 120, 'B', 144),
(49, 29, 110, 'B', 143),
(29, 29, 109, 'B', 144),
(29, 29, 102, 'D', 144),
(29, 29, 107, 'A', 144),
(29, 29, 92, 'A', 144),
(29, 29, 106, 'D', 144),
(29, 29, 117, 'A', 144),
(29, 29, 103, 'B', 144),
(29, 29, 98, 'C', 144),
(29, 29, 112, 'A', 144),
(29, 29, 101, 'A', 144),
(29, 29, 99, 'B', 144),
(29, 29, 100, 'D', 144),
(29, 29, 111, 'B', 144),
(29, 29, 110, 'B', 144),
(29, 29, 104, 'D', 144),
(32, 29, 99, 'C', 145),
(32, 29, 120, 'C', 145),
(32, 29, 114, 'A', 145),
(32, 29, 103, 'B', 145),
(32, 29, 106, 'B', 145),
(32, 29, 112, 'A', 145),
(32, 29, 101, 'D', 145),
(32, 29, 110, 'A', 145),
(32, 29, 94, 'B', 145),
(32, 29, 121, 'B', 145),
(32, 29, 117, 'A', 145),
(32, 29, 115, 'C', 145),
(32, 29, 111, 'B', 145),
(32, 29, 105, 'B', 145),
(32, 29, 93, 'B', 145),
(32, 29, 102, 'D', 145),
(32, 29, 96, 'D', 145),
(32, 29, 118, 'A', 145),
(32, 29, 95, 'D', 145),
(32, 29, 107, 'A', 145),
(32, 29, 116, 'A', 145),
(32, 29, 98, 'C', 145),
(32, 29, 92, 'A', 145),
(32, 29, 108, 'B', 145),
(32, 29, 100, 'D', 145),
(32, 29, 97, 'B', 145),
(32, 29, 109, 'B', 145),
(32, 29, 113, 'C', 145),
(32, 29, 119, 'B', 145),
(32, 29, 104, 'D', 145),
(8, 29, 103, 'A', 146),
(8, 29, 109, 'A', 146),
(8, 29, 92, 'A', 146),
(8, 29, 105, 'D', 146),
(8, 29, 115, 'C', 146),
(8, 29, 102, 'B', 146),
(8, 29, 110, 'B', 146),
(8, 29, 114, 'B', 146),
(8, 29, 93, 'A', 146),
(8, 29, 117, 'C', 146),
(8, 29, 97, 'B', 146),
(8, 29, 120, 'D', 146),
(8, 29, 99, 'B', 146),
(8, 29, 100, 'D', 146),
(8, 29, 113, 'A', 146),
(8, 29, 95, 'D', 146),
(8, 29, 96, 'A', 146),
(8, 29, 111, 'B', 146),
(8, 29, 119, 'B', 146),
(8, 29, 108, 'A', 146),
(8, 29, 118, 'C', 146),
(8, 29, 121, 'C', 146),
(8, 29, 106, 'C', 146),
(8, 29, 107, 'B', 146),
(8, 29, 104, 'A', 146),
(8, 29, 94, 'B', 146),
(8, 29, 101, 'C', 146),
(8, 29, 116, 'A', 146),
(8, 29, 98, 'D', 146),
(8, 29, 112, 'A', 146),
(41, 29, 101, 'A', 147),
(41, 29, 118, 'C', 147),
(41, 29, 107, 'B', 147),
(41, 29, 98, 'No Attempt', 147),
(41, 29, 99, 'D', 147),
(41, 29, 96, 'D', 147),
(41, 29, 103, 'B', 147),
(41, 29, 114, 'B', 147),
(41, 29, 120, 'A', 147),
(41, 29, 105, 'No Attempt', 147),
(41, 29, 93, 'A', 147),
(41, 29, 116, 'A', 147),
(41, 29, 108, 'A', 147),
(41, 29, 117, 'No Attempt', 147),
(41, 29, 115, 'C', 147),
(41, 29, 100, 'C', 147),
(41, 29, 112, 'A', 147),
(41, 29, 111, 'B', 147),
(41, 29, 106, 'D', 147),
(41, 29, 102, 'D', 147),
(41, 29, 95, 'D', 147),
(41, 29, 97, 'B', 147),
(41, 29, 94, 'B', 147),
(41, 29, 109, 'B', 147),
(41, 29, 110, 'D', 147),
(41, 29, 121, 'C', 147),
(41, 29, 119, 'B', 147),
(41, 29, 92, 'A', 147),
(41, 29, 104, 'A', 147),
(41, 29, 113, 'B', 147),
(46, 29, 99, 'D', 148),
(46, 29, 105, 'C', 148),
(46, 29, 106, 'A', 148),
(46, 29, 113, 'C', 148),
(46, 29, 100, 'D', 148),
(46, 29, 97, 'B', 148),
(46, 29, 103, 'B', 148),
(46, 29, 92, 'D', 148),
(46, 29, 115, 'C', 148),
(46, 29, 121, 'A', 148),
(46, 29, 116, 'C', 148),
(46, 29, 96, 'D', 148),
(46, 29, 120, 'D', 148),
(46, 29, 107, 'B', 148),
(46, 29, 108, 'B', 148),
(46, 29, 101, 'A', 148),
(46, 29, 119, 'B', 148),
(46, 29, 95, 'B', 148),
(46, 29, 111, 'B', 148),
(46, 29, 93, 'A', 148),
(46, 29, 112, 'B', 148),
(46, 29, 102, 'B', 148),
(46, 29, 98, 'C', 148),
(46, 29, 104, 'A', 148),
(46, 29, 117, 'A', 148),
(46, 29, 109, 'C', 148),
(46, 29, 114, 'A', 148),
(46, 29, 118, 'C', 148),
(46, 29, 110, 'D', 148),
(46, 29, 94, 'A', 148),
(30, 29, 111, 'C', 149),
(30, 29, 97, 'B', 149),
(30, 29, 110, 'C', 149),
(30, 29, 102, 'C', 149),
(30, 29, 107, 'C', 149),
(30, 29, 117, 'A', 149),
(30, 29, 106, 'D', 149),
(30, 29, 100, 'A', 149),
(30, 29, 93, 'B', 149),
(30, 29, 120, 'B', 149),
(30, 29, 99, 'C', 149),
(30, 29, 115, 'C', 149),
(30, 29, 113, 'A', 149),
(30, 29, 118, 'A', 149),
(30, 29, 109, 'B', 149),
(30, 29, 96, 'D', 149),
(30, 29, 104, 'A', 149),
(30, 29, 116, 'D', 149),
(30, 29, 103, 'B', 149),
(30, 29, 114, 'B', 149),
(30, 29, 101, 'D', 149),
(30, 29, 92, 'D', 149),
(30, 29, 105, 'B', 149),
(30, 29, 108, 'D', 149),
(30, 29, 119, 'D', 149),
(30, 29, 95, 'C', 149),
(30, 29, 94, 'D', 149),
(30, 29, 121, 'B', 149),
(30, 29, 112, 'A', 149),
(30, 29, 98, 'D', 149),
(40, 29, 120, 'D', 150),
(40, 29, 105, 'B', 150),
(40, 29, 98, 'D', 150),
(40, 29, 102, 'D', 150),
(40, 29, 99, 'B', 150),
(40, 29, 110, 'B', 150),
(40, 29, 111, 'B', 150),
(40, 29, 103, 'B', 150),
(40, 29, 100, 'B', 150),
(40, 29, 117, 'D', 150),
(40, 29, 107, 'D', 150),
(40, 29, 119, 'B', 150),
(40, 29, 114, 'B', 150),
(40, 29, 118, 'C', 150),
(40, 29, 112, 'A', 150),
(40, 29, 97, 'B', 150),
(40, 29, 109, 'B', 150),
(40, 29, 121, 'B', 150),
(40, 29, 113, 'A', 150),
(40, 29, 92, 'B', 150),
(40, 29, 104, 'No Attempt', 150),
(40, 29, 96, 'A', 150),
(40, 29, 106, 'C', 150),
(40, 29, 93, 'A', 150),
(40, 29, 115, 'C', 150),
(40, 29, 101, 'C', 150),
(40, 29, 116, 'D', 150),
(40, 29, 95, 'B', 150),
(40, 29, 94, 'B', 150),
(40, 29, 108, 'B', 150),
(25, 29, 113, 'A', 151),
(25, 29, 105, 'D', 151),
(25, 29, 101, 'A', 151),
(25, 29, 108, 'B', 151),
(25, 29, 119, 'B', 151),
(25, 29, 103, 'B', 151),
(25, 29, 109, 'A', 151),
(25, 29, 98, 'C', 151),
(25, 29, 94, 'B', 151),
(25, 29, 96, 'A', 151),
(25, 29, 116, 'D', 151),
(25, 29, 115, 'C', 151),
(25, 29, 93, 'A', 151),
(25, 29, 99, 'B', 151),
(25, 29, 111, 'B', 151),
(25, 29, 95, 'No Attempt', 151),
(25, 29, 110, 'C', 151),
(25, 29, 120, 'B', 151),
(25, 29, 102, 'B', 151),
(25, 29, 104, 'D', 151),
(25, 29, 118, 'C', 151),
(25, 29, 112, 'A', 151),
(25, 29, 92, 'A', 151),
(25, 29, 121, 'B', 151),
(25, 29, 117, 'D', 151),
(25, 29, 107, 'C', 151),
(25, 29, 97, 'B', 151),
(25, 29, 114, 'A', 151),
(25, 29, 100, 'D', 151),
(25, 29, 106, 'C', 151),
(6, 29, 104, 'B', 152),
(6, 29, 117, 'A', 152),
(6, 29, 99, 'A', 152),
(6, 29, 102, 'D', 152),
(6, 29, 118, 'C', 152),
(6, 29, 120, 'B', 152),
(6, 29, 109, 'B', 152),
(6, 29, 105, 'B', 152),
(6, 29, 121, 'C', 152),
(6, 29, 115, 'C', 152),
(6, 29, 107, 'B', 152),
(6, 29, 114, 'A', 152),
(6, 29, 96, 'A', 152),
(6, 29, 116, 'A', 152),
(6, 29, 97, 'B', 152),
(6, 29, 113, 'A', 152),
(6, 29, 94, 'B', 152),
(6, 29, 119, 'B', 152),
(6, 29, 103, 'B', 152),
(6, 29, 111, 'B', 152),
(6, 29, 92, 'A', 152),
(6, 29, 106, 'C', 152),
(6, 29, 95, 'B', 152),
(6, 29, 100, 'D', 152),
(6, 29, 110, 'B', 152),
(6, 29, 98, 'C', 152),
(6, 29, 112, 'A', 152),
(6, 29, 101, 'D', 152),
(6, 29, 93, 'A', 152),
(6, 29, 108, 'B', 152),
(1, 29, 100, 'B', 153),
(1, 29, 105, 'A', 153),
(1, 29, 121, 'C', 153),
(1, 29, 109, 'B', 153),
(1, 29, 103, 'D', 153),
(1, 29, 93, 'A', 153),
(1, 29, 116, 'D', 153),
(1, 29, 92, 'A', 153),
(1, 29, 97, 'B', 153),
(1, 29, 96, 'A', 153),
(1, 29, 111, 'B', 153),
(1, 29, 112, 'A', 153),
(1, 29, 107, 'B', 153),
(1, 29, 98, 'D', 153),
(1, 29, 99, 'B', 153),
(1, 29, 94, 'No Attempt', 153),
(1, 29, 106, 'No Attempt', 153),
(1, 29, 120, 'No Attempt', 153),
(1, 29, 114, 'A', 153),
(1, 29, 102, 'C', 153),
(1, 29, 108, 'A', 153),
(1, 29, 113, 'A', 153),
(1, 29, 101, 'No Attempt', 153),
(1, 29, 95, 'D', 153),
(1, 29, 110, 'A', 153),
(1, 29, 115, 'C', 153),
(1, 29, 119, 'B', 153),
(1, 29, 104, 'A', 153),
(1, 29, 118, 'A', 153),
(1, 29, 117, 'No Attempt', 153),
(19, 29, 116, 'B', 154),
(19, 29, 105, 'C', 154),
(19, 29, 115, 'A', 154),
(19, 29, 110, 'D', 154),
(19, 29, 94, 'C', 154);
INSERT INTO `answers` (`student_id`, `sid`, `qnumber`, `answer`, `rid`) VALUES
(19, 29, 93, 'B', 154),
(19, 29, 111, 'A', 154),
(19, 29, 120, 'D', 154),
(19, 29, 92, 'D', 154),
(19, 29, 104, 'C', 154),
(19, 29, 95, 'C', 154),
(19, 29, 118, 'D', 154),
(19, 29, 113, 'B', 154),
(19, 29, 100, 'A', 154),
(19, 29, 108, 'D', 154),
(19, 29, 109, 'D', 154),
(19, 29, 98, 'B', 154),
(19, 29, 106, 'C', 154),
(19, 29, 112, 'A', 154),
(19, 29, 107, 'B', 154),
(19, 29, 97, 'C', 154),
(19, 29, 121, 'C', 154),
(19, 29, 103, 'D', 154),
(19, 29, 114, 'A', 154),
(19, 29, 119, 'B', 154),
(19, 29, 99, 'C', 154),
(19, 29, 101, 'C', 154),
(19, 29, 102, 'D', 154),
(19, 29, 117, 'B', 154),
(19, 29, 96, 'A', 154),
(42, 29, 99, 'D', 155),
(42, 29, 95, 'D', 155),
(42, 29, 93, 'A', 155),
(42, 29, 115, 'C', 155),
(42, 29, 97, 'B', 155),
(42, 29, 121, 'A', 155),
(42, 29, 103, 'B', 155),
(42, 29, 109, 'B', 155),
(42, 29, 96, 'A', 155),
(42, 29, 117, 'A', 155),
(42, 29, 118, 'C', 155),
(42, 29, 112, 'A', 155),
(42, 29, 104, 'A', 155),
(42, 29, 100, 'D', 155),
(42, 29, 114, 'A', 155),
(42, 29, 92, 'A', 155),
(42, 29, 94, 'B', 155),
(42, 29, 110, 'A', 155),
(42, 29, 111, 'No Attempt', 155),
(42, 29, 106, 'C', 155),
(42, 29, 101, 'D', 155),
(42, 29, 116, 'C', 155),
(42, 29, 120, 'D', 155),
(42, 29, 108, 'B', 155),
(42, 29, 105, 'A', 155),
(42, 29, 102, 'A', 155),
(42, 29, 98, 'D', 155),
(42, 29, 113, 'A', 155),
(42, 29, 107, 'B', 155),
(42, 29, 119, 'B', 155),
(16, 29, 94, 'B', 156),
(16, 29, 100, 'D', 156),
(16, 29, 92, 'A', 156),
(16, 29, 119, 'B', 156),
(16, 29, 115, 'C', 156),
(16, 29, 116, 'D', 156),
(16, 29, 107, 'C', 156),
(16, 29, 114, 'C', 156),
(16, 29, 95, 'D', 156),
(16, 29, 113, 'A', 156),
(16, 29, 102, 'D', 156),
(16, 29, 117, 'A', 156),
(16, 29, 103, 'B', 156),
(16, 29, 120, 'C', 156),
(16, 29, 101, 'B', 156),
(16, 29, 106, 'B', 156),
(16, 29, 110, 'B', 156),
(16, 29, 104, 'A', 156),
(16, 29, 109, 'D', 156),
(16, 29, 112, 'A', 156),
(16, 29, 111, 'B', 156),
(16, 29, 99, 'C', 156),
(16, 29, 93, 'A', 156),
(16, 29, 96, 'C', 156),
(16, 29, 98, 'C', 156),
(16, 29, 105, 'D', 156),
(16, 29, 118, 'C', 156),
(16, 29, 108, 'B', 156),
(16, 29, 121, 'D', 156),
(16, 29, 97, 'B', 156),
(37, 29, 114, 'A', 157),
(37, 29, 106, 'B', 157),
(37, 29, 96, 'D', 157),
(37, 29, 111, 'B', 157),
(37, 29, 121, 'A', 157),
(37, 29, 92, 'A', 157),
(37, 29, 109, 'C', 157),
(37, 29, 119, 'B', 157),
(37, 29, 97, 'B', 157),
(37, 29, 115, 'C', 157),
(37, 29, 103, 'B', 157),
(37, 29, 102, 'No Attempt', 157),
(37, 29, 112, 'A', 157),
(37, 29, 95, 'A', 157),
(37, 29, 101, 'B', 157),
(37, 29, 104, 'C', 157),
(37, 29, 93, 'B', 157),
(37, 29, 105, 'D', 157),
(37, 29, 120, 'A', 157),
(37, 29, 113, 'B', 157),
(37, 29, 100, 'A', 157),
(37, 29, 108, 'B', 157),
(37, 29, 98, 'C', 157),
(37, 29, 110, 'B', 157),
(37, 29, 118, 'C', 157),
(37, 29, 107, 'C', 157),
(37, 29, 117, 'A', 157),
(37, 29, 116, 'A', 157),
(37, 29, 99, 'B', 157),
(37, 29, 94, 'B', 157),
(48, 29, 103, 'A', 158),
(48, 29, 108, 'C', 158),
(48, 29, 92, 'B', 158),
(48, 29, 106, 'No Attempt', 158),
(48, 29, 100, 'D', 158),
(48, 29, 105, 'A', 158),
(48, 29, 98, 'C', 158),
(48, 29, 104, 'A', 158),
(48, 29, 117, 'D', 158),
(48, 29, 119, 'A', 158),
(48, 29, 96, 'A', 158),
(48, 29, 121, 'C', 158),
(48, 29, 118, 'A', 158),
(48, 29, 112, 'A', 158),
(48, 29, 120, 'B', 158),
(48, 29, 111, 'B', 158),
(48, 29, 114, 'A', 158),
(48, 29, 97, 'B', 158),
(48, 29, 116, 'A', 158),
(48, 29, 102, 'D', 158),
(48, 29, 115, 'C', 158),
(48, 29, 95, 'D', 158),
(48, 29, 110, 'D', 158),
(48, 29, 109, 'C', 158),
(48, 29, 101, 'A', 158),
(48, 29, 93, 'A', 158),
(48, 29, 113, 'B', 158),
(48, 29, 94, 'A', 158),
(48, 29, 107, 'A', 158),
(48, 29, 99, 'B', 158),
(3, 29, 118, 'C', 159),
(3, 29, 114, 'B', 159),
(3, 29, 94, 'B', 159),
(3, 29, 120, 'D', 159),
(3, 29, 101, 'D', 159),
(3, 29, 96, 'D', 159),
(3, 29, 105, 'D', 159),
(3, 29, 107, 'B', 159),
(3, 29, 117, 'C', 159),
(3, 29, 108, 'B', 159),
(3, 29, 112, 'A', 159),
(3, 29, 104, 'A', 159),
(3, 29, 113, 'A', 159),
(3, 29, 121, 'B', 159),
(3, 29, 111, 'B', 159),
(3, 29, 102, 'D', 159),
(3, 29, 93, 'A', 159),
(3, 29, 106, 'B', 159),
(3, 29, 116, 'A', 159),
(3, 29, 97, 'B', 159),
(3, 29, 99, 'A', 159),
(3, 29, 119, 'B', 159),
(3, 29, 95, 'D', 159),
(3, 29, 98, 'C', 159),
(3, 29, 109, 'B', 159),
(3, 29, 92, 'A', 159),
(3, 29, 110, 'A', 159),
(3, 29, 103, 'B', 159),
(3, 29, 115, 'C', 159),
(3, 29, 100, 'D', 159),
(18, 29, 94, 'No Attempt', 160),
(18, 29, 110, 'D', 160),
(18, 29, 119, 'B', 160),
(18, 29, 118, 'A', 160),
(18, 29, 120, 'A', 160),
(18, 29, 98, 'D', 160),
(18, 29, 121, 'C', 160),
(18, 29, 105, 'No Attempt', 160),
(18, 29, 108, 'B', 160),
(18, 29, 112, 'A', 160),
(18, 29, 102, 'A', 160),
(18, 29, 114, 'A', 160),
(18, 29, 117, 'C', 160),
(18, 29, 101, 'B', 160),
(18, 29, 92, 'D', 160),
(18, 29, 103, 'B', 160),
(18, 29, 96, 'A', 160),
(18, 29, 100, 'D', 160),
(18, 29, 104, 'D', 160),
(18, 29, 107, 'A', 160),
(18, 29, 111, 'B', 160),
(18, 29, 113, 'No Attempt', 160),
(18, 29, 93, 'No Attempt', 160),
(18, 29, 99, 'A', 160),
(18, 29, 109, 'D', 160),
(18, 29, 115, 'C', 160),
(18, 29, 95, 'D', 160),
(18, 29, 106, 'C', 160),
(18, 29, 97, 'A', 160),
(18, 29, 116, 'C', 160),
(24, 29, 96, 'B', 161),
(24, 29, 113, 'A', 161),
(24, 29, 120, 'C', 161),
(24, 29, 104, 'B', 161),
(24, 29, 112, 'A', 161),
(24, 29, 95, 'D', 161),
(24, 29, 118, 'A', 161),
(24, 29, 93, 'A', 161),
(24, 29, 109, 'D', 161),
(24, 29, 100, 'D', 161),
(24, 29, 116, 'A', 161),
(24, 29, 103, 'B', 161),
(24, 29, 101, 'B', 161),
(24, 29, 99, 'B', 161),
(24, 29, 105, 'A', 161),
(24, 29, 115, 'C', 161),
(24, 29, 117, 'B', 161),
(24, 29, 110, 'A', 161),
(24, 29, 111, 'B', 161),
(24, 29, 98, 'C', 161),
(24, 29, 92, 'A', 161),
(24, 29, 119, 'B', 161),
(24, 29, 94, 'B', 161),
(24, 29, 107, 'A', 161),
(24, 29, 108, 'B', 161),
(24, 29, 97, 'B', 161),
(24, 29, 121, 'D', 161),
(24, 29, 106, 'C', 161),
(24, 29, 102, 'A', 161),
(24, 29, 114, 'A', 161),
(17, 29, 102, 'No Attempt', 162),
(17, 29, 109, 'B', 162),
(17, 29, 101, 'No Attempt', 162),
(17, 29, 92, 'C', 162),
(17, 29, 119, 'B', 162),
(17, 29, 97, 'C', 162),
(17, 29, 115, 'C', 162),
(17, 29, 120, 'No Attempt', 162),
(17, 29, 113, 'A', 162),
(17, 29, 118, 'C', 162),
(17, 29, 121, 'No Attempt', 162),
(17, 29, 95, 'C', 162),
(17, 29, 110, 'B', 162),
(17, 29, 94, 'B', 162),
(17, 29, 104, 'A', 162),
(17, 29, 117, 'B', 162),
(17, 29, 99, 'A', 162),
(17, 29, 96, 'A', 162),
(17, 29, 100, 'A', 162),
(17, 29, 98, 'A', 162),
(17, 29, 111, 'C', 162),
(17, 29, 114, 'A', 162),
(17, 29, 116, 'No Attempt', 162),
(17, 29, 105, 'C', 162),
(17, 29, 103, 'B', 162),
(17, 29, 106, 'B', 162),
(17, 29, 93, 'B', 162),
(17, 29, 107, 'A', 162),
(17, 29, 112, 'A', 162),
(17, 29, 108, 'D', 162),
(39, 29, 117, 'D', 163),
(39, 29, 107, 'B', 163),
(39, 29, 105, 'A', 163),
(39, 29, 94, 'B', 163),
(39, 29, 99, 'B', 163),
(39, 29, 102, 'A', 163),
(39, 29, 114, 'A', 163),
(39, 29, 96, 'A', 163),
(39, 29, 101, 'A', 163),
(39, 29, 100, 'D', 163),
(39, 29, 93, 'B', 163),
(39, 29, 103, 'B', 163),
(39, 29, 110, 'B', 163),
(39, 29, 104, 'A', 163),
(39, 29, 113, 'A', 163),
(39, 29, 95, 'B', 163),
(39, 29, 118, 'C', 163),
(39, 29, 121, 'A', 163),
(39, 29, 108, 'B', 163),
(39, 29, 119, 'B', 163),
(39, 29, 115, 'C', 163),
(39, 29, 97, 'B', 163),
(39, 29, 112, 'D', 163),
(39, 29, 106, 'C', 163),
(39, 29, 109, 'B', 163),
(39, 29, 116, 'B', 163),
(39, 29, 111, 'A', 163),
(39, 29, 98, 'B', 163),
(39, 29, 120, 'C', 163),
(39, 29, 92, 'A', 163),
(9, 29, 116, 'A', 164),
(9, 29, 111, 'B', 164),
(9, 29, 98, 'No Attempt', 164),
(9, 29, 103, 'B', 164),
(9, 29, 99, 'B', 164),
(9, 29, 101, 'C', 164),
(9, 29, 94, 'No Attempt', 164),
(9, 29, 114, 'B', 164),
(9, 29, 121, 'C', 164),
(9, 29, 96, 'D', 164),
(9, 29, 119, 'C', 164),
(9, 29, 115, 'C', 164),
(9, 29, 118, 'A', 164),
(9, 29, 113, 'A', 164),
(9, 29, 109, 'B', 164),
(9, 29, 106, 'A', 164),
(9, 29, 110, 'C', 164),
(9, 29, 105, 'B', 164),
(9, 29, 92, 'A', 164),
(9, 29, 108, 'B', 164),
(9, 29, 100, 'D', 164),
(9, 29, 93, 'A', 164),
(9, 29, 102, 'D', 164),
(9, 29, 95, 'A', 164),
(9, 29, 120, 'A', 164),
(9, 29, 107, 'B', 164),
(9, 29, 97, 'B', 164),
(9, 29, 117, 'D', 164),
(9, 29, 112, 'A', 164),
(9, 29, 104, 'A', 164),
(15, 29, 93, 'A', 165),
(15, 29, 112, 'A', 165),
(15, 29, 104, 'A', 165),
(15, 29, 95, 'D', 165),
(15, 29, 113, 'A', 165),
(15, 29, 108, 'B', 165),
(15, 29, 120, 'C', 165),
(15, 29, 121, 'D', 165),
(15, 29, 119, 'B', 165),
(15, 29, 117, 'A', 165),
(15, 29, 115, 'C', 165),
(15, 29, 105, 'D', 165),
(15, 29, 96, 'C', 165),
(15, 29, 107, 'C', 165),
(15, 29, 99, 'C', 165),
(15, 29, 111, 'B', 165),
(15, 29, 98, 'C', 165),
(15, 29, 102, 'C', 165),
(15, 29, 116, 'D', 165),
(15, 29, 106, 'B', 165),
(15, 29, 97, 'B', 165),
(15, 29, 103, 'B', 165),
(15, 29, 114, 'C', 165),
(15, 29, 101, 'B', 165),
(15, 29, 110, 'B', 165),
(15, 29, 100, 'D', 165),
(15, 29, 92, 'A', 165),
(15, 29, 94, 'A', 165),
(15, 29, 118, 'C', 165),
(15, 29, 109, 'D', 165),
(2, 29, 114, 'A', 166),
(2, 29, 102, 'B', 166),
(2, 29, 117, 'B', 166),
(2, 29, 112, 'A', 166),
(2, 29, 93, 'A', 166),
(2, 29, 98, 'D', 166),
(2, 29, 113, 'A', 166),
(2, 29, 119, 'B', 166),
(2, 29, 115, 'C', 166),
(2, 29, 121, 'No Attempt', 166),
(2, 29, 105, 'D', 166),
(2, 29, 100, 'D', 166),
(2, 29, 110, 'A', 166),
(2, 29, 96, 'A', 166),
(2, 29, 101, 'D', 166),
(2, 29, 120, 'A', 166),
(2, 29, 111, 'B', 166),
(2, 29, 107, 'B', 166),
(2, 29, 97, 'B', 166),
(2, 29, 95, 'D', 166),
(2, 29, 116, 'A', 166),
(2, 29, 104, 'A', 166),
(2, 29, 92, 'A', 166),
(2, 29, 108, 'A', 166),
(2, 29, 118, 'C', 166),
(2, 29, 94, 'B', 166),
(2, 29, 99, 'B', 166),
(2, 29, 109, 'A', 166),
(2, 29, 106, 'D', 166),
(2, 29, 103, 'B', 166),
(21, 29, 100, 'A', 167),
(21, 29, 95, 'C', 167),
(21, 29, 119, 'B', 167),
(21, 29, 98, 'C', 167),
(21, 29, 96, 'D', 167),
(21, 29, 101, 'A', 167),
(21, 29, 108, 'B', 167),
(21, 29, 116, 'A', 167),
(21, 29, 103, 'A', 167),
(21, 29, 109, 'C', 167),
(21, 29, 111, 'B', 167),
(21, 29, 104, 'B', 167),
(21, 29, 120, 'B', 167),
(21, 29, 117, 'A', 167),
(21, 29, 112, 'A', 167),
(21, 29, 97, 'B', 167),
(21, 29, 106, 'B', 167),
(21, 29, 92, 'A', 167),
(21, 29, 114, 'B', 167),
(21, 29, 94, 'B', 167),
(21, 29, 115, 'C', 167),
(21, 29, 102, 'D', 167),
(21, 29, 110, 'A', 167),
(21, 29, 105, 'B', 167),
(21, 29, 99, 'B', 167),
(21, 29, 93, 'A', 167),
(21, 29, 118, 'C', 167),
(21, 29, 121, 'C', 167),
(21, 29, 107, 'B', 167),
(21, 29, 113, 'B', 167),
(54, 30, 42, 'C', 178),
(54, 30, 38, 'B', 178),
(54, 30, 33, 'D', 178),
(54, 30, 36, 'A', 178),
(54, 30, 60, 'A', 178),
(54, 30, 52, 'C', 178),
(54, 30, 55, 'B', 178),
(54, 30, 59, 'A', 178),
(54, 30, 58, 'C', 178),
(54, 30, 47, 'C', 178),
(54, 30, 50, 'C', 178),
(54, 30, 46, 'D', 178),
(54, 30, 41, 'B', 178),
(54, 30, 43, 'D', 178),
(54, 30, 35, 'C', 178),
(54, 30, 40, 'B', 178),
(54, 30, 34, 'C', 178),
(54, 30, 48, 'D', 178),
(54, 30, 53, 'B', 178),
(54, 30, 44, 'A', 178),
(54, 30, 45, 'A', 178),
(54, 30, 51, 'B', 178),
(54, 30, 56, 'A', 178),
(54, 30, 39, 'D', 178),
(54, 30, 54, 'A', 178),
(54, 30, 49, 'D', 178),
(54, 30, 37, 'B', 178),
(54, 30, 31, 'A', 178),
(54, 30, 57, 'A', 178),
(54, 30, 32, 'A', 178),
(27, 30, 40, 'B', 179),
(27, 30, 34, 'C', 179),
(27, 30, 31, 'A', 179),
(27, 30, 42, 'C', 179),
(27, 30, 33, 'D', 179),
(27, 30, 54, 'A', 179),
(27, 30, 59, 'B', 179),
(27, 30, 56, 'A', 179),
(27, 30, 39, 'D', 179),
(27, 30, 47, 'C', 179),
(27, 30, 52, 'A', 179),
(27, 30, 43, 'C', 179),
(27, 30, 49, 'D', 179),
(27, 30, 35, 'C', 179),
(27, 30, 48, 'D', 179),
(27, 30, 46, 'B', 179),
(27, 30, 58, 'C', 179),
(27, 30, 55, 'B', 179),
(27, 30, 38, 'B', 179),
(27, 30, 32, 'A', 179),
(27, 30, 36, 'A', 179),
(27, 30, 60, 'A', 179),
(27, 30, 51, 'C', 179),
(27, 30, 45, 'A', 179),
(27, 30, 41, 'B', 179),
(27, 30, 44, 'A', 179),
(27, 30, 50, 'C', 179),
(27, 30, 53, 'B', 179),
(27, 30, 57, 'B', 179),
(27, 30, 37, 'B', 179),
(53, 30, 34, 'C', 180),
(53, 30, 46, 'C', 180),
(53, 30, 55, 'B', 180),
(53, 30, 53, 'B', 180),
(53, 30, 40, 'A', 180),
(53, 30, 59, 'D', 180),
(53, 30, 33, 'D', 180),
(53, 30, 31, 'A', 180),
(53, 30, 42, 'C', 180),
(53, 30, 39, 'B', 180),
(53, 30, 41, 'A', 180),
(53, 30, 52, 'C', 180),
(53, 30, 50, 'C', 180),
(53, 30, 58, 'C', 180),
(53, 30, 57, 'A', 180),
(53, 30, 35, 'A', 180),
(53, 30, 47, 'C', 180),
(53, 30, 49, 'A', 180),
(53, 30, 43, 'A', 180),
(53, 30, 56, 'A', 180),
(53, 30, 44, 'A', 180),
(53, 30, 38, 'B', 180),
(53, 30, 60, 'A', 180),
(53, 30, 51, 'B', 180),
(53, 30, 54, 'A', 180),
(53, 30, 45, 'A', 180),
(53, 30, 48, 'D', 180),
(53, 30, 37, 'B', 180),
(53, 30, 36, 'B', 180),
(53, 30, 32, 'A', 180),
(38, 30, 38, 'B', 181),
(38, 30, 60, 'A', 181),
(38, 30, 39, 'D', 181),
(38, 30, 35, 'C', 181),
(38, 30, 51, 'B', 181),
(38, 30, 54, 'A', 181),
(38, 30, 45, 'A', 181),
(38, 30, 49, 'D', 181),
(38, 30, 46, 'B', 181),
(38, 30, 53, 'B', 181),
(38, 30, 40, 'B', 181),
(38, 30, 48, 'D', 181),
(38, 30, 42, 'C', 181),
(38, 30, 44, 'A', 181),
(38, 30, 50, 'C', 181),
(38, 30, 56, 'A', 181),
(38, 30, 59, 'B', 181),
(38, 30, 52, 'A', 181),
(38, 30, 34, 'C', 181),
(38, 30, 37, 'B', 181),
(38, 30, 41, 'B', 181),
(38, 30, 32, 'A', 181),
(38, 30, 58, 'C', 181),
(38, 30, 55, 'B', 181),
(38, 30, 36, 'A', 181),
(38, 30, 57, 'B', 181),
(38, 30, 47, 'A', 181),
(38, 30, 31, 'A', 181),
(38, 30, 43, 'C', 181),
(38, 30, 33, 'D', 181),
(3, 30, 34, 'C', 182),
(3, 30, 54, 'A', 182),
(3, 30, 53, 'B', 182),
(3, 30, 44, 'A', 182),
(3, 30, 31, 'A', 182),
(3, 30, 36, 'A', 182),
(3, 30, 32, 'A', 182),
(3, 30, 37, 'B', 182),
(3, 30, 51, 'B', 182),
(3, 30, 39, 'D', 182),
(3, 30, 41, 'D', 182),
(3, 30, 48, 'D', 182),
(3, 30, 47, 'C', 182),
(3, 30, 45, 'A', 182),
(3, 30, 56, 'A', 182),
(3, 30, 46, 'D', 182),
(3, 30, 33, 'D', 182),
(3, 30, 52, 'C', 182),
(3, 30, 43, 'C', 182),
(3, 30, 38, 'B', 182),
(3, 30, 40, 'B', 182),
(3, 30, 58, 'C', 182),
(3, 30, 35, 'C', 182),
(3, 30, 59, 'B', 182),
(3, 30, 60, 'A', 182),
(3, 30, 49, 'D', 182),
(3, 30, 57, 'B', 182),
(3, 30, 42, 'A', 182),
(3, 30, 50, 'C', 182),
(3, 30, 55, 'B', 182),
(13, 30, 47, 'C', 183),
(13, 30, 52, 'C', 183),
(13, 30, 53, 'No Attempt', 183),
(13, 30, 37, 'D', 183),
(13, 30, 57, 'C', 183),
(13, 30, 45, 'A', 183),
(13, 30, 54, 'A', 183),
(13, 30, 44, 'C', 183),
(13, 30, 36, 'A', 183),
(13, 30, 43, 'A', 183),
(13, 30, 41, 'B', 183),
(13, 30, 55, 'A', 183),
(13, 30, 38, 'B', 183),
(13, 30, 59, 'A', 183),
(13, 30, 40, 'B', 183),
(13, 30, 42, 'C', 183),
(13, 30, 60, 'D', 183),
(13, 30, 50, 'D', 183),
(13, 30, 32, 'A', 183),
(13, 30, 48, 'D', 183),
(13, 30, 58, 'B', 183),
(13, 30, 49, 'D', 183),
(13, 30, 56, 'A', 183),
(13, 30, 51, 'A', 183),
(13, 30, 35, 'C', 183),
(13, 30, 46, 'C', 183),
(13, 30, 34, 'C', 183),
(13, 30, 33, 'C', 183),
(13, 30, 31, 'A', 183),
(13, 30, 39, 'D', 183),
(12, 30, 53, 'B', 184),
(12, 30, 46, 'A', 184),
(12, 30, 48, 'D', 184),
(12, 30, 54, 'A', 184),
(12, 30, 45, 'A', 184),
(12, 30, 43, 'D', 184),
(12, 30, 41, 'C', 184),
(12, 30, 58, 'A', 184),
(12, 30, 51, 'A', 184),
(12, 30, 33, 'D', 184),
(12, 30, 42, 'A', 184),
(12, 30, 52, 'C', 184),
(12, 30, 35, 'A', 184),
(12, 30, 32, 'A', 184),
(12, 30, 50, 'C', 184),
(12, 30, 55, 'B', 184),
(12, 30, 34, 'C', 184),
(12, 30, 40, 'B', 184),
(12, 30, 31, 'A', 184),
(12, 30, 36, 'A', 184),
(12, 30, 60, 'A', 184),
(12, 30, 59, 'B', 184),
(12, 30, 56, 'A', 184),
(12, 30, 47, 'C', 184),
(12, 30, 39, 'D', 184),
(12, 30, 49, 'D', 184),
(12, 30, 38, 'A', 184),
(12, 30, 44, 'A', 184),
(12, 30, 37, 'B', 184),
(12, 30, 57, 'C', 184),
(41, 30, 60, 'A', 185),
(41, 30, 35, 'C', 185),
(41, 30, 50, 'C', 185),
(41, 30, 51, 'A', 185),
(41, 30, 34, 'C', 185),
(41, 30, 53, 'B', 185),
(41, 30, 40, 'B', 185),
(41, 30, 43, 'C', 185),
(41, 30, 52, 'C', 185),
(41, 30, 54, 'A', 185),
(41, 30, 58, 'A', 185),
(41, 30, 32, 'A', 185),
(41, 30, 31, 'A', 185),
(41, 30, 59, 'B', 185),
(41, 30, 37, 'No Attempt', 185),
(41, 30, 57, 'B', 185),
(41, 30, 41, 'B', 185),
(41, 30, 42, 'C', 185),
(41, 30, 47, 'C', 185),
(41, 30, 39, 'D', 185),
(41, 30, 56, 'A', 185),
(41, 30, 33, 'D', 185),
(41, 30, 45, 'A', 185),
(41, 30, 36, 'A', 185),
(41, 30, 46, 'D', 185),
(41, 30, 49, 'D', 185),
(41, 30, 44, 'No Attempt', 185),
(41, 30, 55, 'B', 185),
(41, 30, 48, 'D', 185),
(41, 30, 38, 'B', 185),
(35, 30, 57, 'B', 186),
(35, 30, 58, 'C', 186),
(35, 30, 42, 'C', 186),
(35, 30, 56, 'A', 186),
(35, 30, 33, 'C', 186),
(35, 30, 39, 'D', 186),
(35, 30, 52, 'A', 186),
(35, 30, 43, 'A', 186),
(35, 30, 59, 'B', 186),
(35, 30, 31, 'A', 186),
(35, 30, 40, 'B', 186),
(35, 30, 49, 'D', 186),
(35, 30, 47, 'C', 186),
(35, 30, 35, 'C', 186),
(35, 30, 32, 'A', 186),
(35, 30, 51, 'B', 186),
(35, 30, 54, 'B', 186),
(35, 30, 44, 'A', 186),
(35, 30, 50, 'C', 186),
(35, 30, 36, 'A', 186),
(35, 30, 60, 'No Attempt', 186),
(35, 30, 46, 'B', 186),
(35, 30, 45, 'A', 186),
(35, 30, 41, 'B', 186),
(35, 30, 55, 'B', 186),
(35, 30, 53, 'D', 186),
(35, 30, 38, 'B', 186),
(35, 30, 48, 'D', 186),
(35, 30, 34, 'C', 186),
(35, 30, 37, 'B', 186),
(30, 30, 54, 'C', 187),
(30, 30, 47, 'B', 187),
(30, 30, 40, 'D', 187),
(30, 30, 55, 'B', 187),
(30, 30, 44, 'C', 187),
(30, 30, 31, 'A', 187),
(30, 30, 39, 'D', 187),
(30, 30, 58, 'A', 187),
(30, 30, 37, 'D', 187),
(30, 30, 45, 'B', 187),
(30, 30, 59, 'C', 187),
(30, 30, 53, 'C', 187),
(30, 30, 36, 'B', 187),
(30, 30, 43, 'B', 187),
(30, 30, 56, 'B', 187),
(30, 30, 46, 'A', 187),
(30, 30, 38, 'B', 187),
(30, 30, 33, 'B', 187),
(30, 30, 32, 'A', 187),
(30, 30, 41, 'C', 187),
(30, 30, 50, 'C', 187),
(30, 30, 52, 'A', 187),
(30, 30, 42, 'D', 187),
(30, 30, 34, 'D', 187),
(30, 30, 49, 'A', 187),
(30, 30, 57, 'B', 187),
(30, 30, 35, 'A', 187),
(30, 30, 51, 'A', 187),
(30, 30, 60, 'A', 187),
(30, 30, 48, 'D', 187),
(31, 30, 42, 'A', 188),
(31, 30, 41, 'C', 188),
(31, 30, 38, 'C', 188),
(31, 30, 48, 'No Attempt', 188),
(31, 30, 52, 'B', 188),
(31, 30, 56, 'C', 188),
(31, 30, 39, 'D', 188),
(31, 30, 47, 'C', 188),
(31, 30, 58, 'D', 188),
(31, 30, 51, 'B', 188),
(31, 30, 53, 'C', 188),
(31, 30, 60, 'A', 188),
(31, 30, 36, 'A', 188),
(31, 30, 32, 'A', 188),
(31, 30, 50, 'A', 188),
(31, 30, 57, 'B', 188),
(31, 30, 31, 'A', 188),
(31, 30, 46, 'C', 188),
(31, 30, 33, 'A', 188),
(31, 30, 55, 'C', 188),
(31, 30, 37, 'No Attempt', 188),
(31, 30, 40, 'D', 188),
(31, 30, 49, 'A', 188),
(31, 30, 44, 'C', 188),
(31, 30, 54, 'A', 188),
(31, 30, 59, 'D', 188),
(31, 30, 35, 'B', 188),
(31, 30, 43, 'B', 188),
(31, 30, 34, 'B', 188),
(31, 30, 45, 'B', 188),
(1, 30, 53, 'B', 189),
(1, 30, 55, 'B', 189),
(1, 30, 37, 'B', 189),
(1, 30, 44, 'A', 189),
(1, 30, 33, 'A', 189),
(1, 30, 56, 'A', 189),
(1, 30, 39, 'D', 189),
(1, 30, 43, 'B', 189),
(1, 30, 46, 'B', 189),
(1, 30, 60, 'A', 189),
(1, 30, 57, 'B', 189),
(1, 30, 32, 'No Attempt', 189),
(1, 30, 40, 'B', 189),
(1, 30, 54, 'A', 189),
(1, 30, 47, 'C', 189),
(1, 30, 36, 'B', 189),
(1, 30, 58, 'C', 189),
(1, 30, 34, 'C', 189),
(1, 30, 51, 'A', 189),
(1, 30, 41, 'B', 189),
(1, 30, 35, 'C', 189),
(1, 30, 38, 'B', 189),
(1, 30, 45, 'A', 189),
(1, 30, 31, 'A', 189),
(1, 30, 52, 'C', 189),
(1, 30, 59, 'B', 189),
(1, 30, 42, 'C', 189),
(1, 30, 50, 'C', 189),
(1, 30, 49, 'D', 189),
(1, 30, 48, 'D', 189),
(20, 30, 37, 'B', 190),
(20, 30, 32, 'A', 190),
(20, 30, 45, 'A', 190),
(20, 30, 58, 'C', 190),
(20, 30, 50, 'C', 190),
(20, 30, 54, 'A', 190),
(20, 30, 51, 'B', 190),
(20, 30, 34, 'C', 190),
(20, 30, 48, 'D', 190),
(20, 30, 55, 'A', 190),
(20, 30, 56, 'A', 190),
(20, 30, 31, 'A', 190),
(20, 30, 40, 'A', 190),
(20, 30, 38, 'A', 190),
(20, 30, 47, 'C', 190),
(20, 30, 41, 'B', 190),
(20, 30, 60, 'A', 190),
(20, 30, 52, 'A', 190),
(20, 30, 35, 'C', 190),
(20, 30, 44, 'A', 190),
(20, 30, 59, 'C', 190),
(20, 30, 39, 'D', 190),
(20, 30, 36, 'A', 190),
(20, 30, 49, 'A', 190),
(20, 30, 57, 'A', 190),
(20, 30, 53, 'B', 190),
(20, 30, 33, 'D', 190),
(20, 30, 43, 'A', 190),
(20, 30, 46, 'B', 190),
(20, 30, 42, 'C', 190),
(46, 30, 46, 'B', 191),
(46, 30, 43, 'A', 191),
(46, 30, 56, 'A', 191),
(46, 30, 50, 'C', 191),
(46, 30, 35, 'C', 191),
(46, 30, 34, 'C', 191),
(46, 30, 32, 'A', 191),
(46, 30, 36, 'A', 191),
(46, 30, 42, 'C', 191),
(46, 30, 44, 'A', 191),
(46, 30, 55, 'B', 191),
(46, 30, 60, 'A', 191),
(46, 30, 45, 'A', 191),
(46, 30, 57, 'B', 191),
(46, 30, 31, 'A', 191),
(46, 30, 48, 'D', 191),
(46, 30, 39, 'D', 191),
(46, 30, 33, 'D', 191),
(46, 30, 38, 'B', 191),
(46, 30, 52, 'A', 191),
(46, 30, 41, 'B', 191),
(46, 30, 51, 'B', 191),
(46, 30, 58, 'C', 191),
(46, 30, 54, 'A', 191),
(46, 30, 37, 'B', 191),
(46, 30, 40, 'B', 191),
(46, 30, 47, 'C', 191),
(46, 30, 49, 'D', 191),
(46, 30, 59, 'A', 191),
(46, 30, 53, 'B', 191),
(19, 30, 39, 'D', 192),
(19, 30, 42, 'A', 192),
(19, 30, 51, 'C', 192),
(19, 30, 43, 'D', 192),
(19, 30, 46, 'B', 192),
(19, 30, 32, 'B', 192),
(19, 30, 35, 'D', 192),
(19, 30, 48, 'B', 192),
(19, 30, 60, 'B', 192),
(19, 30, 44, 'D', 192),
(19, 30, 34, 'A', 192),
(19, 30, 53, 'C', 192),
(19, 30, 47, 'A', 192),
(19, 30, 33, 'A', 192),
(19, 30, 40, 'D', 192),
(19, 30, 55, 'B', 192),
(19, 30, 58, 'B', 192),
(19, 30, 41, 'D', 192),
(19, 30, 50, 'C', 192),
(19, 30, 37, 'C', 192),
(19, 30, 54, 'D', 192),
(19, 30, 59, 'D', 192),
(19, 30, 57, 'A', 192),
(19, 30, 31, 'C', 192),
(19, 30, 45, 'C', 192),
(19, 30, 56, 'D', 192),
(19, 30, 49, 'D', 192),
(19, 30, 52, 'A', 192),
(19, 30, 38, 'C', 192),
(19, 30, 36, 'A', 192),
(32, 30, 38, 'B', 193),
(32, 30, 59, 'B', 193),
(32, 30, 60, 'C', 193),
(47, 30, 32, 'A', 194),
(32, 30, 32, 'A', 193),
(47, 30, 36, 'A', 194),
(32, 30, 48, 'D', 193),
(47, 30, 59, 'C', 194),
(32, 30, 37, 'B', 193),
(47, 30, 47, 'D', 194),
(32, 30, 54, 'A', 193),
(47, 30, 43, 'D', 194),
(32, 30, 57, 'C', 193),
(47, 30, 35, 'C', 194),
(32, 30, 56, 'A', 193),
(47, 30, 41, 'C', 194),
(32, 30, 58, 'B', 193),
(47, 30, 60, 'A', 194),
(32, 30, 50, 'C', 193),
(47, 30, 38, 'A', 194),
(32, 30, 33, 'D', 193),
(47, 30, 45, 'A', 194),
(32, 30, 52, 'C', 193),
(47, 30, 51, 'D', 194),
(32, 30, 45, 'B', 193),
(47, 30, 56, 'No Attempt', 194),
(32, 30, 39, 'D', 193),
(47, 30, 34, 'C', 194),
(32, 30, 43, 'A', 193),
(47, 30, 53, 'B', 194),
(32, 30, 40, 'B', 193),
(47, 30, 42, 'C', 194),
(32, 30, 31, 'A', 193),
(47, 30, 37, 'B', 194),
(32, 30, 53, 'B', 193),
(47, 30, 33, 'B', 194),
(32, 30, 41, 'B', 193),
(47, 30, 31, 'C', 194),
(32, 30, 55, 'A', 193),
(47, 30, 50, 'D', 194),
(32, 30, 42, 'C', 193),
(47, 30, 40, 'B', 194),
(32, 30, 34, 'C', 193),
(47, 30, 52, 'C', 194),
(32, 30, 44, 'A', 193),
(47, 30, 58, 'A', 194),
(32, 30, 35, 'C', 193),
(47, 30, 57, 'C', 194),
(32, 30, 46, 'B', 193),
(47, 30, 44, 'D', 194),
(32, 30, 51, 'D', 193),
(47, 30, 54, 'A', 194),
(32, 30, 36, 'A', 193),
(47, 30, 49, 'D', 194),
(32, 30, 47, 'C', 193),
(47, 30, 39, 'D', 194),
(32, 30, 49, 'D', 193),
(47, 30, 48, 'D', 194),
(47, 30, 55, 'B', 194),
(47, 30, 46, 'C', 194),
(5, 30, 45, 'A', 195),
(5, 30, 40, 'B', 195),
(5, 30, 42, 'C', 195),
(5, 30, 46, 'D', 195),
(5, 30, 36, 'A', 195),
(5, 30, 39, 'A', 195),
(5, 30, 58, 'A', 195),
(5, 30, 48, 'D', 195),
(5, 30, 59, 'B', 195),
(5, 30, 44, 'A', 195),
(5, 30, 33, 'D', 195),
(5, 30, 35, 'C', 195),
(5, 30, 55, 'B', 195),
(5, 30, 51, 'C', 195),
(5, 30, 47, 'C', 195),
(5, 30, 43, 'A', 195),
(5, 30, 31, 'A', 195),
(5, 30, 32, 'A', 195),
(5, 30, 52, 'C', 195),
(5, 30, 41, 'A', 195),
(5, 30, 60, 'A', 195),
(5, 30, 54, 'A', 195),
(5, 30, 53, 'B', 195),
(5, 30, 49, 'D', 195),
(5, 30, 56, 'A', 195),
(5, 30, 34, 'C', 195),
(5, 30, 37, 'B', 195),
(5, 30, 57, 'C', 195),
(5, 30, 50, 'C', 195),
(5, 30, 38, 'B', 195),
(34, 30, 42, 'C', 196),
(34, 30, 33, 'A', 196),
(34, 30, 46, 'C', 196),
(34, 30, 45, 'A', 196),
(34, 30, 54, 'A', 196),
(34, 30, 47, 'B', 196),
(34, 30, 59, 'D', 196),
(34, 30, 58, 'A', 196),
(34, 30, 38, 'A', 196),
(34, 30, 56, 'A', 196),
(34, 30, 55, 'A', 196),
(34, 30, 43, 'C', 196),
(34, 30, 60, 'C', 196),
(34, 30, 35, 'C', 196),
(34, 30, 51, 'B', 196),
(34, 30, 49, 'D', 196),
(34, 30, 34, 'A', 196),
(34, 30, 36, 'A', 196),
(34, 30, 50, 'D', 196),
(34, 30, 37, 'B', 196),
(34, 30, 48, 'B', 196),
(34, 30, 52, 'C', 196),
(34, 30, 57, 'C', 196),
(34, 30, 39, 'A', 196),
(34, 30, 31, 'B', 196),
(34, 30, 53, 'A', 196),
(34, 30, 40, 'D', 196),
(34, 30, 44, 'D', 196),
(34, 30, 32, 'C', 196),
(34, 30, 41, 'C', 196),
(29, 30, 58, 'C', 197),
(29, 30, 39, 'D', 197),
(29, 30, 59, 'B', 197),
(29, 30, 43, 'C', 197),
(29, 30, 46, 'B', 197),
(29, 30, 41, 'B', 197),
(29, 30, 48, 'D', 197),
(29, 30, 60, 'A', 197),
(29, 30, 42, 'C', 197),
(29, 30, 33, 'D', 197),
(29, 30, 51, 'B', 197),
(29, 30, 45, 'A', 197),
(29, 30, 57, 'A', 197),
(29, 30, 40, 'B', 197),
(29, 30, 55, 'B', 197),
(29, 30, 47, 'C', 197),
(29, 30, 44, 'A', 197),
(29, 30, 56, 'A', 197),
(29, 30, 52, 'A', 197),
(29, 30, 54, 'A', 197),
(29, 30, 31, 'A', 197),
(29, 30, 50, 'C', 197),
(29, 30, 49, 'D', 197),
(29, 30, 36, 'A', 197),
(29, 30, 37, 'B', 197),
(29, 30, 32, 'A', 197),
(29, 30, 53, 'B', 197),
(29, 30, 38, 'B', 197),
(29, 30, 35, 'C', 197),
(29, 30, 34, 'C', 197),
(55, 30, 56, 'D', 198),
(55, 30, 37, 'A', 198),
(55, 30, 48, 'D', 198),
(55, 30, 54, 'A', 198),
(55, 30, 44, 'D', 198),
(55, 30, 34, 'C', 198),
(55, 30, 46, 'C', 198),
(55, 30, 40, 'B', 198),
(55, 30, 55, 'B', 198),
(55, 30, 59, 'A', 198),
(55, 30, 60, 'A', 198),
(55, 30, 51, 'D', 198),
(55, 30, 41, 'B', 198),
(55, 30, 36, 'A', 198),
(55, 30, 43, 'No Attempt', 198),
(55, 30, 47, 'C', 198),
(55, 30, 45, 'A', 198),
(55, 30, 31, 'A', 198),
(55, 30, 50, 'C', 198),
(55, 30, 49, 'A', 198),
(55, 30, 42, 'C', 198),
(55, 30, 33, 'A', 198),
(55, 30, 38, 'B', 198),
(55, 30, 52, 'A', 198),
(55, 30, 58, 'C', 198),
(55, 30, 35, 'C', 198),
(55, 30, 53, 'B', 198),
(55, 30, 39, 'D', 198),
(55, 30, 57, 'A', 198),
(55, 30, 32, 'A', 198),
(52, 30, 33, 'D', 199),
(52, 30, 46, 'D', 199),
(52, 30, 58, 'C', 199),
(52, 30, 37, 'C', 199),
(52, 30, 50, 'D', 199),
(52, 30, 51, 'A', 199),
(52, 30, 36, 'B', 199),
(52, 30, 57, 'B', 199),
(52, 30, 39, 'B', 199),
(52, 30, 41, 'A', 199),
(52, 30, 53, 'B', 199),
(52, 30, 43, 'C', 199),
(52, 30, 35, 'C', 199),
(52, 30, 47, 'C', 199),
(52, 30, 56, 'B', 199),
(52, 30, 59, 'C', 199),
(52, 30, 52, 'A', 199),
(52, 30, 60, 'A', 199),
(52, 30, 40, 'B', 199),
(52, 30, 45, 'A', 199),
(52, 30, 42, 'A', 199),
(52, 30, 44, 'C', 199),
(52, 30, 32, 'A', 199),
(52, 30, 54, 'A', 199),
(52, 30, 48, 'D', 199),
(52, 30, 34, 'C', 199),
(52, 30, 31, 'A', 199),
(52, 30, 49, 'D', 199),
(52, 30, 38, 'D', 199),
(52, 30, 55, 'A', 199),
(22, 30, 51, 'B', 200),
(22, 30, 54, 'A', 200),
(22, 30, 53, 'B', 200),
(22, 30, 33, 'D', 200),
(22, 30, 55, 'B', 200),
(22, 30, 44, 'A', 200),
(22, 30, 47, 'C', 200),
(22, 30, 45, 'A', 200),
(22, 30, 56, 'A', 200),
(22, 30, 57, 'B', 200),
(22, 30, 41, 'B', 200),
(22, 30, 38, 'B', 200),
(22, 30, 40, 'B', 200),
(22, 30, 52, 'A', 200),
(22, 30, 42, 'C', 200),
(22, 30, 32, 'A', 200),
(22, 30, 59, 'B', 200),
(22, 30, 35, 'C', 200),
(22, 30, 37, 'B', 200),
(22, 30, 36, 'A', 200),
(22, 30, 58, 'C', 200),
(22, 30, 43, 'C', 200),
(22, 30, 34, 'C', 200),
(22, 30, 60, 'A', 200),
(22, 30, 48, 'D', 200),
(22, 30, 49, 'D', 200),
(22, 30, 39, 'D', 200),
(22, 30, 31, 'A', 200),
(22, 30, 50, 'A', 200),
(22, 30, 46, 'B', 200),
(21, 30, 31, 'A', 201),
(21, 30, 51, 'B', 201),
(21, 30, 59, 'B', 201),
(21, 30, 45, 'A', 201),
(21, 30, 55, 'B', 201),
(21, 30, 58, 'C', 201),
(21, 30, 36, 'A', 201),
(21, 30, 57, 'C', 201),
(21, 30, 35, 'C', 201),
(21, 30, 42, 'C', 201),
(21, 30, 44, 'B', 201),
(21, 30, 49, 'D', 201),
(21, 30, 39, 'C', 201),
(21, 30, 54, 'A', 201),
(21, 30, 47, 'C', 201),
(21, 30, 52, 'C', 201),
(21, 30, 34, 'C', 201),
(21, 30, 32, 'A', 201),
(21, 30, 37, 'B', 201),
(21, 30, 40, 'B', 201),
(21, 30, 41, 'A', 201),
(21, 30, 33, 'D', 201),
(21, 30, 50, 'C', 201),
(21, 30, 48, 'D', 201),
(21, 30, 56, 'A', 201),
(21, 30, 46, 'D', 201),
(21, 30, 60, 'D', 201),
(21, 30, 38, 'B', 201),
(21, 30, 43, 'A', 201),
(21, 30, 53, 'C', 201),
(40, 30, 31, 'A', 202),
(40, 30, 36, 'B', 202),
(40, 30, 32, 'B', 202),
(40, 30, 46, 'No Attempt', 202),
(40, 30, 53, 'D', 202),
(40, 30, 41, 'A', 202),
(40, 30, 44, 'B', 202),
(40, 30, 37, 'B', 202),
(40, 30, 39, 'A', 202),
(40, 30, 42, 'C', 202),
(40, 30, 54, 'A', 202),
(40, 30, 43, 'A', 202),
(40, 30, 48, 'D', 202),
(40, 30, 55, 'B', 202),
(40, 30, 33, 'A', 202),
(40, 30, 35, 'C', 202),
(40, 30, 47, 'C', 202),
(40, 30, 59, 'B', 202),
(40, 30, 38, 'B', 202),
(40, 30, 34, 'D', 202),
(40, 30, 51, 'B', 202),
(40, 30, 56, 'B', 202),
(40, 30, 57, 'B', 202),
(40, 30, 45, 'A', 202),
(40, 30, 58, 'No Attempt', 202),
(40, 30, 52, 'C', 202),
(40, 30, 40, 'B', 202),
(40, 30, 50, 'C', 202),
(40, 30, 49, 'D', 202),
(40, 30, 60, 'A', 202),
(36, 30, 48, 'D', 203),
(36, 30, 59, 'B', 203),
(36, 30, 38, 'A', 203),
(36, 30, 43, 'A', 203),
(36, 30, 40, 'B', 203),
(36, 30, 37, 'B', 203),
(36, 30, 51, 'B', 203),
(36, 30, 36, 'A', 203),
(36, 30, 44, 'A', 203),
(36, 30, 31, 'A', 203),
(36, 30, 60, 'No Attempt', 203),
(36, 30, 58, 'C', 203),
(36, 30, 56, 'C', 203),
(36, 30, 42, 'C', 203),
(36, 30, 53, 'B', 203),
(36, 30, 34, 'C', 203),
(36, 30, 57, 'B', 203),
(36, 30, 33, 'D', 203),
(36, 30, 49, 'C', 203),
(36, 30, 32, 'A', 203),
(36, 30, 46, 'D', 203),
(36, 30, 55, 'B', 203),
(36, 30, 52, 'C', 203),
(36, 30, 54, 'A', 203),
(36, 30, 47, 'C', 203),
(36, 30, 39, 'B', 203),
(36, 30, 45, 'A', 203),
(36, 30, 35, 'C', 203),
(36, 30, 41, 'A', 203),
(36, 30, 50, 'C', 203),
(25, 30, 50, 'C', 204),
(25, 30, 44, 'B', 204),
(25, 30, 47, 'C', 204),
(25, 30, 48, 'D', 204),
(25, 30, 31, 'D', 204),
(25, 30, 34, 'C', 204),
(25, 30, 56, 'A', 204),
(25, 30, 32, 'A', 204),
(25, 30, 46, 'D', 204),
(25, 30, 52, 'C', 204),
(25, 30, 57, 'C', 204),
(25, 30, 53, 'B', 204),
(25, 30, 41, 'A', 204),
(25, 30, 60, 'A', 204),
(25, 30, 59, 'B', 204),
(25, 30, 55, 'B', 204),
(25, 30, 54, 'A', 204),
(25, 30, 38, 'D', 204),
(25, 30, 45, 'A', 204),
(25, 30, 49, 'D', 204),
(25, 30, 42, 'C', 204),
(25, 30, 39, 'A', 204),
(25, 30, 40, 'B', 204),
(25, 30, 43, 'C', 204),
(25, 30, 58, 'A', 204),
(25, 30, 33, 'D', 204),
(25, 30, 51, 'A', 204),
(25, 30, 37, 'B', 204),
(25, 30, 36, 'A', 204),
(25, 30, 35, 'A', 204),
(4, 30, 54, 'A', 205),
(4, 30, 34, 'C', 205),
(4, 30, 60, 'A', 205),
(4, 30, 33, 'D', 205),
(4, 30, 57, 'C', 205),
(4, 30, 58, 'A', 205),
(4, 30, 32, 'A', 205),
(4, 30, 42, 'B', 205),
(4, 30, 45, 'B', 205),
(4, 30, 49, 'D', 205),
(4, 30, 48, 'A', 205),
(4, 30, 59, 'A', 205),
(4, 30, 50, 'C', 205),
(4, 30, 53, 'B', 205),
(4, 30, 43, 'D', 205),
(4, 30, 39, 'D', 205),
(4, 30, 46, 'B', 205),
(4, 30, 44, 'A', 205),
(4, 30, 37, 'D', 205),
(4, 30, 40, 'B', 205),
(4, 30, 52, 'C', 205),
(4, 30, 36, 'No Attempt', 205),
(4, 30, 47, 'B', 205),
(4, 30, 41, 'B', 205),
(4, 30, 56, 'A', 205),
(4, 30, 38, 'B', 205),
(4, 30, 31, 'A', 205),
(4, 30, 51, 'D', 205),
(4, 30, 35, 'A', 205),
(4, 30, 55, 'D', 205),
(42, 30, 35, 'C', 206),
(42, 30, 50, 'C', 206),
(42, 30, 39, 'A', 206),
(42, 30, 60, 'B', 206),
(42, 30, 42, 'C', 206),
(42, 30, 38, 'B', 206),
(42, 30, 48, 'D', 206),
(42, 30, 53, 'A', 206),
(42, 30, 44, 'A', 206),
(42, 30, 31, 'A', 206),
(42, 30, 37, 'B', 206),
(42, 30, 58, 'A', 206),
(42, 30, 45, 'A', 206),
(42, 30, 59, 'A', 206),
(42, 30, 54, 'A', 206),
(42, 30, 55, 'B', 206),
(42, 30, 47, 'C', 206),
(42, 30, 52, 'C', 206),
(42, 30, 49, 'D', 206),
(42, 30, 46, 'C', 206),
(42, 30, 36, 'A', 206),
(42, 30, 51, 'A', 206),
(42, 30, 32, 'A', 206),
(42, 30, 34, 'C', 206),
(42, 30, 40, 'C', 206),
(42, 30, 56, 'A', 206),
(42, 30, 41, 'C', 206),
(42, 30, 43, 'B', 206),
(42, 30, 57, 'D', 206),
(42, 30, 33, 'B', 206),
(18, 30, 56, 'D', 207),
(18, 30, 47, 'A', 207),
(18, 30, 38, 'A', 207),
(18, 30, 40, 'B', 207),
(18, 30, 46, 'C', 207),
(18, 30, 50, 'D', 207),
(18, 30, 33, 'D', 207),
(18, 30, 58, 'A', 207),
(18, 30, 43, 'D', 207),
(18, 30, 39, 'D', 207),
(18, 30, 53, 'B', 207),
(18, 30, 36, 'B', 207),
(18, 30, 34, 'C', 207),
(18, 30, 31, 'A', 207),
(18, 30, 57, 'C', 207),
(18, 30, 32, 'A', 207),
(18, 30, 35, 'C', 207),
(18, 30, 45, 'A', 207),
(18, 30, 55, 'B', 207),
(18, 30, 51, 'A', 207),
(18, 30, 59, 'D', 207),
(18, 30, 49, 'D', 207),
(18, 30, 60, 'A', 207),
(18, 30, 42, 'A', 207),
(18, 30, 48, 'D', 207),
(18, 30, 41, 'A', 207),
(18, 30, 44, 'A', 207),
(18, 30, 52, 'C', 207),
(18, 30, 54, 'D', 207),
(18, 30, 37, 'B', 207),
(9, 30, 48, 'D', 208),
(9, 30, 57, 'C', 208),
(9, 30, 41, 'A', 208),
(9, 30, 46, 'D', 208),
(9, 30, 52, 'C', 208),
(9, 30, 43, 'D', 208),
(9, 30, 39, 'D', 208),
(9, 30, 38, 'B', 208),
(9, 30, 44, 'A', 208),
(9, 30, 37, 'B', 208),
(9, 30, 34, 'C', 208),
(9, 30, 58, 'B', 208),
(9, 30, 55, 'B', 208),
(9, 30, 51, 'A', 208),
(9, 30, 59, 'B', 208),
(9, 30, 40, 'B', 208),
(9, 30, 31, 'A', 208),
(9, 30, 32, 'D', 208),
(9, 30, 42, 'C', 208),
(9, 30, 45, 'A', 208),
(9, 30, 49, 'D', 208),
(9, 30, 53, 'B', 208),
(9, 30, 36, 'A', 208),
(9, 30, 60, 'A', 208),
(9, 30, 35, 'C', 208),
(9, 30, 50, 'C', 208),
(9, 30, 54, 'A', 208),
(9, 30, 47, 'C', 208),
(9, 30, 33, 'D', 208),
(9, 30, 56, 'A', 208),
(16, 30, 49, 'D', 209),
(16, 30, 55, 'B', 209),
(16, 30, 34, 'C', 209),
(16, 30, 54, 'A', 209),
(16, 30, 45, 'C', 209),
(16, 30, 43, 'C', 209),
(16, 30, 50, 'C', 209),
(16, 30, 36, 'A', 209),
(16, 30, 35, 'C', 209),
(16, 30, 51, 'B', 209),
(16, 30, 33, 'D', 209),
(16, 30, 44, 'A', 209),
(16, 30, 38, 'B', 209),
(16, 30, 57, 'B', 209),
(16, 30, 40, 'B', 209),
(16, 30, 37, 'B', 209),
(16, 30, 47, 'C', 209),
(16, 30, 46, 'B', 209),
(16, 30, 42, 'C', 209),
(16, 30, 60, 'A', 209),
(16, 30, 56, 'A', 209),
(16, 30, 59, 'B', 209),
(16, 30, 39, 'D', 209),
(16, 30, 31, 'A', 209),
(16, 30, 52, 'C', 209),
(16, 30, 53, 'B', 209),
(16, 30, 32, 'A', 209),
(16, 30, 48, 'D', 209),
(16, 30, 41, 'B', 209),
(16, 30, 58, 'C', 209),
(6, 30, 33, 'D', 210),
(6, 30, 38, 'B', 210),
(6, 30, 46, 'B', 210),
(6, 30, 39, 'D', 210),
(6, 30, 36, 'A', 210),
(6, 30, 57, 'C', 210),
(6, 30, 31, 'A', 210),
(6, 30, 60, 'A', 210),
(6, 30, 34, 'C', 210),
(6, 30, 44, 'A', 210),
(6, 30, 52, 'C', 210),
(6, 30, 35, 'C', 210),
(6, 30, 54, 'A', 210),
(6, 30, 40, 'B', 210),
(6, 30, 50, 'C', 210),
(6, 30, 55, 'B', 210),
(6, 30, 45, 'A', 210),
(6, 30, 51, 'B', 210),
(6, 30, 58, 'C', 210),
(6, 30, 37, 'A', 210),
(6, 30, 41, 'C', 210),
(6, 30, 43, 'A', 210),
(6, 30, 42, 'C', 210),
(6, 30, 56, 'A', 210),
(6, 30, 49, 'D', 210),
(6, 30, 47, 'C', 210),
(6, 30, 59, 'D', 210),
(6, 30, 48, 'C', 210),
(6, 30, 53, 'A', 210),
(6, 30, 32, 'A', 210),
(50, 30, 43, 'C', 211),
(50, 30, 44, 'A', 211),
(50, 30, 52, 'C', 211),
(50, 30, 32, 'A', 211),
(50, 30, 58, 'B', 211),
(50, 30, 38, 'B', 211),
(50, 30, 51, 'B', 211),
(50, 30, 45, 'A', 211),
(50, 30, 34, 'C', 211),
(50, 30, 48, 'D', 211),
(50, 30, 40, 'B', 211),
(50, 30, 57, 'C', 211),
(50, 30, 42, 'C', 211),
(50, 30, 35, 'C', 211),
(50, 30, 31, 'A', 211),
(50, 30, 47, 'C', 211),
(50, 30, 56, 'A', 211),
(50, 30, 59, 'B', 211),
(50, 30, 60, 'B', 211),
(50, 30, 50, 'C', 211),
(50, 30, 41, 'B', 211),
(50, 30, 49, 'D', 211),
(50, 30, 53, 'B', 211),
(50, 30, 55, 'B', 211),
(50, 30, 46, 'B', 211),
(50, 30, 54, 'A', 211),
(50, 30, 33, 'D', 211),
(50, 30, 36, 'A', 211),
(50, 30, 39, 'D', 211),
(50, 30, 37, 'B', 211),
(24, 30, 49, 'D', 212),
(24, 30, 44, 'A', 212),
(24, 30, 45, 'A', 212),
(24, 30, 60, 'B', 212),
(24, 30, 46, 'D', 212),
(24, 30, 33, 'D', 212),
(24, 30, 32, 'A', 212),
(24, 30, 40, 'B', 212),
(24, 30, 38, 'B', 212),
(24, 30, 48, 'D', 212),
(24, 30, 31, 'A', 212),
(24, 30, 59, 'B', 212),
(24, 30, 52, 'C', 212),
(24, 30, 42, 'C', 212),
(24, 30, 50, 'C', 212),
(24, 30, 36, 'A', 212),
(24, 30, 34, 'C', 212),
(24, 30, 43, 'A', 212),
(24, 30, 37, 'B', 212),
(24, 30, 35, 'C', 212),
(24, 30, 56, 'A', 212),
(24, 30, 55, 'B', 212),
(24, 30, 47, 'C', 212),
(24, 30, 39, 'D', 212),
(24, 30, 58, 'A', 212),
(24, 30, 41, 'A', 212),
(24, 30, 57, 'C', 212),
(24, 30, 51, 'A', 212),
(24, 30, 54, 'A', 212),
(24, 30, 53, 'B', 212),
(44, 30, 49, 'A', 213),
(44, 30, 37, 'D', 213),
(44, 30, 48, 'C', 213),
(44, 30, 34, 'B', 213),
(44, 30, 60, 'B', 213),
(44, 30, 47, 'C', 213),
(44, 30, 38, 'A', 213),
(44, 30, 50, 'C', 213),
(44, 30, 53, 'A', 213),
(44, 30, 46, 'B', 213),
(44, 30, 40, 'D', 213),
(44, 30, 43, 'B', 213),
(44, 30, 39, 'B', 213),
(44, 30, 35, 'A', 213),
(44, 30, 55, 'C', 213),
(44, 30, 54, 'B', 213),
(44, 30, 51, 'A', 213),
(44, 30, 57, 'A', 213),
(44, 30, 33, 'D', 213),
(44, 30, 36, 'C', 213),
(44, 30, 52, 'B', 213),
(44, 30, 42, 'A', 213),
(44, 30, 45, 'D', 213),
(44, 30, 32, 'B', 213),
(44, 30, 56, 'B', 213),
(44, 30, 58, 'D', 213),
(44, 30, 44, 'A', 213),
(44, 30, 31, 'A', 213),
(44, 30, 59, 'C', 213),
(44, 30, 41, 'A', 213),
(49, 30, 41, 'D', 214),
(49, 30, 60, 'A', 214),
(49, 30, 58, 'B', 214),
(49, 30, 49, 'D', 214),
(49, 30, 35, 'C', 214),
(49, 30, 36, 'A', 214),
(49, 30, 34, 'C', 214),
(49, 30, 40, 'C', 214),
(49, 30, 46, 'D', 214),
(49, 30, 31, 'B', 214),
(49, 30, 42, 'C', 214),
(49, 30, 48, 'D', 214),
(49, 30, 56, 'A', 214),
(49, 30, 59, 'B', 214),
(49, 30, 37, 'B', 214),
(49, 30, 43, 'A', 214),
(49, 30, 54, 'A', 214),
(49, 30, 32, 'A', 214),
(49, 30, 53, 'B', 214),
(49, 30, 57, 'D', 214),
(49, 30, 50, 'C', 214),
(49, 30, 44, 'A', 214),
(49, 30, 39, 'D', 214),
(49, 30, 55, 'B', 214),
(49, 30, 47, 'C', 214),
(49, 30, 38, 'B', 214),
(49, 30, 45, 'A', 214),
(49, 30, 52, 'C', 214),
(49, 30, 51, 'C', 214),
(49, 30, 33, 'C', 214),
(37, 30, 34, 'C', 215),
(37, 30, 41, 'B', 215),
(37, 30, 33, 'D', 215),
(37, 30, 50, 'D', 215),
(37, 30, 47, 'C', 215),
(37, 30, 56, 'A', 215),
(37, 30, 31, 'A', 215),
(37, 30, 49, 'D', 215),
(37, 30, 44, 'A', 215),
(37, 30, 55, 'B', 215),
(37, 30, 42, 'C', 215),
(37, 30, 37, 'B', 215),
(37, 30, 36, 'A', 215),
(37, 30, 52, 'C', 215),
(37, 30, 60, 'A', 215),
(37, 30, 51, 'A', 215),
(37, 30, 54, 'A', 215),
(37, 30, 59, 'B', 215),
(37, 30, 46, 'B', 215),
(37, 30, 45, 'A', 215),
(37, 30, 48, 'D', 215),
(37, 30, 32, 'A', 215),
(37, 30, 53, 'B', 215),
(37, 30, 38, 'B', 215),
(37, 30, 58, 'C', 215),
(37, 30, 39, 'B', 215),
(37, 30, 35, 'C', 215),
(37, 30, 57, 'C', 215),
(37, 30, 43, 'D', 215),
(37, 30, 40, 'B', 215),
(2, 30, 48, 'D', 216),
(2, 30, 39, 'A', 216),
(2, 30, 32, 'A', 216),
(2, 30, 41, 'D', 216),
(2, 30, 59, 'B', 216),
(2, 30, 34, 'C', 216),
(2, 30, 37, 'B', 216),
(2, 30, 40, 'B', 216),
(2, 30, 36, 'A', 216),
(2, 30, 55, 'B', 216),
(2, 30, 43, 'C', 216),
(2, 30, 38, 'B', 216),
(2, 30, 44, 'A', 216),
(2, 30, 35, 'C', 216),
(2, 30, 47, 'C', 216),
(2, 30, 53, 'B', 216),
(2, 30, 50, 'C', 216),
(2, 30, 57, 'C', 216),
(2, 30, 54, 'A', 216),
(2, 30, 52, 'C', 216),
(2, 30, 46, 'B', 216),
(2, 30, 42, 'A', 216),
(2, 30, 31, 'A', 216),
(2, 30, 51, 'B', 216),
(2, 30, 56, 'No Attempt', 216),
(2, 30, 33, 'D', 216),
(2, 30, 49, 'D', 216),
(2, 30, 60, 'A', 216),
(2, 30, 58, 'C', 216),
(2, 30, 45, 'A', 216),
(48, 30, 39, 'C', 217),
(48, 30, 51, 'B', 217),
(48, 30, 41, 'B', 217),
(48, 30, 45, 'A', 217),
(48, 30, 40, 'B', 217),
(48, 30, 43, 'C', 217),
(48, 30, 33, 'D', 217),
(48, 30, 54, 'A', 217),
(48, 30, 32, 'B', 217),
(48, 30, 52, 'A', 217),
(48, 30, 37, 'B', 217),
(48, 30, 31, 'A', 217),
(48, 30, 34, 'C', 217),
(48, 30, 36, 'B', 217),
(48, 30, 59, 'A', 217),
(48, 30, 46, 'B', 217),
(48, 30, 38, 'B', 217),
(48, 30, 50, 'C', 217),
(48, 30, 56, 'A', 217),
(48, 30, 47, 'C', 217),
(48, 30, 57, 'A', 217),
(48, 30, 58, 'A', 217),
(48, 30, 48, 'C', 217),
(48, 30, 49, 'D', 217),
(48, 30, 44, 'B', 217),
(48, 30, 35, 'C', 217),
(48, 30, 53, 'B', 217),
(48, 30, 60, 'A', 217),
(48, 30, 55, 'B', 217),
(48, 30, 42, 'C', 217),
(17, 30, 38, 'B', 218),
(17, 30, 53, 'B', 218),
(17, 30, 45, 'A', 218),
(17, 30, 58, 'No Attempt', 218),
(17, 30, 33, 'D', 218),
(17, 30, 35, 'A', 218),
(17, 30, 46, 'No Attempt', 218),
(17, 30, 56, 'No Attempt', 218),
(17, 30, 39, 'D', 218),
(17, 30, 40, 'B', 218),
(17, 30, 37, 'No Attempt', 218),
(17, 30, 59, 'B', 218),
(17, 30, 54, 'A', 218),
(17, 30, 44, 'A', 218),
(17, 30, 42, 'A', 218),
(17, 30, 34, 'C', 218),
(17, 30, 51, 'A', 218),
(17, 30, 36, 'A', 218),
(17, 30, 50, 'C', 218),
(17, 30, 60, 'No Attempt', 218),
(17, 30, 48, 'D', 218),
(17, 30, 52, 'C', 218),
(17, 30, 32, 'A', 218),
(17, 30, 43, 'C', 218),
(17, 30, 57, 'C', 218),
(17, 30, 47, 'C', 218),
(17, 30, 41, 'C', 218),
(17, 30, 55, 'B', 218),
(17, 30, 31, 'A', 218),
(17, 30, 49, 'D', 218),
(8, 30, 45, 'A', 219),
(8, 30, 46, 'B', 219),
(8, 30, 43, 'A', 219),
(8, 30, 48, 'D', 219),
(8, 30, 58, 'C', 219),
(8, 30, 55, 'B', 219),
(8, 30, 56, 'A', 219),
(8, 30, 60, 'A', 219),
(8, 30, 50, 'C', 219),
(8, 30, 31, 'A', 219),
(8, 30, 49, 'D', 219),
(8, 30, 35, 'C', 219),
(8, 30, 32, 'A', 219),
(8, 30, 41, 'D', 219),
(8, 30, 34, 'C', 219),
(8, 30, 53, 'B', 219),
(8, 30, 47, 'C', 219),
(8, 30, 39, 'A', 219),
(8, 30, 51, 'B', 219),
(8, 30, 59, 'B', 219),
(8, 30, 36, 'A', 219),
(8, 30, 38, 'B', 219),
(8, 30, 42, 'C', 219),
(8, 30, 44, 'A', 219),
(8, 30, 40, 'B', 219),
(8, 30, 57, 'C', 219),
(8, 30, 52, 'C', 219),
(8, 30, 37, 'B', 219),
(8, 30, 33, 'D', 219),
(8, 30, 54, 'A', 219),
(28, 30, 57, 'A', 220),
(28, 30, 53, 'A', 220),
(28, 30, 52, 'B', 220),
(28, 30, 51, 'A', 220),
(28, 30, 56, 'B', 220),
(28, 30, 50, 'C', 220),
(28, 30, 54, 'A', 220),
(28, 30, 31, 'C', 220),
(28, 30, 42, 'C', 220),
(28, 30, 37, 'B', 220),
(28, 30, 47, 'No Attempt', 220),
(28, 30, 38, 'B', 220),
(28, 30, 33, 'D', 220),
(28, 30, 59, 'D', 220),
(28, 30, 46, 'B', 220),
(28, 30, 43, 'C', 220),
(28, 30, 34, 'C', 220),
(28, 30, 40, 'B', 220),
(28, 30, 55, 'B', 220),
(28, 30, 49, 'D', 220),
(28, 30, 41, 'A', 220),
(28, 30, 44, 'A', 220),
(28, 30, 36, 'A', 220),
(28, 30, 35, 'C', 220),
(28, 30, 45, 'A', 220),
(28, 30, 39, 'D', 220),
(28, 30, 48, 'D', 220),
(28, 30, 58, 'C', 220),
(28, 30, 60, 'A', 220),
(28, 30, 32, 'A', 220),
(39, 30, 37, 'B', 221),
(39, 30, 56, 'A', 221),
(39, 30, 39, 'D', 221),
(39, 30, 36, 'A', 221),
(39, 30, 54, 'A', 221),
(39, 30, 49, 'A', 221),
(39, 30, 34, 'A', 221),
(39, 30, 59, 'C', 221),
(39, 30, 44, 'A', 221),
(39, 30, 42, 'C', 221),
(39, 30, 50, 'C', 221),
(39, 30, 57, 'A', 221),
(39, 30, 45, 'A', 221),
(39, 30, 32, 'A', 221),
(39, 30, 58, 'C', 221),
(39, 30, 35, 'C', 221),
(39, 30, 33, 'C', 221),
(39, 30, 48, 'D', 221),
(39, 30, 38, 'C', 221),
(39, 30, 51, 'B', 221),
(39, 30, 40, 'A', 221),
(39, 30, 53, 'B', 221),
(39, 30, 52, 'C', 221),
(39, 30, 46, 'B', 221),
(39, 30, 43, 'A', 221),
(39, 30, 31, 'A', 221),
(39, 30, 41, 'B', 221),
(39, 30, 55, 'A', 221),
(39, 30, 60, 'A', 221),
(39, 30, 47, 'D', 221),
(23, 30, 59, 'C', 222),
(23, 30, 50, 'B', 222),
(23, 30, 48, 'B', 222),
(23, 30, 35, 'C', 222),
(23, 30, 56, 'A', 222),
(23, 30, 60, 'A', 222),
(23, 30, 31, 'A', 222),
(23, 30, 41, 'D', 222),
(23, 30, 32, 'A', 222),
(23, 30, 52, 'C', 222),
(23, 30, 58, 'C', 222),
(23, 30, 44, 'A', 222),
(23, 30, 45, 'A', 222),
(23, 30, 49, 'D', 222),
(23, 30, 37, 'B', 222),
(23, 30, 57, 'C', 222),
(23, 30, 36, 'B', 222),
(23, 30, 47, 'C', 222),
(23, 30, 34, 'C', 222),
(23, 30, 54, 'A', 222),
(23, 30, 33, 'D', 222),
(23, 30, 53, 'B', 222),
(23, 30, 43, 'C', 222),
(23, 30, 42, 'C', 222),
(23, 30, 51, 'A', 222),
(23, 30, 38, 'B', 222),
(23, 30, 39, 'C', 222),
(23, 30, 46, 'B', 222),
(23, 30, 55, 'B', 222),
(23, 30, 40, 'B', 222),
(15, 30, 40, 'B', 223),
(15, 30, 47, 'C', 223),
(15, 30, 34, 'C', 223),
(15, 30, 49, 'D', 223),
(15, 30, 53, 'B', 223),
(15, 30, 43, 'C', 223),
(15, 30, 58, 'C', 223),
(15, 30, 46, 'B', 223),
(15, 30, 51, 'B', 223),
(15, 30, 35, 'C', 223),
(15, 30, 32, 'A', 223),
(15, 30, 42, 'C', 223),
(15, 30, 59, 'B', 223),
(15, 30, 33, 'D', 223),
(15, 30, 37, 'B', 223),
(15, 30, 57, 'C', 223),
(15, 30, 60, 'A', 223),
(15, 30, 41, 'B', 223),
(15, 30, 50, 'C', 223),
(15, 30, 39, 'D', 223),
(15, 30, 52, 'C', 223),
(15, 30, 38, 'B', 223),
(15, 30, 44, 'A', 223),
(15, 30, 45, 'C', 223),
(15, 30, 55, 'B', 223),
(15, 30, 48, 'D', 223),
(15, 30, 56, 'A', 223),
(15, 30, 31, 'A', 223),
(15, 30, 54, 'A', 223),
(15, 30, 36, 'C', 223),
(54, 31, 146, 'D', 233),
(54, 31, 124, 'A', 233),
(54, 31, 122, 'B', 233),
(54, 31, 140, 'No Attempt', 233),
(54, 31, 126, 'C', 233),
(54, 31, 141, 'B', 233),
(54, 31, 123, 'A', 233),
(54, 31, 134, 'C', 233),
(54, 31, 133, 'A', 233),
(54, 31, 136, 'B', 233),
(54, 31, 135, 'B', 233),
(54, 31, 143, 'C', 233),
(54, 31, 125, 'A', 233),
(54, 31, 137, 'C', 233),
(54, 31, 150, 'C', 233),
(54, 31, 130, 'B', 233),
(54, 31, 127, 'A', 233),
(54, 31, 145, 'B', 233),
(54, 31, 148, 'C', 233),
(54, 31, 138, 'A', 233),
(54, 31, 149, 'B', 233),
(54, 31, 128, 'D', 233),
(54, 31, 129, 'C', 233),
(54, 31, 144, 'D', 233),
(54, 31, 132, 'D', 233),
(54, 31, 142, 'A', 233),
(54, 31, 139, 'C', 233),
(54, 31, 147, 'B', 233),
(54, 31, 151, 'C', 233),
(54, 31, 131, 'D', 233),
(53, 31, 141, 'A', 234),
(53, 31, 144, 'B', 234),
(53, 31, 125, 'A', 234),
(53, 31, 127, 'B', 234),
(53, 31, 151, 'C', 234),
(53, 31, 124, 'A', 234),
(53, 31, 147, 'B', 234),
(53, 31, 137, 'C', 234),
(53, 31, 128, 'D', 234),
(53, 31, 149, 'D', 234),
(53, 31, 135, 'B', 234),
(53, 31, 148, 'A', 234),
(53, 31, 136, 'B', 234),
(53, 31, 140, 'D', 234),
(53, 31, 129, 'D', 234),
(53, 31, 142, 'C', 234),
(53, 31, 146, 'D', 234),
(53, 31, 132, 'D', 234),
(53, 31, 126, 'C', 234),
(53, 31, 150, 'B', 234),
(53, 31, 123, 'A', 234),
(53, 31, 130, 'B', 234),
(53, 31, 122, 'B', 234),
(53, 31, 131, 'A', 234),
(53, 31, 143, 'B', 234),
(53, 31, 134, 'C', 234),
(53, 31, 139, 'A', 234),
(53, 31, 133, 'B', 234),
(53, 31, 145, 'B', 234),
(53, 31, 138, 'A', 234),
(12, 31, 149, 'B', 235),
(12, 31, 132, 'D', 235),
(12, 31, 142, 'B', 235),
(12, 31, 150, 'A', 235),
(12, 31, 144, 'D', 235),
(12, 31, 130, 'B', 235),
(12, 31, 124, 'A', 235),
(12, 31, 125, 'A', 235),
(12, 31, 151, 'B', 235),
(12, 31, 127, 'A', 235),
(12, 31, 146, 'A', 235),
(12, 31, 129, 'C', 235),
(12, 31, 137, 'D', 235),
(12, 31, 136, 'B', 235),
(12, 31, 131, 'A', 235),
(12, 31, 141, 'A', 235),
(12, 31, 145, 'No Attempt', 235),
(12, 31, 133, 'A', 235),
(12, 31, 126, 'C', 235),
(12, 31, 135, 'B', 235),
(12, 31, 143, 'C', 235),
(12, 31, 128, 'A', 235),
(3, 31, 122, 'B', 236),
(12, 31, 122, 'B', 235),
(3, 31, 145, 'B', 236),
(12, 31, 140, 'A', 235),
(3, 31, 131, 'D', 236),
(12, 31, 138, 'A', 235),
(3, 31, 140, 'C', 236),
(12, 31, 139, 'A', 235),
(3, 31, 150, 'A', 236),
(12, 31, 134, 'C', 235),
(3, 31, 127, 'A', 236),
(12, 31, 123, 'C', 235),
(3, 31, 133, 'A', 236),
(12, 31, 147, 'A', 235),
(3, 31, 148, 'A', 236),
(12, 31, 148, 'No Attempt', 235),
(3, 31, 126, 'C', 236),
(3, 31, 130, 'B', 236),
(3, 31, 139, 'A', 236),
(3, 31, 141, 'B', 236),
(3, 31, 146, 'D', 236),
(3, 31, 123, 'C', 236),
(3, 31, 125, 'No Attempt', 236),
(3, 31, 129, 'C', 236),
(3, 31, 134, 'C', 236),
(3, 31, 132, 'D', 236),
(3, 31, 142, 'A', 236),
(3, 31, 149, 'B', 236),
(3, 31, 144, 'C', 236),
(3, 31, 143, 'C', 236),
(3, 31, 136, 'B', 236),
(3, 31, 151, 'A', 236),
(3, 31, 135, 'B', 236),
(3, 31, 138, 'A', 236),
(3, 31, 147, 'B', 236),
(3, 31, 124, 'A', 236),
(3, 31, 137, 'D', 236),
(3, 31, 128, 'D', 236),
(42, 31, 142, 'C', 237),
(42, 31, 144, 'C', 237),
(42, 31, 137, 'D', 237),
(42, 31, 127, 'A', 237),
(42, 31, 150, 'A', 237),
(42, 31, 151, 'C', 237),
(42, 31, 149, 'B', 237),
(42, 31, 133, 'B', 237),
(42, 31, 141, 'D', 237),
(42, 31, 124, 'A', 237),
(42, 31, 125, 'A', 237),
(42, 31, 132, 'D', 237),
(42, 31, 145, 'A', 237),
(42, 31, 129, 'C', 237),
(42, 31, 147, 'B', 237),
(42, 31, 131, 'D', 237),
(42, 31, 139, 'No Attempt', 237),
(42, 31, 138, 'B', 237),
(42, 31, 122, 'B', 237),
(42, 31, 126, 'C', 237),
(42, 31, 136, 'B', 237),
(42, 31, 135, 'B', 237),
(42, 31, 143, 'C', 237),
(42, 31, 146, 'D', 237),
(42, 31, 128, 'D', 237),
(42, 31, 130, 'B', 237),
(42, 31, 134, 'C', 237),
(42, 31, 148, 'C', 237),
(42, 31, 140, 'D', 237),
(42, 31, 123, 'No Attempt', 237),
(13, 31, 126, 'C', 238),
(13, 31, 132, 'D', 238),
(13, 31, 131, 'D', 238),
(13, 31, 133, 'B', 238),
(13, 31, 148, 'C', 238),
(13, 31, 146, 'A', 238),
(13, 31, 150, 'C', 238),
(13, 31, 124, 'D', 238),
(13, 31, 144, 'D', 238),
(13, 31, 151, 'C', 238),
(13, 31, 127, 'A', 238),
(13, 31, 147, 'C', 238),
(13, 31, 134, 'C', 238),
(13, 31, 141, 'B', 238),
(13, 31, 137, 'B', 238),
(13, 31, 142, 'B', 238),
(13, 31, 129, 'C', 238),
(13, 31, 136, 'B', 238),
(13, 31, 130, 'B', 238),
(13, 31, 145, 'C', 238),
(13, 31, 138, 'B', 238),
(13, 31, 128, 'D', 238),
(13, 31, 139, 'B', 238),
(13, 31, 123, 'A', 238),
(13, 31, 135, 'B', 238),
(13, 31, 122, 'B', 238),
(13, 31, 143, 'C', 238),
(13, 31, 140, 'No Attempt', 238),
(13, 31, 125, 'A', 238),
(13, 31, 149, 'B', 238),
(47, 31, 136, 'B', 239),
(47, 31, 148, 'A', 239),
(47, 31, 132, 'D', 239),
(47, 31, 143, 'C', 239),
(47, 31, 129, 'C', 239),
(47, 31, 134, 'C', 239),
(47, 31, 147, 'B', 239),
(47, 31, 142, 'C', 239),
(47, 31, 139, 'C', 239),
(47, 31, 146, 'D', 239),
(47, 31, 125, 'A', 239),
(47, 31, 124, 'A', 239),
(47, 31, 130, 'B', 239),
(47, 31, 149, 'D', 239),
(47, 31, 123, 'A', 239),
(47, 31, 141, 'A', 239),
(47, 31, 140, 'C', 239),
(47, 31, 133, 'A', 239),
(47, 31, 135, 'B', 239),
(47, 31, 150, 'A', 239),
(47, 31, 145, 'B', 239),
(47, 31, 128, 'A', 239),
(47, 31, 144, 'D', 239),
(47, 31, 151, 'C', 239),
(47, 31, 138, 'A', 239),
(47, 31, 126, 'C', 239),
(47, 31, 127, 'A', 239),
(47, 31, 122, 'B', 239),
(47, 31, 131, 'D', 239),
(47, 31, 137, 'D', 239),
(22, 31, 145, 'B', 240),
(22, 31, 138, 'A', 240),
(22, 31, 141, 'A', 240),
(22, 31, 136, 'B', 240),
(22, 31, 131, 'D', 240),
(22, 31, 127, 'A', 240),
(22, 31, 128, 'D', 240),
(22, 31, 150, 'C', 240),
(22, 31, 130, 'A', 240),
(22, 31, 133, 'A', 240),
(22, 31, 137, 'D', 240),
(22, 31, 151, 'C', 240),
(22, 31, 124, 'C', 240),
(22, 31, 140, 'B', 240),
(22, 31, 134, 'D', 240),
(22, 31, 142, 'C', 240),
(22, 31, 122, 'B', 240),
(22, 31, 123, 'A', 240),
(22, 31, 125, 'A', 240),
(22, 31, 147, 'B', 240),
(22, 31, 132, 'D', 240),
(22, 31, 144, 'D', 240),
(22, 31, 129, 'C', 240),
(22, 31, 148, 'B', 240),
(22, 31, 126, 'B', 240),
(22, 31, 143, 'D', 240),
(22, 31, 139, 'A', 240),
(22, 31, 149, 'D', 240),
(22, 31, 146, 'D', 240),
(22, 31, 135, 'B', 240),
(25, 31, 134, 'C', 241),
(25, 31, 138, 'A', 241),
(25, 31, 148, 'B', 241),
(25, 31, 133, 'D', 241),
(25, 31, 139, 'B', 241),
(25, 31, 125, 'A', 241),
(25, 31, 122, 'A', 241),
(25, 31, 150, 'D', 241),
(25, 31, 128, 'D', 241),
(25, 31, 136, 'B', 241),
(25, 31, 129, 'C', 241),
(25, 31, 132, 'D', 241),
(25, 31, 131, 'D', 241),
(25, 31, 126, 'C', 241),
(25, 31, 146, 'B', 241),
(25, 31, 143, 'C', 241),
(25, 31, 151, 'C', 241),
(25, 31, 145, 'B', 241),
(25, 31, 130, 'B', 241),
(25, 31, 142, 'D', 241),
(25, 31, 140, 'D', 241),
(25, 31, 127, 'A', 241),
(25, 31, 123, 'A', 241),
(25, 31, 137, 'D', 241),
(25, 31, 144, 'D', 241),
(25, 31, 124, 'A', 241),
(25, 31, 135, 'B', 241),
(25, 31, 149, 'B', 241),
(25, 31, 141, 'B', 241),
(25, 31, 147, 'B', 241),
(27, 31, 138, 'A', 242),
(27, 31, 145, 'B', 242),
(27, 31, 146, 'D', 242),
(27, 31, 149, 'D', 242),
(27, 31, 142, 'C', 242),
(27, 31, 148, 'A', 242),
(27, 31, 150, 'A', 242),
(27, 31, 129, 'C', 242),
(27, 31, 147, 'B', 242),
(27, 31, 141, 'A', 242),
(27, 31, 123, 'A', 242),
(27, 31, 139, 'D', 242),
(27, 31, 134, 'C', 242),
(27, 31, 135, 'B', 242),
(27, 31, 126, 'B', 242),
(27, 31, 131, 'D', 242),
(27, 31, 124, 'A', 242),
(27, 31, 137, 'D', 242),
(27, 31, 125, 'A', 242),
(27, 31, 130, 'B', 242),
(27, 31, 151, 'C', 242),
(27, 31, 127, 'A', 242),
(27, 31, 132, 'B', 242),
(27, 31, 144, 'C', 242),
(27, 31, 122, 'B', 242),
(27, 31, 128, 'A', 242),
(27, 31, 143, 'C', 242),
(27, 31, 133, 'A', 242),
(27, 31, 140, 'No Attempt', 242),
(27, 31, 136, 'B', 242),
(35, 31, 148, 'C', 243),
(35, 31, 123, 'A', 243),
(35, 31, 147, 'B', 243),
(35, 31, 149, 'No Attempt', 243),
(35, 31, 135, 'B', 243),
(35, 31, 133, 'B', 243),
(35, 31, 130, 'B', 243),
(35, 31, 143, 'C', 243),
(35, 31, 126, 'C', 243),
(35, 31, 141, 'A', 243),
(35, 31, 128, 'D', 243),
(35, 31, 127, 'A', 243),
(35, 31, 145, 'No Attempt', 243),
(35, 31, 122, 'B', 243),
(35, 31, 137, 'B', 243),
(35, 31, 150, 'A', 243),
(35, 31, 140, 'C', 243),
(35, 31, 138, 'A', 243),
(35, 31, 131, 'C', 243),
(35, 31, 125, 'A', 243),
(35, 31, 139, 'B', 243),
(35, 31, 151, 'C', 243),
(35, 31, 134, 'D', 243),
(35, 31, 124, 'A', 243),
(35, 31, 144, 'D', 243),
(35, 31, 136, 'B', 243),
(35, 31, 132, 'D', 243),
(35, 31, 142, 'D', 243),
(35, 31, 146, 'D', 243),
(35, 31, 129, 'C', 243),
(30, 31, 149, 'B', 244),
(30, 31, 128, 'B', 244),
(30, 31, 134, 'C', 244),
(30, 31, 122, 'B', 244),
(30, 31, 125, 'C', 244),
(30, 31, 130, 'B', 244),
(30, 31, 144, 'B', 244),
(30, 31, 151, 'C', 244),
(30, 31, 141, 'D', 244),
(30, 31, 124, 'A', 244),
(30, 31, 135, 'B', 244),
(30, 31, 129, 'C', 244),
(30, 31, 126, 'A', 244),
(30, 31, 131, 'A', 244),
(30, 31, 142, 'C', 244),
(30, 31, 146, 'A', 244),
(30, 31, 145, 'D', 244),
(30, 31, 139, 'C', 244),
(30, 31, 140, 'D', 244),
(30, 31, 133, 'B', 244),
(30, 31, 148, 'A', 244),
(30, 31, 143, 'C', 244),
(30, 31, 132, 'D', 244),
(30, 31, 136, 'A', 244),
(30, 31, 138, 'A', 244),
(30, 31, 150, 'B', 244),
(30, 31, 147, 'C', 244),
(30, 31, 137, 'D', 244),
(30, 31, 127, 'A', 244),
(30, 31, 123, 'C', 244),
(5, 31, 147, 'B', 245),
(5, 31, 125, 'A', 245),
(5, 31, 151, 'A', 245),
(5, 31, 150, 'A', 245),
(5, 31, 132, 'D', 245),
(5, 31, 131, 'B', 245),
(5, 31, 128, 'C', 245),
(5, 31, 142, 'B', 245),
(5, 31, 134, 'C', 245),
(5, 31, 138, 'A', 245),
(5, 31, 135, 'B', 245),
(5, 31, 130, 'B', 245),
(5, 31, 124, 'A', 245),
(5, 31, 143, 'C', 245),
(5, 31, 122, 'B', 245),
(5, 31, 133, 'A', 245),
(5, 31, 146, 'D', 245),
(5, 31, 140, 'B', 245),
(5, 31, 148, 'A', 245),
(5, 31, 139, 'No Attempt', 245),
(5, 31, 145, 'B', 245),
(5, 31, 126, 'C', 245),
(5, 31, 137, 'D', 245),
(5, 31, 141, 'B', 245),
(5, 31, 136, 'B', 245),
(5, 31, 129, 'C', 245),
(5, 31, 127, 'A', 245),
(5, 31, 123, 'D', 245),
(5, 31, 149, 'B', 245),
(5, 31, 144, 'D', 245),
(51, 31, 126, 'D', 246),
(51, 31, 123, 'A', 246),
(51, 31, 145, 'C', 246),
(51, 31, 149, 'B', 246),
(51, 31, 150, 'C', 246),
(51, 31, 132, 'No Attempt', 246),
(51, 31, 142, 'A', 246),
(51, 31, 151, 'C', 246),
(51, 31, 136, 'B', 246),
(51, 31, 127, 'A', 246),
(51, 31, 124, 'A', 246),
(51, 31, 131, 'C', 246),
(51, 31, 139, 'No Attempt', 246),
(51, 31, 147, 'C', 246),
(51, 31, 148, 'A', 246),
(51, 31, 128, 'D', 246),
(51, 31, 135, 'B', 246),
(51, 31, 140, 'A', 246),
(51, 31, 130, 'B', 246),
(51, 31, 141, 'D', 246),
(51, 31, 125, 'B', 246),
(51, 31, 122, 'D', 246),
(51, 31, 143, 'C', 246),
(51, 31, 134, 'C', 246),
(51, 31, 129, 'C', 246),
(51, 31, 138, 'A', 246),
(51, 31, 144, 'D', 246),
(51, 31, 133, 'B', 246),
(51, 31, 146, 'C', 246),
(51, 31, 137, 'D', 246),
(34, 31, 137, 'B', 247),
(34, 31, 138, 'A', 247),
(34, 31, 139, 'C', 247),
(34, 31, 129, 'A', 247),
(34, 31, 141, 'C', 247),
(34, 31, 146, 'D', 247),
(34, 31, 132, 'A', 247),
(34, 31, 147, 'B', 247),
(34, 31, 145, 'B', 247),
(34, 31, 128, 'C', 247),
(34, 31, 125, 'A', 247),
(34, 31, 140, 'C', 247),
(34, 31, 143, 'C', 247),
(34, 31, 127, 'A', 247),
(34, 31, 148, 'D', 247),
(34, 31, 133, 'A', 247),
(34, 31, 149, 'A', 247),
(34, 31, 124, 'A', 247);
INSERT INTO `answers` (`student_id`, `sid`, `qnumber`, `answer`, `rid`) VALUES
(34, 31, 135, 'D', 247),
(34, 31, 131, 'D', 247),
(34, 31, 151, 'A', 247),
(34, 31, 134, 'C', 247),
(34, 31, 144, 'A', 247),
(34, 31, 136, 'C', 247),
(34, 31, 123, 'A', 247),
(34, 31, 130, 'C', 247),
(34, 31, 126, 'C', 247),
(34, 31, 142, 'D', 247),
(34, 31, 150, 'C', 247),
(34, 31, 122, 'B', 247),
(21, 31, 146, 'A', 248),
(21, 31, 133, 'B', 248),
(21, 31, 136, 'B', 248),
(21, 31, 150, 'D', 248),
(21, 31, 143, 'D', 248),
(21, 31, 151, 'C', 248),
(21, 31, 148, 'C', 248),
(21, 31, 125, 'A', 248),
(21, 31, 141, 'B', 248),
(21, 31, 135, 'B', 248),
(21, 31, 140, 'No Attempt', 248),
(21, 31, 131, 'A', 248),
(21, 31, 142, 'A', 248),
(21, 31, 122, 'B', 248),
(21, 31, 147, 'B', 248),
(21, 31, 129, 'C', 248),
(21, 31, 126, 'C', 248),
(21, 31, 134, 'B', 248),
(21, 31, 149, 'B', 248),
(21, 31, 145, 'B', 248),
(21, 31, 144, 'A', 248),
(21, 31, 132, 'D', 248),
(21, 31, 137, 'A', 248),
(21, 31, 127, 'C', 248),
(21, 31, 130, 'B', 248),
(21, 31, 123, 'B', 248),
(21, 31, 139, 'No Attempt', 248),
(21, 31, 128, 'D', 248),
(21, 31, 124, 'A', 248),
(21, 31, 138, 'B', 248),
(31, 31, 129, 'D', 249),
(31, 31, 124, 'C', 249),
(31, 31, 123, 'B', 249),
(31, 31, 122, 'B', 249),
(31, 31, 142, 'C', 249),
(31, 31, 125, 'C', 249),
(31, 31, 141, 'A', 249),
(31, 31, 143, 'C', 249),
(31, 31, 135, 'B', 249),
(31, 31, 130, 'No Attempt', 249),
(31, 31, 146, 'A', 249),
(31, 31, 151, 'A', 249),
(31, 31, 145, 'D', 249),
(31, 31, 126, 'C', 249),
(31, 31, 134, 'B', 249),
(31, 31, 149, 'B', 249),
(31, 31, 147, 'D', 249),
(31, 31, 138, 'A', 249),
(31, 31, 144, 'A', 249),
(31, 31, 148, 'C', 249),
(31, 31, 136, 'B', 249),
(31, 31, 139, 'D', 249),
(31, 31, 137, 'D', 249),
(31, 31, 131, 'B', 249),
(31, 31, 133, 'A', 249),
(31, 31, 150, 'D', 249),
(31, 31, 132, 'D', 249),
(31, 31, 127, 'A', 249),
(31, 31, 140, 'B', 249),
(31, 31, 128, 'D', 249),
(46, 31, 123, 'A', 250),
(46, 31, 144, 'A', 250),
(46, 31, 146, 'D', 250),
(46, 31, 136, 'B', 250),
(46, 31, 141, 'B', 250),
(46, 31, 131, 'D', 250),
(46, 31, 129, 'C', 250),
(46, 31, 126, 'C', 250),
(46, 31, 122, 'B', 250),
(46, 31, 128, 'A', 250),
(46, 31, 150, 'A', 250),
(46, 31, 124, 'A', 250),
(46, 31, 140, 'D', 250),
(46, 31, 133, 'C', 250),
(46, 31, 130, 'B', 250),
(46, 31, 127, 'A', 250),
(46, 31, 148, 'C', 250),
(46, 31, 138, 'A', 250),
(46, 31, 143, 'C', 250),
(46, 31, 134, 'C', 250),
(46, 31, 135, 'B', 250),
(46, 31, 149, 'B', 250),
(46, 31, 139, 'A', 250),
(46, 31, 125, 'A', 250),
(46, 31, 132, 'C', 250),
(46, 31, 142, 'C', 250),
(46, 31, 145, 'B', 250),
(46, 31, 151, 'C', 250),
(46, 31, 147, 'B', 250),
(46, 31, 137, 'D', 250),
(29, 31, 136, 'B', 251),
(29, 31, 131, 'D', 251),
(29, 31, 151, 'C', 251),
(29, 31, 149, 'D', 251),
(29, 31, 122, 'B', 251),
(29, 31, 147, 'B', 251),
(29, 31, 142, 'C', 251),
(29, 31, 133, 'D', 251),
(29, 31, 130, 'B', 251),
(29, 31, 124, 'A', 251),
(29, 31, 134, 'C', 251),
(29, 31, 143, 'C', 251),
(29, 31, 141, 'A', 251),
(29, 31, 128, 'D', 251),
(29, 31, 146, 'D', 251),
(29, 31, 145, 'C', 251),
(29, 31, 126, 'C', 251),
(29, 31, 123, 'A', 251),
(29, 31, 135, 'B', 251),
(29, 31, 137, 'B', 251),
(29, 31, 140, 'C', 251),
(29, 31, 138, 'A', 251),
(29, 31, 139, 'A', 251),
(29, 31, 125, 'A', 251),
(29, 31, 132, 'D', 251),
(29, 31, 144, 'D', 251),
(29, 31, 150, 'A', 251),
(29, 31, 148, 'A', 251),
(29, 31, 127, 'B', 251),
(29, 31, 129, 'B', 251),
(40, 31, 125, 'B', 252),
(40, 31, 128, 'D', 252),
(40, 31, 130, 'B', 252),
(40, 31, 123, 'A', 252),
(40, 31, 133, 'A', 252),
(40, 31, 127, 'A', 252),
(40, 31, 148, 'C', 252),
(40, 31, 139, 'B', 252),
(40, 31, 151, 'C', 252),
(40, 31, 147, 'B', 252),
(40, 31, 143, 'D', 252),
(40, 31, 149, 'B', 252),
(40, 31, 136, 'A', 252),
(40, 31, 146, 'A', 252),
(40, 31, 124, 'A', 252),
(40, 31, 134, 'C', 252),
(40, 31, 140, 'C', 252),
(40, 31, 142, 'A', 252),
(40, 31, 138, 'B', 252),
(40, 31, 131, 'D', 252),
(40, 31, 145, 'B', 252),
(40, 31, 126, 'C', 252),
(40, 31, 129, 'C', 252),
(40, 31, 122, 'D', 252),
(40, 31, 132, 'D', 252),
(40, 31, 141, 'D', 252),
(40, 31, 150, 'D', 252),
(40, 31, 144, 'D', 252),
(40, 31, 137, 'D', 252),
(40, 31, 135, 'B', 252),
(32, 31, 141, 'C', 253),
(32, 31, 144, 'B', 253),
(32, 31, 149, 'B', 253),
(32, 31, 129, 'C', 253),
(32, 31, 124, 'A', 253),
(32, 31, 127, 'A', 253),
(32, 31, 131, 'B', 253),
(32, 31, 139, 'B', 253),
(32, 31, 151, 'C', 253),
(32, 31, 128, 'D', 253),
(32, 31, 122, 'B', 253),
(32, 31, 123, 'D', 253),
(32, 31, 130, 'B', 253),
(32, 31, 148, 'A', 253),
(32, 31, 134, 'A', 253),
(32, 31, 126, 'C', 253),
(32, 31, 146, 'D', 253),
(32, 31, 125, 'A', 253),
(32, 31, 133, 'A', 253),
(32, 31, 136, 'B', 253),
(32, 31, 145, 'B', 253),
(32, 31, 137, 'A', 253),
(32, 31, 140, 'A', 253),
(32, 31, 142, 'B', 253),
(32, 31, 135, 'B', 253),
(32, 31, 143, 'C', 253),
(32, 31, 147, 'B', 253),
(32, 31, 132, 'B', 253),
(32, 31, 150, 'A', 253),
(32, 31, 138, 'A', 253),
(55, 31, 150, 'A', 254),
(55, 31, 151, 'C', 254),
(55, 31, 142, 'C', 254),
(55, 31, 123, 'A', 254),
(55, 31, 148, 'A', 254),
(55, 31, 132, 'A', 254),
(55, 31, 146, 'D', 254),
(55, 31, 137, 'A', 254),
(55, 31, 143, 'B', 254),
(55, 31, 128, 'A', 254),
(55, 31, 130, 'B', 254),
(55, 31, 147, 'B', 254),
(55, 31, 141, 'A', 254),
(55, 31, 138, 'D', 254),
(55, 31, 127, 'D', 254),
(55, 31, 139, 'C', 254),
(55, 31, 134, 'C', 254),
(55, 31, 145, 'B', 254),
(55, 31, 136, 'B', 254),
(55, 31, 122, 'B', 254),
(55, 31, 125, 'C', 254),
(55, 31, 133, 'B', 254),
(55, 31, 126, 'D', 254),
(55, 31, 149, 'D', 254),
(55, 31, 131, 'A', 254),
(55, 31, 129, 'B', 254),
(55, 31, 124, 'B', 254),
(55, 31, 135, 'B', 254),
(55, 31, 144, 'D', 254),
(55, 31, 140, 'C', 254),
(36, 31, 123, 'A', 255),
(36, 31, 139, 'A', 255),
(36, 31, 127, 'No Attempt', 255),
(36, 31, 138, 'A', 255),
(36, 31, 142, 'C', 255),
(36, 31, 129, 'B', 255),
(36, 31, 140, 'No Attempt', 255),
(36, 31, 149, 'C', 255),
(36, 31, 125, 'A', 255),
(36, 31, 126, 'A', 255),
(36, 31, 133, 'A', 255),
(36, 31, 150, 'A', 255),
(36, 31, 135, 'B', 255),
(36, 31, 137, 'No Attempt', 255),
(36, 31, 147, 'B', 255),
(36, 31, 124, 'A', 255),
(36, 31, 143, 'B', 255),
(36, 31, 136, 'C', 255),
(36, 31, 122, 'A', 255),
(36, 31, 151, 'B', 255),
(36, 31, 131, 'D', 255),
(36, 31, 144, 'D', 255),
(36, 31, 146, 'D', 255),
(36, 31, 145, 'B', 255),
(36, 31, 134, 'C', 255),
(36, 31, 141, 'B', 255),
(36, 31, 148, 'C', 255),
(36, 31, 128, 'A', 255),
(36, 31, 130, 'B', 255),
(36, 31, 132, 'D', 255),
(20, 31, 129, 'C', 256),
(20, 31, 139, 'C', 256),
(20, 31, 143, 'C', 256),
(20, 31, 140, 'C', 256),
(20, 31, 126, 'C', 256),
(20, 31, 136, 'B', 256),
(20, 31, 148, 'A', 256),
(20, 31, 150, 'C', 256),
(20, 31, 138, 'A', 256),
(20, 31, 130, 'B', 256),
(20, 31, 141, 'A', 256),
(20, 31, 145, 'B', 256),
(20, 31, 146, 'D', 256),
(20, 31, 144, 'D', 256),
(20, 31, 132, 'D', 256),
(20, 31, 135, 'C', 256),
(20, 31, 128, 'D', 256),
(20, 31, 127, 'A', 256),
(20, 31, 149, 'D', 256),
(20, 31, 137, 'D', 256),
(20, 31, 142, 'C', 256),
(20, 31, 122, 'C', 256),
(20, 31, 125, 'A', 256),
(20, 31, 123, 'A', 256),
(20, 31, 124, 'C', 256),
(20, 31, 151, 'C', 256),
(20, 31, 134, 'B', 256),
(20, 31, 133, 'A', 256),
(20, 31, 147, 'A', 256),
(20, 31, 131, 'D', 256),
(37, 31, 141, 'C', 257),
(37, 31, 139, 'B', 257),
(37, 31, 149, 'B', 257),
(37, 31, 125, 'A', 257),
(37, 31, 123, 'No Attempt', 257),
(37, 31, 133, 'C', 257),
(37, 31, 151, 'C', 257),
(37, 31, 150, 'No Attempt', 257),
(37, 31, 138, 'B', 257),
(37, 31, 131, 'C', 257),
(37, 31, 135, 'B', 257),
(37, 31, 148, 'B', 257),
(37, 31, 144, 'D', 257),
(37, 31, 146, 'B', 257),
(37, 31, 143, 'C', 257),
(37, 31, 140, 'C', 257),
(37, 31, 137, 'No Attempt', 257),
(37, 31, 122, 'C', 257),
(37, 31, 132, 'D', 257),
(37, 31, 130, 'D', 257),
(37, 31, 136, 'B', 257),
(37, 31, 128, 'D', 257),
(37, 31, 145, 'A', 257),
(37, 31, 126, 'A', 257),
(37, 31, 127, 'A', 257),
(37, 31, 124, 'A', 257),
(37, 31, 142, 'A', 257),
(37, 31, 147, 'B', 257),
(37, 31, 129, 'C', 257),
(37, 31, 134, 'C', 257),
(38, 31, 148, 'A', 258),
(38, 31, 130, 'A', 258),
(38, 31, 139, 'C', 258),
(38, 31, 126, 'C', 258),
(38, 31, 143, 'C', 258),
(38, 31, 146, 'D', 258),
(38, 31, 145, 'B', 258),
(38, 31, 132, 'B', 258),
(38, 31, 149, 'D', 258),
(38, 31, 124, 'A', 258),
(38, 31, 150, 'A', 258),
(38, 31, 147, 'B', 258),
(38, 31, 133, 'A', 258),
(38, 31, 128, 'D', 258),
(38, 31, 135, 'B', 258),
(38, 31, 138, 'A', 258),
(38, 31, 142, 'C', 258),
(38, 31, 141, 'A', 258),
(38, 31, 125, 'A', 258),
(38, 31, 123, 'A', 258),
(38, 31, 151, 'C', 258),
(38, 31, 136, 'B', 258),
(38, 31, 131, 'D', 258),
(38, 31, 127, 'A', 258),
(38, 31, 140, 'C', 258),
(38, 31, 129, 'C', 258),
(38, 31, 134, 'C', 258),
(38, 31, 144, 'D', 258),
(38, 31, 137, 'D', 258),
(38, 31, 122, 'B', 258),
(23, 31, 143, 'C', 259),
(23, 31, 141, 'A', 259),
(23, 31, 149, 'B', 259),
(23, 31, 150, 'A', 259),
(23, 31, 139, 'A', 259),
(23, 31, 142, 'C', 259),
(23, 31, 123, 'A', 259),
(23, 31, 147, 'A', 259),
(23, 31, 129, 'C', 259),
(23, 31, 125, 'B', 259),
(23, 31, 140, 'A', 259),
(23, 31, 132, 'D', 259),
(23, 31, 148, 'C', 259),
(23, 31, 144, 'D', 259),
(23, 31, 126, 'C', 259),
(23, 31, 138, 'A', 259),
(23, 31, 124, 'A', 259),
(23, 31, 146, 'D', 259),
(23, 31, 127, 'A', 259),
(23, 31, 151, 'B', 259),
(23, 31, 134, 'C', 259),
(23, 31, 130, 'B', 259),
(23, 31, 135, 'B', 259),
(23, 31, 137, 'A', 259),
(23, 31, 136, 'C', 259),
(23, 31, 128, 'A', 259),
(23, 31, 122, 'No Attempt', 259),
(23, 31, 131, 'A', 259),
(23, 31, 133, 'A', 259),
(23, 31, 145, 'B', 259),
(19, 31, 148, 'A', 260),
(19, 31, 142, 'C', 260),
(19, 31, 141, 'D', 260),
(19, 31, 145, 'B', 260),
(19, 31, 140, 'No Attempt', 260),
(19, 31, 138, 'B', 260),
(19, 31, 143, 'C', 260),
(19, 31, 149, 'C', 260),
(19, 31, 151, 'A', 260),
(19, 31, 127, 'B', 260),
(19, 31, 129, 'D', 260),
(19, 31, 126, 'C', 260),
(19, 31, 150, 'D', 260),
(19, 31, 139, 'B', 260),
(19, 31, 144, 'D', 260),
(19, 31, 131, 'C', 260),
(19, 31, 147, 'B', 260),
(19, 31, 137, 'C', 260),
(19, 31, 133, 'B', 260),
(19, 31, 128, 'B', 260),
(19, 31, 135, 'D', 260),
(19, 31, 124, 'A', 260),
(19, 31, 136, 'D', 260),
(19, 31, 132, 'A', 260),
(19, 31, 123, 'C', 260),
(19, 31, 125, 'A', 260),
(19, 31, 130, 'B', 260),
(19, 31, 146, 'A', 260),
(19, 31, 122, 'D', 260),
(19, 31, 134, 'C', 260),
(6, 31, 149, 'B', 261),
(6, 31, 147, 'B', 261),
(6, 31, 144, 'D', 261),
(6, 31, 151, 'B', 261),
(6, 31, 124, 'A', 261),
(6, 31, 140, 'D', 261),
(6, 31, 134, 'C', 261),
(6, 31, 131, 'D', 261),
(6, 31, 122, 'C', 261),
(6, 31, 141, 'B', 261),
(6, 31, 146, 'No Attempt', 261),
(6, 31, 130, 'B', 261),
(6, 31, 143, 'C', 261),
(6, 31, 142, 'A', 261),
(6, 31, 126, 'C', 261),
(6, 31, 138, 'C', 261),
(6, 31, 150, 'C', 261),
(6, 31, 128, 'D', 261),
(6, 31, 129, 'C', 261),
(6, 31, 137, 'D', 261),
(6, 31, 135, 'B', 261),
(6, 31, 145, 'B', 261),
(6, 31, 139, 'No Attempt', 261),
(6, 31, 133, 'A', 261),
(6, 31, 148, 'C', 261),
(6, 31, 123, 'No Attempt', 261),
(6, 31, 127, 'C', 261),
(6, 31, 132, 'D', 261),
(6, 31, 125, 'No Attempt', 261),
(6, 31, 136, 'B', 261),
(50, 31, 124, 'A', 262),
(50, 31, 145, 'A', 262),
(50, 31, 137, 'A', 262),
(50, 31, 123, 'A', 262),
(50, 31, 139, 'C', 262),
(50, 31, 134, 'C', 262),
(50, 31, 127, 'A', 262),
(50, 31, 141, 'B', 262),
(50, 31, 143, 'C', 262),
(50, 31, 148, 'C', 262),
(50, 31, 138, 'A', 262),
(50, 31, 150, 'A', 262),
(50, 31, 126, 'D', 262),
(50, 31, 135, 'B', 262),
(50, 31, 122, 'B', 262),
(50, 31, 149, 'B', 262),
(50, 31, 128, 'D', 262),
(50, 31, 136, 'B', 262),
(50, 31, 151, 'B', 262),
(50, 31, 140, 'A', 262),
(50, 31, 144, 'D', 262),
(50, 31, 142, 'B', 262),
(50, 31, 129, 'B', 262),
(50, 31, 133, 'A', 262),
(50, 31, 130, 'B', 262),
(50, 31, 147, 'B', 262),
(50, 31, 131, 'D', 262),
(50, 31, 132, 'D', 262),
(50, 31, 125, 'A', 262),
(50, 31, 146, 'B', 262),
(41, 31, 143, 'C', 263),
(41, 31, 150, 'C', 263),
(41, 31, 148, 'A', 263),
(41, 31, 145, 'B', 263),
(41, 31, 147, 'B', 263),
(41, 31, 124, 'A', 263),
(41, 31, 135, 'B', 263),
(41, 31, 132, 'B', 263),
(41, 31, 129, 'C', 263),
(41, 31, 122, 'C', 263),
(41, 31, 136, 'B', 263),
(41, 31, 139, 'C', 263),
(41, 31, 125, 'A', 263),
(41, 31, 149, 'B', 263),
(41, 31, 133, 'A', 263),
(41, 31, 127, 'D', 263),
(41, 31, 144, 'D', 263),
(41, 31, 137, 'D', 263),
(41, 31, 141, 'A', 263),
(41, 31, 128, 'D', 263),
(41, 31, 130, 'B', 263),
(41, 31, 138, 'A', 263),
(41, 31, 151, 'C', 263),
(41, 31, 142, 'B', 263),
(41, 31, 123, 'A', 263),
(41, 31, 134, 'A', 263),
(41, 31, 140, 'C', 263),
(41, 31, 126, 'C', 263),
(41, 31, 146, 'D', 263),
(41, 31, 131, 'D', 263),
(49, 31, 143, 'D', 264),
(49, 31, 132, 'B', 264),
(49, 31, 149, 'B', 264),
(49, 31, 127, 'A', 264),
(49, 31, 151, 'D', 264),
(49, 31, 126, 'C', 264),
(49, 31, 140, 'D', 264),
(49, 31, 134, 'C', 264),
(49, 31, 125, 'A', 264),
(49, 31, 128, 'A', 264),
(49, 31, 124, 'B', 264),
(49, 31, 145, 'C', 264),
(49, 31, 122, 'B', 264),
(49, 31, 133, 'A', 264),
(49, 31, 142, 'C', 264),
(49, 31, 123, 'A', 264),
(49, 31, 147, 'C', 264),
(49, 31, 131, 'C', 264),
(49, 31, 130, 'A', 264),
(49, 31, 144, 'D', 264),
(49, 31, 150, 'D', 264),
(49, 31, 139, 'C', 264),
(49, 31, 135, 'C', 264),
(49, 31, 137, 'B', 264),
(49, 31, 138, 'A', 264),
(49, 31, 141, 'A', 264),
(49, 31, 129, 'C', 264),
(49, 31, 146, 'D', 264),
(49, 31, 148, 'C', 264),
(49, 31, 136, 'C', 264),
(10, 31, 145, 'B', 265),
(10, 31, 147, 'B', 265),
(10, 31, 127, 'A', 265),
(10, 31, 137, 'D', 265),
(10, 31, 138, 'A', 265),
(10, 31, 131, 'D', 265),
(10, 31, 141, 'A', 265),
(10, 31, 133, 'A', 265),
(10, 31, 149, 'D', 265),
(10, 31, 128, 'D', 265),
(10, 31, 136, 'B', 265),
(10, 31, 151, 'C', 265),
(10, 31, 146, 'D', 265),
(10, 31, 142, 'C', 265),
(10, 31, 144, 'D', 265),
(10, 31, 125, 'A', 265),
(10, 31, 129, 'C', 265),
(10, 31, 132, 'D', 265),
(10, 31, 143, 'C', 265),
(10, 31, 139, 'C', 265),
(10, 31, 123, 'A', 265),
(10, 31, 134, 'C', 265),
(10, 31, 130, 'B', 265),
(10, 31, 140, 'C', 265),
(10, 31, 150, 'A', 265),
(10, 31, 122, 'B', 265),
(10, 31, 148, 'A', 265),
(10, 31, 135, 'B', 265),
(10, 31, 124, 'A', 265),
(10, 31, 126, 'A', 265),
(9, 31, 144, 'D', 266),
(9, 31, 135, 'B', 266),
(9, 31, 123, 'B', 266),
(9, 31, 141, 'B', 266),
(9, 31, 145, 'B', 266),
(9, 31, 130, 'B', 266),
(9, 31, 137, 'No Attempt', 266),
(9, 31, 128, 'A', 266),
(9, 31, 146, 'D', 266),
(9, 31, 134, 'C', 266),
(9, 31, 124, 'A', 266),
(9, 31, 139, 'B', 266),
(9, 31, 131, 'D', 266),
(9, 31, 126, 'C', 266),
(9, 31, 136, 'B', 266),
(9, 31, 125, 'A', 266),
(9, 31, 149, 'B', 266),
(9, 31, 129, 'C', 266),
(9, 31, 132, 'D', 266),
(9, 31, 140, 'A', 266),
(9, 31, 122, 'B', 266),
(9, 31, 147, 'B', 266),
(9, 31, 138, 'A', 266),
(9, 31, 133, 'C', 266),
(9, 31, 142, 'A', 266),
(9, 31, 151, 'D', 266),
(9, 31, 150, 'A', 266),
(9, 31, 143, 'C', 266),
(9, 31, 127, 'A', 266),
(9, 31, 148, 'C', 266),
(2, 31, 122, 'B', 267),
(2, 31, 131, 'D', 267),
(2, 31, 146, 'D', 267),
(2, 31, 150, 'A', 267),
(2, 31, 141, 'D', 267),
(2, 31, 127, 'A', 267),
(2, 31, 134, 'C', 267),
(2, 31, 136, 'B', 267),
(2, 31, 129, 'C', 267),
(2, 31, 143, 'C', 267),
(2, 31, 137, 'B', 267),
(2, 31, 124, 'A', 267),
(2, 31, 142, 'A', 267),
(2, 31, 133, 'D', 267),
(2, 31, 128, 'D', 267),
(2, 31, 130, 'B', 267),
(2, 31, 125, 'A', 267),
(2, 31, 139, 'D', 267),
(2, 31, 123, 'C', 267),
(2, 31, 140, 'C', 267),
(2, 31, 151, 'C', 267),
(2, 31, 148, 'B', 267),
(2, 31, 144, 'D', 267),
(2, 31, 145, 'B', 267),
(2, 31, 126, 'C', 267),
(2, 31, 132, 'D', 267),
(2, 31, 138, 'A', 267),
(2, 31, 147, 'B', 267),
(2, 31, 149, 'B', 267),
(2, 31, 135, 'B', 267),
(52, 31, 146, 'D', 268),
(52, 31, 125, 'A', 268),
(52, 31, 141, 'A', 268),
(52, 31, 148, 'C', 268),
(52, 31, 133, 'B', 268),
(52, 31, 139, 'D', 268),
(52, 31, 123, 'A', 268),
(52, 31, 126, 'C', 268),
(52, 31, 151, 'C', 268),
(52, 31, 137, 'D', 268),
(52, 31, 127, 'A', 268),
(52, 31, 136, 'C', 268),
(52, 31, 147, 'B', 268),
(52, 31, 138, 'A', 268),
(52, 31, 132, 'D', 268),
(52, 31, 145, 'B', 268),
(52, 31, 149, 'A', 268),
(52, 31, 150, 'A', 268),
(52, 31, 142, 'B', 268),
(52, 31, 134, 'B', 268),
(52, 31, 129, 'D', 268),
(52, 31, 131, 'D', 268),
(52, 31, 130, 'A', 268),
(52, 31, 122, 'B', 268),
(52, 31, 144, 'D', 268),
(52, 31, 135, 'B', 268),
(52, 31, 128, 'D', 268),
(52, 31, 143, 'C', 268),
(52, 31, 124, 'A', 268),
(52, 31, 140, 'C', 268),
(48, 31, 147, 'B', 269),
(48, 31, 127, 'A', 269),
(48, 31, 131, 'D', 269),
(48, 31, 132, 'D', 269),
(48, 31, 146, 'D', 269),
(48, 31, 133, 'No Attempt', 269),
(48, 31, 150, 'B', 269),
(48, 31, 151, 'C', 269),
(48, 31, 139, 'D', 269),
(48, 31, 130, 'B', 269),
(48, 31, 134, 'C', 269),
(48, 31, 137, 'B', 269),
(48, 31, 144, 'B', 269),
(48, 31, 145, 'B', 269),
(48, 31, 138, 'A', 269),
(48, 31, 126, 'C', 269),
(48, 31, 141, 'B', 269),
(48, 31, 128, 'D', 269),
(48, 31, 124, 'A', 269),
(48, 31, 129, 'C', 269),
(48, 31, 135, 'B', 269),
(48, 31, 140, 'C', 269),
(48, 31, 123, 'A', 269),
(48, 31, 142, 'D', 269),
(48, 31, 148, 'A', 269),
(48, 31, 136, 'B', 269),
(48, 31, 125, 'A', 269),
(48, 31, 143, 'C', 269),
(48, 31, 149, 'B', 269),
(48, 31, 122, 'B', 269),
(16, 31, 151, 'C', 270),
(16, 31, 125, 'A', 270),
(16, 31, 126, 'C', 270),
(16, 31, 127, 'A', 270),
(16, 31, 139, 'D', 270),
(16, 31, 145, 'B', 270),
(16, 31, 150, 'B', 270),
(16, 31, 147, 'B', 270),
(16, 31, 123, 'A', 270),
(16, 31, 129, 'C', 270),
(16, 31, 135, 'B', 270),
(16, 31, 122, 'C', 270),
(16, 31, 124, 'A', 270),
(16, 31, 140, 'C', 270),
(16, 31, 128, 'D', 270),
(16, 31, 148, 'C', 270),
(16, 31, 137, 'D', 270),
(16, 31, 142, 'A', 270),
(16, 31, 144, 'D', 270),
(16, 31, 134, 'C', 270),
(16, 31, 143, 'C', 270),
(16, 31, 136, 'B', 270),
(16, 31, 132, 'D', 270),
(16, 31, 138, 'A', 270),
(16, 31, 141, 'A', 270),
(16, 31, 131, 'D', 270),
(16, 31, 146, 'D', 270),
(16, 31, 130, 'B', 270),
(16, 31, 149, 'B', 270),
(16, 31, 133, 'A', 270),
(8, 31, 124, 'A', 271),
(8, 31, 144, 'D', 271),
(8, 31, 145, 'B', 271),
(8, 31, 122, 'C', 271),
(8, 31, 125, 'A', 271),
(8, 31, 149, 'B', 271),
(8, 31, 135, 'B', 271),
(8, 31, 128, 'D', 271),
(8, 31, 127, 'A', 271),
(8, 31, 151, 'C', 271),
(8, 31, 129, 'C', 271),
(8, 31, 146, 'C', 271),
(8, 31, 136, 'B', 271),
(8, 31, 131, 'D', 271),
(8, 31, 150, 'A', 271),
(8, 31, 141, 'A', 271),
(8, 31, 140, 'C', 271),
(8, 31, 126, 'C', 271),
(8, 31, 142, 'B', 271),
(8, 31, 123, 'A', 271),
(8, 31, 138, 'B', 271),
(8, 31, 148, 'B', 271),
(8, 31, 143, 'C', 271),
(8, 31, 134, 'C', 271),
(8, 31, 130, 'B', 271),
(8, 31, 147, 'B', 271),
(8, 31, 137, 'D', 271),
(8, 31, 139, 'D', 271),
(8, 31, 133, 'C', 271),
(8, 31, 132, 'D', 271),
(24, 31, 142, 'B', 272),
(24, 31, 148, 'C', 272),
(24, 31, 147, 'B', 272),
(24, 31, 135, 'B', 272),
(24, 31, 141, 'B', 272),
(24, 31, 137, 'C', 272),
(24, 31, 132, 'D', 272),
(24, 31, 133, 'A', 272),
(24, 31, 151, 'No Attempt', 272),
(24, 31, 124, 'No Attempt', 272),
(24, 31, 125, 'A', 272),
(24, 31, 123, 'A', 272),
(24, 31, 139, 'C', 272),
(24, 31, 129, 'C', 272),
(24, 31, 126, 'C', 272),
(24, 31, 140, 'C', 272),
(24, 31, 134, 'C', 272),
(24, 31, 128, 'B', 272),
(24, 31, 150, 'D', 272),
(24, 31, 144, 'D', 272),
(24, 31, 130, 'A', 272),
(24, 31, 143, 'C', 272),
(24, 31, 122, 'B', 272),
(24, 31, 146, 'B', 272),
(24, 31, 131, 'C', 272),
(24, 31, 127, 'A', 272),
(24, 31, 136, 'B', 272),
(24, 31, 145, 'B', 272),
(24, 31, 149, 'B', 272),
(24, 31, 138, 'A', 272),
(18, 31, 137, 'D', 273),
(18, 31, 136, 'B', 273),
(18, 31, 135, 'B', 273),
(18, 31, 141, 'B', 273),
(18, 31, 132, 'B', 273),
(18, 31, 133, 'C', 273),
(18, 31, 125, 'A', 273),
(18, 31, 149, 'B', 273),
(18, 31, 122, 'B', 273),
(18, 31, 130, 'B', 273),
(18, 31, 143, 'C', 273),
(18, 31, 131, 'D', 273),
(18, 31, 145, 'B', 273),
(18, 31, 129, 'C', 273),
(18, 31, 123, 'A', 273),
(18, 31, 142, 'A', 273),
(18, 31, 150, 'D', 273),
(18, 31, 144, 'D', 273),
(18, 31, 148, 'C', 273),
(18, 31, 140, 'C', 273),
(18, 31, 146, 'D', 273),
(18, 31, 127, 'D', 273),
(18, 31, 139, 'B', 273),
(18, 31, 128, 'No Attempt', 273),
(18, 31, 134, 'C', 273),
(18, 31, 124, 'A', 273),
(18, 31, 126, 'C', 273),
(18, 31, 147, 'B', 273),
(18, 31, 151, 'C', 273),
(18, 31, 138, 'B', 273),
(1, 31, 151, 'C', 274),
(1, 31, 126, 'C', 274),
(1, 31, 149, 'B', 274),
(1, 31, 123, 'A', 274),
(1, 31, 139, 'D', 274),
(1, 31, 132, 'D', 274),
(1, 31, 133, 'A', 274),
(1, 31, 135, 'B', 274),
(1, 31, 128, 'D', 274),
(1, 31, 141, 'B', 274),
(1, 31, 147, 'B', 274),
(1, 31, 125, 'A', 274),
(1, 31, 122, 'B', 274),
(1, 31, 144, 'D', 274),
(1, 31, 138, 'A', 274),
(1, 31, 134, 'C', 274),
(1, 31, 148, 'A', 274),
(1, 31, 129, 'C', 274),
(1, 31, 127, 'A', 274),
(1, 31, 150, 'B', 274),
(1, 31, 131, 'D', 274),
(1, 31, 143, 'C', 274),
(1, 31, 140, 'B', 274),
(1, 31, 124, 'A', 274),
(1, 31, 145, 'B', 274),
(1, 31, 137, 'D', 274),
(1, 31, 130, 'B', 274),
(1, 31, 142, 'A', 274),
(1, 31, 136, 'B', 274),
(1, 31, 146, 'D', 274),
(39, 31, 125, 'B', 275),
(39, 31, 138, 'A', 275),
(39, 31, 137, 'D', 275),
(39, 31, 144, 'D', 275),
(39, 31, 146, 'D', 275),
(39, 31, 139, 'C', 275),
(39, 31, 151, 'C', 275),
(39, 31, 143, 'C', 275),
(39, 31, 127, 'A', 275),
(39, 31, 128, 'D', 275),
(39, 31, 140, 'C', 275),
(39, 31, 126, 'C', 275),
(39, 31, 124, 'C', 275),
(39, 31, 122, 'C', 275),
(39, 31, 132, 'A', 275),
(39, 31, 131, 'D', 275),
(39, 31, 150, 'C', 275),
(39, 31, 129, 'C', 275),
(39, 31, 123, 'A', 275),
(39, 31, 135, 'C', 275),
(39, 31, 142, 'C', 275),
(39, 31, 133, 'A', 275),
(39, 31, 130, 'B', 275),
(39, 31, 148, 'A', 275),
(39, 31, 134, 'B', 275),
(39, 31, 149, 'D', 275),
(39, 31, 136, 'C', 275),
(39, 31, 147, 'A', 275),
(39, 31, 141, 'A', 275),
(39, 31, 145, 'C', 275),
(17, 31, 147, 'A', 276),
(17, 31, 145, 'No Attempt', 276),
(17, 31, 136, 'B', 276),
(17, 31, 139, 'A', 276),
(17, 31, 137, 'D', 276),
(17, 31, 124, 'A', 276),
(17, 31, 132, 'D', 276),
(17, 31, 122, 'B', 276),
(17, 31, 142, 'B', 276),
(17, 31, 126, 'C', 276),
(17, 31, 127, 'A', 276),
(17, 31, 125, 'A', 276),
(17, 31, 151, 'No Attempt', 276),
(17, 31, 129, 'C', 276),
(17, 31, 140, 'A', 276),
(17, 31, 135, 'B', 276),
(17, 31, 133, 'A', 276),
(17, 31, 130, 'B', 276),
(17, 31, 148, 'C', 276),
(17, 31, 131, 'A', 276),
(17, 31, 123, 'A', 276),
(17, 31, 143, 'No Attempt', 276),
(17, 31, 138, 'A', 276),
(17, 31, 134, 'C', 276),
(17, 31, 150, 'A', 276),
(17, 31, 146, 'A', 276),
(17, 31, 144, 'D', 276),
(17, 31, 128, 'C', 276),
(17, 31, 149, 'B', 276),
(17, 31, 141, 'D', 276),
(28, 31, 145, 'B', 277),
(28, 31, 132, 'D', 277),
(28, 31, 123, 'A', 277),
(28, 31, 135, 'B', 277),
(28, 31, 130, 'B', 277),
(28, 31, 150, 'B', 277),
(28, 31, 149, 'D', 277),
(28, 31, 138, 'B', 277),
(28, 31, 137, 'B', 277),
(28, 31, 151, 'C', 277),
(28, 31, 144, 'D', 277),
(28, 31, 140, 'C', 277),
(28, 31, 139, 'A', 277),
(28, 31, 142, 'C', 277),
(28, 31, 126, 'C', 277),
(28, 31, 128, 'D', 277),
(28, 31, 125, 'A', 277),
(28, 31, 148, 'C', 277),
(28, 31, 127, 'A', 277),
(28, 31, 141, 'B', 277),
(28, 31, 124, 'B', 277),
(28, 31, 133, 'A', 277),
(28, 31, 147, 'B', 277),
(28, 31, 143, 'C', 277),
(28, 31, 131, 'D', 277),
(28, 31, 136, 'D', 277),
(28, 31, 134, 'C', 277),
(28, 31, 129, 'A', 277),
(28, 31, 122, 'B', 277),
(28, 31, 146, 'D', 277),
(15, 31, 142, 'A', 278),
(15, 31, 137, 'D', 278),
(15, 31, 125, 'A', 278),
(15, 31, 148, 'B', 278),
(15, 31, 129, 'C', 278),
(15, 31, 150, 'B', 278),
(15, 31, 133, 'A', 278),
(15, 31, 143, 'C', 278),
(15, 31, 126, 'C', 278),
(15, 31, 149, 'B', 278),
(15, 31, 123, 'A', 278),
(15, 31, 139, 'D', 278),
(15, 31, 131, 'D', 278),
(15, 31, 147, 'B', 278),
(15, 31, 124, 'A', 278),
(15, 31, 135, 'B', 278),
(15, 31, 145, 'B', 278),
(15, 31, 128, 'D', 278),
(15, 31, 140, 'C', 278),
(15, 31, 127, 'A', 278),
(15, 31, 132, 'D', 278),
(15, 31, 122, 'C', 278),
(15, 31, 138, 'A', 278),
(15, 31, 151, 'C', 278),
(15, 31, 130, 'B', 278),
(15, 31, 134, 'C', 278),
(15, 31, 144, 'D', 278),
(15, 31, 136, 'B', 278),
(15, 31, 146, 'D', 278),
(15, 31, 141, 'A', 278),
(42, 32, 28, 'C', 288),
(42, 32, 2, 'A', 288),
(42, 32, 29, 'C', 288),
(42, 32, 16, 'A', 288),
(42, 32, 11, 'B', 288),
(42, 32, 19, 'B', 288),
(42, 32, 21, 'D', 288),
(42, 32, 1, 'C', 288),
(42, 32, 22, 'D', 288),
(42, 32, 6, 'C', 288),
(42, 32, 24, 'A', 288),
(42, 32, 13, 'A', 288),
(42, 32, 4, 'A', 288),
(42, 32, 27, 'B', 288),
(42, 32, 30, 'C', 288),
(42, 32, 5, 'C', 288),
(42, 32, 14, 'B', 288),
(42, 32, 25, 'C', 288),
(42, 32, 15, 'A', 288),
(42, 32, 9, 'No Attempt', 288),
(42, 32, 26, 'A', 288),
(42, 32, 23, 'D', 288),
(42, 32, 18, 'A', 288),
(42, 32, 3, 'B', 288),
(42, 32, 8, 'C', 288),
(42, 32, 7, 'B', 288),
(42, 32, 10, 'A', 288),
(42, 32, 12, 'C', 288),
(42, 32, 20, 'B', 288),
(42, 32, 17, 'C', 288),
(30, 32, 25, 'C', 289),
(30, 32, 17, 'C', 289),
(30, 32, 15, 'D', 289),
(30, 32, 2, 'C', 289),
(30, 32, 23, 'A', 289),
(30, 32, 19, 'A', 289),
(30, 32, 20, 'B', 289),
(30, 32, 11, 'D', 289),
(30, 32, 3, 'D', 289),
(30, 32, 27, 'B', 289),
(30, 32, 26, 'B', 289),
(30, 32, 12, 'A', 289),
(30, 32, 6, 'C', 289),
(30, 32, 24, 'D', 289),
(30, 32, 21, 'D', 289),
(30, 32, 29, 'C', 289),
(30, 32, 28, 'B', 289),
(30, 32, 16, 'C', 289),
(30, 32, 22, 'C', 289),
(30, 32, 9, 'B', 289),
(30, 32, 8, 'D', 289),
(30, 32, 5, 'B', 289),
(30, 32, 14, 'C', 289),
(30, 32, 7, 'A', 289),
(30, 32, 13, 'B', 289),
(30, 32, 1, 'D', 289),
(30, 32, 18, 'A', 289),
(30, 32, 4, 'B', 289),
(30, 32, 30, 'A', 289),
(30, 32, 10, 'A', 289),
(29, 32, 8, 'C', 290),
(29, 32, 20, 'D', 290),
(29, 32, 26, 'A', 290),
(29, 32, 9, 'C', 290),
(29, 32, 23, 'D', 290),
(29, 32, 19, 'C', 290),
(29, 32, 11, 'B', 290),
(29, 32, 18, 'A', 290),
(29, 32, 12, 'D', 290),
(29, 32, 2, 'A', 290),
(29, 32, 7, 'B', 290),
(29, 32, 17, 'C', 290),
(29, 32, 5, 'B', 290),
(29, 32, 10, 'B', 290),
(29, 32, 28, 'C', 290),
(29, 32, 6, 'C', 290),
(29, 32, 1, 'D', 290),
(29, 32, 24, 'D', 290),
(29, 32, 22, 'C', 290),
(29, 32, 21, 'D', 290),
(29, 32, 3, 'D', 290),
(29, 32, 25, 'C', 290),
(29, 32, 30, 'C', 290),
(29, 32, 16, 'A', 290),
(29, 32, 29, 'B', 290),
(29, 32, 15, 'C', 290),
(29, 32, 27, 'B', 290),
(29, 32, 4, 'A', 290),
(29, 32, 13, 'B', 290),
(29, 32, 14, 'B', 290),
(10, 32, 7, 'B', 291),
(10, 32, 10, 'B', 291),
(10, 32, 13, 'B', 291),
(10, 32, 6, 'C', 291),
(10, 32, 2, 'A', 291),
(10, 32, 5, 'B', 291),
(10, 32, 14, 'B', 291),
(10, 32, 24, 'D', 291),
(10, 32, 27, 'B', 291),
(10, 32, 19, 'C', 291),
(10, 32, 20, 'D', 291),
(10, 32, 25, 'C', 291),
(10, 32, 29, 'B', 291),
(10, 32, 26, 'A', 291),
(10, 32, 9, 'C', 291),
(10, 32, 11, 'B', 291),
(10, 32, 4, 'A', 291),
(10, 32, 3, 'No Attempt', 291),
(10, 32, 18, 'A', 291),
(10, 32, 15, 'C', 291),
(10, 32, 17, 'C', 291),
(10, 32, 22, 'C', 291),
(10, 32, 1, 'D', 291),
(10, 32, 12, 'A', 291),
(10, 32, 30, 'C', 291),
(10, 32, 28, 'C', 291),
(10, 32, 23, 'C', 291),
(10, 32, 8, 'C', 291),
(10, 32, 21, 'D', 291),
(10, 32, 16, 'D', 291),
(52, 32, 3, 'B', 292),
(52, 32, 14, 'A', 292),
(52, 32, 16, 'A', 292),
(52, 32, 28, 'C', 292),
(52, 32, 26, 'A', 292),
(52, 32, 7, 'B', 292),
(52, 32, 15, 'C', 292),
(52, 32, 18, 'A', 292),
(52, 32, 11, 'B', 292),
(52, 32, 22, 'A', 292),
(52, 32, 23, 'C', 292),
(52, 32, 20, 'B', 292),
(52, 32, 13, 'B', 292),
(52, 32, 29, 'C', 292),
(52, 32, 21, 'D', 292),
(52, 32, 6, 'B', 292),
(52, 32, 2, 'A', 292),
(52, 32, 4, 'B', 292),
(52, 32, 27, 'B', 292),
(52, 32, 1, 'D', 292),
(52, 32, 12, 'B', 292),
(52, 32, 8, 'C', 292),
(52, 32, 10, 'B', 292),
(52, 32, 9, 'C', 292),
(52, 32, 24, 'D', 292),
(52, 32, 30, 'A', 292),
(52, 32, 5, 'A', 292),
(52, 32, 19, 'C', 292),
(52, 32, 25, 'C', 292),
(52, 32, 17, 'C', 292),
(44, 32, 8, 'C', 293),
(44, 32, 30, 'B', 293),
(44, 32, 2, 'A', 293),
(44, 32, 29, 'B', 293),
(44, 32, 3, 'B', 293),
(44, 32, 13, 'A', 293),
(44, 32, 10, 'B', 293),
(44, 32, 23, 'A', 293),
(44, 32, 15, 'B', 293),
(44, 32, 12, 'D', 293),
(44, 32, 16, 'B', 293),
(44, 32, 25, 'D', 293),
(44, 32, 22, 'B', 293),
(44, 32, 11, 'A', 293),
(44, 32, 4, 'B', 293),
(44, 32, 1, 'D', 293),
(44, 32, 28, 'B', 293),
(44, 32, 5, 'D', 293),
(44, 32, 27, 'A', 293),
(44, 32, 26, 'A', 293),
(44, 32, 7, 'B', 293),
(44, 32, 21, 'D', 293),
(44, 32, 9, 'B', 293),
(44, 32, 14, 'C', 293),
(44, 32, 6, 'C', 293),
(44, 32, 20, 'A', 293),
(44, 32, 19, 'D', 293),
(44, 32, 24, 'A', 293),
(44, 32, 18, 'A', 293),
(44, 32, 17, 'C', 293),
(35, 32, 18, 'A', 294),
(35, 32, 22, 'C', 294),
(35, 32, 4, 'A', 294),
(35, 32, 1, 'D', 294),
(35, 32, 25, 'C', 294),
(35, 32, 26, 'A', 294),
(35, 32, 20, 'D', 294),
(35, 32, 10, 'B', 294),
(35, 32, 21, 'D', 294),
(35, 32, 9, 'C', 294),
(35, 32, 6, 'C', 294),
(35, 32, 27, 'B', 294),
(35, 32, 12, 'A', 294),
(35, 32, 29, 'B', 294),
(35, 32, 17, 'C', 294),
(35, 32, 11, 'B', 294),
(35, 32, 8, 'C', 294),
(35, 32, 28, 'C', 294),
(35, 32, 3, 'D', 294),
(35, 32, 2, 'A', 294),
(35, 32, 13, 'B', 294),
(35, 32, 30, 'C', 294),
(35, 32, 19, 'C', 294),
(35, 32, 14, 'B', 294),
(35, 32, 5, 'B', 294),
(35, 32, 7, 'B', 294),
(35, 32, 16, 'A', 294),
(35, 32, 15, 'C', 294),
(35, 32, 24, 'D', 294),
(35, 32, 23, 'C', 294),
(20, 32, 8, 'C', 295),
(20, 32, 7, 'B', 295),
(20, 32, 18, 'A', 295),
(20, 32, 6, 'C', 295),
(20, 32, 2, 'A', 295),
(20, 32, 9, 'C', 295),
(20, 32, 24, 'D', 295),
(20, 32, 21, 'D', 295),
(20, 32, 29, 'B', 295),
(20, 32, 11, 'B', 295),
(20, 32, 3, 'D', 295),
(20, 32, 22, 'C', 295),
(20, 32, 19, 'C', 295),
(20, 32, 23, 'C', 295),
(20, 32, 27, 'B', 295),
(20, 32, 1, 'D', 295),
(20, 32, 15, 'C', 295),
(20, 32, 5, 'B', 295),
(20, 32, 4, 'A', 295),
(20, 32, 28, 'C', 295),
(20, 32, 12, 'A', 295),
(20, 32, 30, 'C', 295),
(20, 32, 14, 'B', 295),
(20, 32, 25, 'C', 295),
(20, 32, 26, 'A', 295),
(20, 32, 17, 'C', 295),
(20, 32, 10, 'B', 295),
(20, 32, 16, 'A', 295),
(20, 32, 13, 'B', 295),
(20, 32, 20, 'D', 295),
(22, 32, 23, 'C', 296),
(22, 32, 11, 'B', 296),
(22, 32, 4, 'A', 296),
(22, 32, 20, 'D', 296),
(22, 32, 7, 'B', 296),
(22, 32, 27, 'B', 296),
(22, 32, 26, 'A', 296),
(22, 32, 10, 'B', 296),
(22, 32, 2, 'A', 296),
(22, 32, 30, 'C', 296),
(22, 32, 9, 'C', 296),
(22, 32, 22, 'C', 296),
(22, 32, 28, 'C', 296),
(22, 32, 19, 'C', 296),
(22, 32, 13, 'B', 296),
(22, 32, 8, 'C', 296),
(22, 32, 5, 'B', 296),
(22, 32, 24, 'D', 296),
(22, 32, 18, 'A', 296),
(22, 32, 6, 'C', 296),
(22, 32, 15, 'C', 296),
(22, 32, 14, 'B', 296),
(22, 32, 1, 'D', 296),
(22, 32, 21, 'D', 296),
(22, 32, 3, 'D', 296),
(22, 32, 16, 'A', 296),
(22, 32, 29, 'No Attempt', 296),
(22, 32, 25, 'C', 296),
(22, 32, 12, 'A', 296),
(22, 32, 17, 'C', 296),
(50, 32, 9, 'C', 297),
(50, 32, 30, 'C', 297),
(50, 32, 11, 'B', 297),
(50, 32, 14, 'B', 297),
(50, 32, 28, 'C', 297),
(50, 32, 3, 'B', 297),
(50, 32, 5, 'B', 297),
(50, 32, 25, 'C', 297),
(50, 32, 13, 'B', 297),
(50, 32, 10, 'B', 297),
(50, 32, 20, 'D', 297),
(50, 32, 16, 'A', 297),
(50, 32, 22, 'C', 297),
(50, 32, 23, 'C', 297),
(50, 32, 18, 'A', 297),
(50, 32, 2, 'A', 297),
(50, 32, 6, 'C', 297),
(50, 32, 19, 'C', 297),
(50, 32, 26, 'A', 297),
(50, 32, 4, 'A', 297),
(50, 32, 1, 'D', 297),
(50, 32, 12, 'A', 297),
(50, 32, 8, 'C', 297),
(50, 32, 21, 'D', 297),
(50, 32, 7, 'B', 297),
(50, 32, 24, 'D', 297),
(50, 32, 17, 'C', 297),
(50, 32, 29, 'B', 297),
(50, 32, 27, 'B', 297),
(50, 32, 15, 'C', 297),
(25, 32, 19, 'C', 298),
(25, 32, 12, 'D', 298),
(25, 32, 14, 'B', 298),
(25, 32, 23, 'D', 298),
(25, 32, 15, 'D', 298),
(25, 32, 25, 'C', 298),
(25, 32, 26, 'A', 298),
(25, 32, 30, 'C', 298),
(25, 32, 17, 'B', 298),
(25, 32, 28, 'C', 298),
(25, 32, 2, 'A', 298),
(25, 32, 24, 'D', 298),
(25, 32, 13, 'D', 298),
(25, 32, 22, 'B', 298),
(25, 32, 16, 'B', 298),
(25, 32, 11, 'A', 298),
(25, 32, 27, 'B', 298),
(25, 32, 29, 'B', 298),
(25, 32, 1, 'C', 298),
(25, 32, 7, 'B', 298),
(25, 32, 21, 'D', 298),
(25, 32, 20, 'B', 298),
(25, 32, 3, 'B', 298),
(25, 32, 18, 'A', 298),
(25, 32, 9, 'B', 298),
(25, 32, 4, 'A', 298),
(25, 32, 6, 'C', 298),
(25, 32, 5, 'A', 298),
(25, 32, 8, 'C', 298),
(25, 32, 10, 'B', 298),
(54, 32, 10, 'B', 299),
(54, 32, 7, 'B', 299),
(54, 32, 28, 'C', 299),
(54, 32, 5, 'B', 299),
(54, 32, 8, 'C', 299),
(54, 32, 23, 'C', 299),
(54, 32, 12, 'D', 299),
(54, 32, 2, 'A', 299),
(54, 32, 3, 'B', 299),
(54, 32, 25, 'C', 299),
(54, 32, 26, 'A', 299),
(54, 32, 13, 'D', 299),
(54, 32, 9, 'C', 299),
(54, 32, 4, 'No Attempt', 299),
(54, 32, 22, 'A', 299),
(54, 32, 16, 'B', 299),
(54, 32, 6, 'C', 299),
(54, 32, 11, 'A', 299),
(54, 32, 15, 'B', 299),
(54, 32, 1, 'D', 299),
(54, 32, 24, 'D', 299),
(54, 32, 20, 'C', 299),
(54, 32, 29, 'B', 299),
(54, 32, 30, 'C', 299),
(54, 32, 27, 'D', 299),
(54, 32, 19, 'C', 299),
(54, 32, 14, 'B', 299),
(54, 32, 17, 'C', 299),
(54, 32, 18, 'A', 299),
(54, 32, 21, 'D', 299),
(32, 32, 7, 'B', 300),
(32, 32, 2, 'A', 300),
(32, 32, 21, 'D', 300),
(32, 32, 1, 'D', 300),
(32, 32, 3, 'D', 300),
(32, 32, 29, 'C', 300),
(32, 32, 18, 'A', 300),
(32, 32, 4, 'A', 300),
(32, 32, 14, 'B', 300),
(32, 32, 15, 'C', 300),
(32, 32, 17, 'C', 300),
(32, 32, 10, 'B', 300),
(32, 32, 25, 'C', 300),
(32, 32, 20, 'D', 300),
(32, 32, 6, 'C', 300),
(32, 32, 9, 'C', 300),
(32, 32, 24, 'D', 300),
(32, 32, 11, 'B', 300),
(32, 32, 26, 'A', 300),
(32, 32, 13, 'A', 300),
(32, 32, 12, 'A', 300),
(32, 32, 8, 'C', 300),
(32, 32, 27, 'B', 300),
(32, 32, 23, 'D', 300),
(32, 32, 22, 'C', 300),
(32, 32, 19, 'C', 300),
(32, 32, 5, 'B', 300),
(32, 32, 30, 'C', 300),
(32, 32, 28, 'B', 300),
(32, 32, 16, 'A', 300),
(21, 32, 19, 'B', 301),
(21, 32, 15, 'B', 301),
(21, 32, 7, 'C', 301),
(21, 32, 18, 'A', 301),
(21, 32, 10, 'C', 301),
(21, 32, 14, 'B', 301),
(21, 32, 8, 'D', 301),
(21, 32, 4, 'D', 301),
(21, 32, 27, 'C', 301),
(21, 32, 23, 'D', 301),
(21, 32, 22, 'A', 301),
(21, 32, 2, 'B', 301),
(21, 32, 21, 'D', 301),
(21, 32, 16, 'B', 301),
(21, 32, 17, 'A', 301),
(21, 32, 3, 'A', 301),
(21, 32, 25, 'B', 301),
(21, 32, 12, 'C', 301),
(21, 32, 26, 'C', 301),
(21, 32, 11, 'B', 301),
(21, 32, 30, 'C', 301),
(21, 32, 29, 'A', 301),
(21, 32, 20, 'C', 301),
(21, 32, 24, 'C', 301),
(21, 32, 9, 'C', 301),
(21, 32, 6, 'C', 301),
(21, 32, 1, 'A', 301),
(21, 32, 5, 'C', 301),
(21, 32, 28, 'A', 301),
(21, 32, 13, 'B', 301),
(53, 32, 9, 'C', 302),
(53, 32, 23, 'A', 302),
(53, 32, 12, 'D', 302),
(53, 32, 19, 'C', 302),
(53, 32, 15, 'B', 302),
(53, 32, 6, 'B', 302),
(53, 32, 11, 'B', 302),
(53, 32, 22, 'D', 302),
(53, 32, 20, 'A', 302),
(53, 32, 18, 'A', 302),
(53, 32, 2, 'A', 302),
(53, 32, 24, 'D', 302),
(53, 32, 10, 'B', 302),
(53, 32, 1, 'D', 302),
(53, 32, 26, 'A', 302),
(53, 32, 30, 'C', 302),
(53, 32, 7, 'B', 302),
(53, 32, 3, 'B', 302),
(53, 32, 13, 'A', 302),
(53, 32, 5, 'B', 302),
(53, 32, 4, 'A', 302),
(53, 32, 17, 'C', 302),
(53, 32, 14, 'C', 302),
(53, 32, 21, 'D', 302),
(53, 32, 29, 'B', 302),
(53, 32, 27, 'C', 302),
(53, 32, 28, 'C', 302),
(53, 32, 16, 'B', 302),
(53, 32, 8, 'C', 302),
(53, 32, 25, 'C', 302),
(9, 32, 10, 'B', 303),
(9, 32, 2, 'A', 303),
(9, 32, 30, 'C', 303),
(9, 32, 22, 'C', 303),
(9, 32, 1, 'D', 303),
(9, 32, 13, 'B', 303),
(9, 32, 6, 'C', 303),
(9, 32, 9, 'C', 303),
(9, 32, 24, 'D', 303),
(9, 32, 20, 'D', 303),
(9, 32, 18, 'A', 303),
(9, 32, 11, 'B', 303),
(9, 32, 17, 'C', 303),
(9, 32, 28, 'C', 303),
(9, 32, 19, 'C', 303),
(9, 32, 7, 'B', 303),
(9, 32, 5, 'B', 303),
(9, 32, 23, 'C', 303),
(9, 32, 12, 'A', 303),
(9, 32, 25, 'C', 303),
(9, 32, 8, 'C', 303),
(9, 32, 4, 'A', 303),
(9, 32, 3, 'D', 303),
(9, 32, 16, 'A', 303),
(9, 32, 26, 'A', 303),
(9, 32, 29, 'B', 303),
(9, 32, 14, 'B', 303),
(9, 32, 15, 'C', 303),
(9, 32, 27, 'D', 303),
(9, 32, 21, 'D', 303),
(1, 32, 10, 'B', 304),
(1, 32, 27, 'B', 304),
(1, 32, 12, 'C', 304),
(1, 32, 7, 'B', 304),
(1, 32, 1, 'D', 304),
(1, 32, 18, 'A', 304),
(1, 32, 6, 'C', 304),
(1, 32, 14, 'B', 304),
(1, 32, 15, 'D', 304),
(1, 32, 4, 'A', 304),
(1, 32, 2, 'A', 304),
(1, 32, 9, 'C', 304),
(1, 32, 26, 'A', 304),
(1, 32, 13, 'A', 304),
(1, 32, 5, 'A', 304),
(1, 32, 24, 'D', 304),
(1, 32, 19, 'C', 304),
(1, 32, 3, 'D', 304),
(1, 32, 11, 'B', 304),
(1, 32, 23, 'C', 304),
(1, 32, 17, 'C', 304),
(1, 32, 30, 'C', 304),
(1, 32, 8, 'C', 304),
(1, 32, 28, 'C', 304),
(1, 32, 25, 'C', 304),
(1, 32, 29, 'B', 304),
(1, 32, 22, 'C', 304),
(1, 32, 20, 'C', 304),
(1, 32, 21, 'D', 304),
(1, 32, 16, 'A', 304),
(8, 32, 1, 'D', 305),
(8, 32, 8, 'C', 305),
(8, 32, 2, 'A', 305),
(8, 32, 11, 'B', 305),
(8, 32, 20, 'C', 305),
(8, 32, 4, 'B', 305),
(8, 32, 15, 'A', 305),
(8, 32, 27, 'B', 305),
(8, 32, 3, 'B', 305),
(8, 32, 19, 'C', 305),
(8, 32, 17, 'C', 305),
(8, 32, 23, 'C', 305),
(8, 32, 24, 'D', 305),
(8, 32, 6, 'C', 305),
(8, 32, 16, 'A', 305),
(8, 32, 18, 'A', 305),
(8, 32, 26, 'A', 305),
(8, 32, 14, 'B', 305),
(8, 32, 10, 'D', 305),
(8, 32, 28, 'C', 305),
(8, 32, 25, 'C', 305),
(8, 32, 22, 'A', 305),
(8, 32, 29, 'C', 305),
(8, 32, 13, 'A', 305),
(8, 32, 7, 'A', 305),
(8, 32, 21, 'D', 305),
(8, 32, 12, 'C', 305),
(8, 32, 30, 'C', 305),
(8, 32, 5, 'A', 305),
(8, 32, 9, 'B', 305),
(31, 32, 12, 'D', 306),
(31, 32, 22, 'C', 306),
(31, 32, 16, 'B', 306),
(31, 32, 6, 'D', 306),
(31, 32, 1, 'A', 306),
(31, 32, 11, 'B', 306),
(31, 32, 26, 'B', 306),
(31, 32, 21, 'D', 306),
(31, 32, 8, 'B', 306),
(31, 32, 28, 'C', 306),
(31, 32, 3, 'B', 306),
(31, 32, 14, 'B', 306),
(31, 32, 19, 'D', 306),
(31, 32, 13, 'A', 306),
(31, 32, 9, 'B', 306),
(31, 32, 18, 'A', 306),
(31, 32, 23, 'B', 306),
(31, 32, 27, 'B', 306),
(31, 32, 24, 'D', 306),
(31, 32, 20, 'B', 306),
(31, 32, 29, 'D', 306),
(31, 32, 30, 'C', 306),
(31, 32, 4, 'A', 306),
(31, 32, 17, 'C', 306),
(31, 32, 5, 'B', 306),
(31, 32, 25, 'C', 306),
(31, 32, 15, 'D', 306),
(31, 32, 7, 'B', 306),
(31, 32, 2, 'A', 306),
(31, 32, 10, 'C', 306),
(18, 32, 29, 'D', 307),
(18, 32, 24, 'D', 307),
(18, 32, 12, 'B', 307),
(18, 32, 23, 'C', 307),
(18, 32, 26, 'A', 307),
(18, 32, 27, 'B', 307),
(18, 32, 5, 'C', 307),
(18, 32, 22, 'D', 307),
(18, 32, 8, 'C', 307),
(18, 32, 15, 'A', 307),
(18, 32, 20, 'C', 307),
(18, 32, 28, 'C', 307),
(18, 32, 30, 'C', 307),
(18, 32, 18, 'A', 307),
(18, 32, 10, 'B', 307),
(18, 32, 11, 'C', 307),
(18, 32, 7, 'B', 307),
(18, 32, 16, 'D', 307),
(18, 32, 2, 'D', 307),
(18, 32, 21, 'D', 307),
(18, 32, 1, 'D', 307),
(18, 32, 9, 'C', 307),
(18, 32, 6, 'B', 307),
(18, 32, 17, 'C', 307),
(18, 32, 13, 'B', 307),
(18, 32, 25, 'C', 307),
(18, 32, 19, 'C', 307),
(18, 32, 3, 'B', 307),
(18, 32, 14, 'B', 307),
(18, 32, 4, 'A', 307),
(2, 32, 2, 'A', 308),
(2, 32, 30, 'C', 308),
(2, 32, 12, 'C', 308),
(2, 32, 29, 'B', 308),
(2, 32, 28, 'C', 308),
(2, 32, 14, 'C', 308),
(2, 32, 5, 'B', 308),
(2, 32, 1, 'C', 308),
(2, 32, 21, 'B', 308),
(2, 32, 22, 'C', 308),
(2, 32, 3, 'B', 308),
(2, 32, 6, 'C', 308),
(2, 32, 10, 'B', 308),
(2, 32, 9, 'C', 308),
(2, 32, 15, 'C', 308),
(2, 32, 13, 'D', 308),
(2, 32, 25, 'C', 308),
(2, 32, 11, 'B', 308),
(2, 32, 16, 'A', 308),
(2, 32, 4, 'A', 308),
(2, 32, 18, 'A', 308),
(2, 32, 20, 'B', 308),
(2, 32, 26, 'A', 308),
(2, 32, 23, 'C', 308),
(2, 32, 19, 'C', 308),
(2, 32, 24, 'D', 308),
(2, 32, 27, 'B', 308),
(2, 32, 8, 'C', 308),
(2, 32, 17, 'C', 308),
(2, 32, 7, 'B', 308),
(27, 32, 26, 'A', 309),
(27, 32, 2, 'A', 309),
(27, 32, 27, 'B', 309),
(27, 32, 23, 'C', 309),
(27, 32, 8, 'C', 309),
(27, 32, 18, 'A', 309),
(27, 32, 17, 'C', 309),
(27, 32, 13, 'B', 309),
(27, 32, 22, 'C', 309),
(27, 32, 20, 'D', 309),
(27, 32, 25, 'C', 309),
(27, 32, 19, 'C', 309),
(27, 32, 12, 'A', 309),
(27, 32, 28, 'C', 309),
(27, 32, 5, 'B', 309),
(27, 32, 1, 'D', 309),
(27, 32, 4, 'A', 309),
(27, 32, 16, 'A', 309),
(27, 32, 15, 'C', 309),
(27, 32, 9, 'C', 309),
(27, 32, 21, 'D', 309),
(27, 32, 3, 'B', 309),
(27, 32, 7, 'B', 309),
(27, 32, 10, 'B', 309),
(27, 32, 6, 'C', 309),
(27, 32, 29, 'B', 309),
(27, 32, 14, 'B', 309),
(27, 32, 30, 'C', 309),
(27, 32, 24, 'D', 309),
(27, 32, 11, 'B', 309),
(6, 32, 6, 'B', 310),
(6, 32, 22, 'A', 310),
(6, 32, 28, 'C', 310),
(6, 32, 23, 'C', 310),
(6, 32, 30, 'C', 310),
(6, 32, 14, 'D', 310),
(6, 32, 24, 'D', 310),
(6, 32, 20, 'C', 310),
(6, 32, 12, 'C', 310),
(6, 32, 11, 'A', 310),
(6, 32, 26, 'A', 310),
(6, 32, 16, 'A', 310),
(6, 32, 1, 'D', 310),
(6, 32, 8, 'C', 310),
(6, 32, 29, 'B', 310),
(6, 32, 18, 'A', 310),
(6, 32, 19, 'C', 310),
(6, 32, 4, 'A', 310),
(6, 32, 2, 'A', 310),
(6, 32, 13, 'A', 310),
(6, 32, 9, 'C', 310),
(6, 32, 27, 'B', 310),
(6, 32, 3, 'B', 310),
(6, 32, 5, 'A', 310),
(6, 32, 15, 'C', 310),
(6, 32, 21, 'D', 310),
(6, 32, 25, 'C', 310),
(6, 32, 10, 'B', 310),
(6, 32, 7, 'B', 310),
(6, 32, 17, 'C', 310),
(48, 32, 17, 'C', 311),
(48, 32, 11, 'B', 311),
(48, 32, 2, 'A', 311),
(48, 32, 28, 'C', 311),
(48, 32, 8, 'C', 311),
(48, 32, 7, 'B', 311),
(48, 32, 13, 'A', 311),
(48, 32, 29, 'A', 311),
(48, 32, 10, 'B', 311),
(48, 32, 20, 'C', 311),
(48, 32, 26, 'A', 311),
(48, 32, 23, 'D', 311),
(48, 32, 19, 'C', 311),
(48, 32, 22, 'C', 311),
(48, 32, 5, 'B', 311),
(48, 32, 25, 'C', 311),
(48, 32, 30, 'C', 311),
(48, 32, 4, 'C', 311),
(48, 32, 27, 'B', 311),
(48, 32, 15, 'D', 311),
(48, 32, 18, 'A', 311),
(48, 32, 9, 'C', 311),
(48, 32, 21, 'D', 311),
(48, 32, 1, 'D', 311),
(48, 32, 6, 'C', 311),
(48, 32, 24, 'D', 311),
(48, 32, 16, 'A', 311),
(48, 32, 12, 'A', 311),
(48, 32, 14, 'B', 311),
(48, 32, 3, 'B', 311),
(19, 32, 20, 'D', 312),
(19, 32, 5, 'C', 312),
(19, 32, 26, 'A', 312),
(19, 32, 22, 'D', 312),
(19, 32, 1, 'D', 312),
(19, 32, 9, 'B', 312),
(19, 32, 14, 'C', 312),
(19, 32, 15, 'B', 312),
(19, 32, 11, 'C', 312),
(19, 32, 8, 'A', 312),
(19, 32, 30, 'D', 312),
(19, 32, 6, 'B', 312),
(19, 32, 19, 'A', 312),
(19, 32, 10, 'D', 312),
(19, 32, 3, 'B', 312),
(19, 32, 17, 'C', 312),
(19, 32, 28, 'A', 312),
(19, 32, 2, 'B', 312),
(19, 32, 23, 'D', 312),
(19, 32, 29, 'C', 312),
(19, 32, 21, 'D', 312),
(19, 32, 16, 'B', 312),
(19, 32, 12, 'A', 312),
(19, 32, 24, 'C', 312),
(19, 32, 27, 'A', 312),
(19, 32, 18, 'D', 312),
(19, 32, 25, 'A', 312),
(19, 32, 13, 'C', 312),
(19, 32, 7, 'D', 312),
(19, 32, 4, 'A', 312),
(37, 32, 21, 'D', 313),
(37, 32, 5, 'A', 313),
(37, 32, 8, 'C', 313),
(37, 32, 22, 'C', 313),
(37, 32, 24, 'D', 313),
(37, 32, 15, 'A', 313),
(37, 32, 1, 'D', 313),
(37, 32, 30, 'C', 313),
(37, 32, 17, 'B', 313),
(37, 32, 28, 'C', 313),
(37, 32, 26, 'A', 313),
(37, 32, 13, 'C', 313),
(37, 32, 19, 'C', 313),
(37, 32, 14, 'B', 313),
(37, 32, 6, 'C', 313),
(37, 32, 7, 'B', 313),
(37, 32, 18, 'A', 313),
(37, 32, 12, 'D', 313),
(37, 32, 20, 'C', 313),
(37, 32, 23, 'D', 313),
(37, 32, 27, 'B', 313),
(37, 32, 2, 'A', 313),
(37, 32, 25, 'C', 313),
(37, 32, 9, 'B', 313),
(37, 32, 11, 'B', 313),
(37, 32, 3, 'B', 313),
(37, 32, 16, 'A', 313),
(37, 32, 10, 'C', 313),
(37, 32, 4, 'B', 313),
(37, 32, 29, 'B', 313),
(16, 32, 10, 'C', 314),
(16, 32, 3, 'B', 314),
(16, 32, 25, 'C', 314),
(16, 32, 20, 'C', 314),
(16, 32, 5, 'A', 314),
(16, 32, 27, 'B', 314),
(16, 32, 23, 'B', 314),
(16, 32, 4, 'A', 314),
(16, 32, 18, 'A', 314),
(16, 32, 17, 'C', 314),
(16, 32, 22, 'A', 314),
(16, 32, 1, 'D', 314),
(16, 32, 30, 'C', 314),
(16, 32, 15, 'B', 314),
(16, 32, 26, 'A', 314),
(16, 32, 9, 'A', 314),
(16, 32, 21, 'D', 314),
(16, 32, 28, 'C', 314),
(16, 32, 19, 'C', 314),
(16, 32, 11, 'B', 314),
(16, 32, 2, 'A', 314),
(16, 32, 16, 'A', 314),
(16, 32, 8, 'C', 314),
(16, 32, 6, 'C', 314),
(16, 32, 14, 'B', 314),
(16, 32, 7, 'B', 314),
(16, 32, 24, 'C', 314),
(16, 32, 13, 'A', 314),
(16, 32, 12, 'C', 314),
(16, 32, 29, 'B', 314),
(34, 32, 17, 'C', 315),
(34, 32, 11, 'A', 315),
(34, 32, 20, 'B', 315),
(34, 32, 29, 'B', 315),
(34, 32, 12, 'A', 315),
(34, 32, 23, 'C', 315),
(34, 32, 16, 'A', 315),
(34, 32, 30, 'C', 315),
(34, 32, 7, 'B', 315),
(34, 32, 21, 'D', 315),
(34, 32, 2, 'A', 315),
(34, 32, 3, 'B', 315),
(34, 32, 19, 'C', 315),
(34, 32, 13, 'A', 315),
(34, 32, 24, 'D', 315),
(34, 32, 10, 'B', 315),
(34, 32, 22, 'C', 315),
(34, 32, 28, 'C', 315),
(34, 32, 1, 'D', 315),
(34, 32, 14, 'B', 315),
(34, 32, 15, 'B', 315),
(34, 32, 25, 'D', 315),
(34, 32, 5, 'A', 315),
(34, 32, 8, 'C', 315),
(34, 32, 26, 'A', 315),
(34, 32, 9, 'C', 315),
(34, 32, 27, 'C', 315),
(34, 32, 4, 'A', 315),
(34, 32, 6, 'C', 315),
(34, 32, 18, 'A', 315),
(36, 32, 5, 'A', 316),
(36, 32, 10, 'B', 316),
(36, 32, 8, 'C', 316),
(36, 32, 13, 'A', 316),
(36, 32, 24, 'D', 316),
(36, 32, 20, 'A', 316),
(36, 32, 27, 'B', 316),
(36, 32, 2, 'A', 316),
(36, 32, 11, 'C', 316),
(36, 32, 3, 'B', 316),
(36, 32, 16, 'A', 316),
(36, 32, 25, 'C', 316),
(36, 32, 21, 'D', 316),
(36, 32, 17, 'C', 316),
(36, 32, 30, 'C', 316),
(36, 32, 14, 'B', 316),
(36, 32, 15, 'B', 316),
(36, 32, 29, 'B', 316),
(36, 32, 9, 'C', 316),
(36, 32, 18, 'A', 316),
(36, 32, 4, 'A', 316),
(36, 32, 23, 'C', 316),
(36, 32, 6, 'C', 316),
(36, 32, 28, 'C', 316),
(36, 32, 19, 'B', 316),
(36, 32, 1, 'D', 316),
(36, 32, 7, 'C', 316),
(36, 32, 22, 'C', 316),
(36, 32, 12, 'D', 316),
(36, 32, 26, 'A', 316),
(12, 32, 27, 'B', 317),
(12, 32, 26, 'A', 317),
(12, 32, 18, 'A', 317),
(12, 32, 9, 'B', 317),
(12, 32, 12, 'B', 317),
(12, 32, 17, 'A', 317),
(12, 32, 14, 'B', 317),
(12, 32, 16, 'C', 317),
(12, 32, 10, 'B', 317),
(12, 32, 30, 'D', 317),
(12, 32, 13, 'A', 317),
(12, 32, 6, 'C', 317),
(12, 32, 4, 'C', 317),
(12, 32, 3, 'B', 317),
(12, 32, 20, 'C', 317),
(12, 32, 7, 'B', 317),
(12, 32, 24, 'D', 317),
(12, 32, 5, 'C', 317),
(12, 32, 23, 'C', 317),
(12, 32, 21, 'D', 317),
(12, 32, 8, 'C', 317),
(12, 32, 11, 'B', 317),
(12, 32, 25, 'C', 317),
(12, 32, 2, 'A', 317),
(12, 32, 29, 'B', 317),
(12, 32, 1, 'A', 317),
(12, 32, 15, 'B', 317),
(12, 32, 19, 'C', 317),
(12, 32, 22, 'C', 317),
(12, 32, 28, 'C', 317),
(5, 32, 15, 'B', 318),
(5, 32, 9, 'A', 318),
(5, 32, 2, 'A', 318),
(5, 32, 24, 'D', 318),
(5, 32, 7, 'B', 318),
(5, 32, 4, 'A', 318),
(5, 32, 25, 'C', 318),
(5, 32, 13, 'A', 318),
(5, 32, 30, 'C', 318),
(5, 32, 12, 'D', 318),
(5, 32, 23, 'C', 318),
(5, 32, 26, 'A', 318),
(5, 32, 3, 'B', 318),
(5, 32, 1, 'C', 318),
(5, 32, 27, 'B', 318),
(5, 32, 10, 'B', 318),
(5, 32, 20, 'C', 318),
(5, 32, 22, 'A', 318),
(5, 32, 19, 'C', 318),
(5, 32, 14, 'B', 318),
(5, 32, 28, 'C', 318),
(5, 32, 11, 'B', 318),
(5, 32, 6, 'C', 318),
(5, 32, 8, 'C', 318),
(5, 32, 21, 'D', 318),
(5, 32, 29, 'B', 318),
(5, 32, 18, 'A', 318),
(5, 32, 17, 'C', 318),
(5, 32, 5, 'A', 318),
(5, 32, 16, 'A', 318),
(24, 32, 12, 'A', 319),
(24, 32, 7, 'B', 319),
(24, 32, 21, 'D', 319),
(24, 32, 9, 'C', 319),
(24, 32, 11, 'A', 319),
(24, 32, 5, 'A', 319),
(24, 32, 19, 'C', 319),
(24, 32, 30, 'C', 319),
(24, 32, 20, 'B', 319),
(24, 32, 27, 'B', 319),
(24, 32, 16, 'B', 319),
(24, 32, 22, 'A', 319),
(24, 32, 17, 'C', 319),
(24, 32, 15, 'B', 319),
(24, 32, 10, 'B', 319),
(24, 32, 29, 'B', 319),
(24, 32, 23, 'C', 319),
(24, 32, 8, 'C', 319),
(24, 32, 25, 'C', 319),
(24, 32, 26, 'A', 319),
(24, 32, 28, 'B', 319),
(24, 32, 3, 'D', 319),
(24, 32, 13, 'B', 319),
(24, 32, 4, 'A', 319),
(24, 32, 6, 'C', 319),
(24, 32, 18, 'A', 319),
(24, 32, 24, 'D', 319),
(24, 32, 2, 'A', 319),
(24, 32, 1, 'D', 319),
(24, 32, 14, 'B', 319),
(3, 32, 6, 'C', 320),
(3, 32, 27, 'B', 320),
(3, 32, 26, 'A', 320),
(3, 32, 9, 'C', 320),
(3, 32, 16, 'A', 320),
(3, 32, 13, 'B', 320),
(3, 32, 2, 'A', 320),
(3, 32, 7, 'B', 320),
(3, 32, 17, 'C', 320),
(3, 32, 23, 'C', 320),
(3, 32, 25, 'C', 320),
(3, 32, 19, 'C', 320),
(3, 32, 18, 'A', 320),
(3, 32, 11, 'B', 320),
(3, 32, 5, 'B', 320),
(3, 32, 24, 'D', 320),
(3, 32, 15, 'C', 320),
(3, 32, 12, 'A', 320),
(3, 32, 28, 'C', 320),
(3, 32, 22, 'C', 320),
(3, 32, 29, 'B', 320),
(3, 32, 8, 'C', 320),
(3, 32, 30, 'C', 320),
(3, 32, 20, 'D', 320),
(3, 32, 21, 'D', 320),
(3, 32, 14, 'B', 320),
(3, 32, 4, 'A', 320),
(3, 32, 1, 'D', 320),
(3, 32, 10, 'B', 320),
(3, 32, 3, 'B', 320),
(41, 32, 20, 'D', 321),
(41, 32, 18, 'A', 321),
(41, 32, 15, 'C', 321),
(41, 32, 27, 'B', 321),
(41, 32, 16, 'A', 321),
(41, 32, 10, 'B', 321),
(41, 32, 3, 'D', 321),
(41, 32, 12, 'A', 321),
(41, 32, 4, 'D', 321),
(41, 32, 2, 'A', 321),
(41, 32, 13, 'B', 321),
(41, 32, 9, 'C', 321),
(41, 32, 28, 'C', 321),
(41, 32, 23, 'C', 321),
(41, 32, 17, 'C', 321),
(41, 32, 30, 'C', 321),
(41, 32, 22, 'C', 321),
(41, 32, 8, 'C', 321),
(41, 32, 29, 'B', 321),
(41, 32, 24, 'D', 321),
(41, 32, 5, 'B', 321),
(41, 32, 21, 'D', 321),
(41, 32, 1, 'D', 321),
(41, 32, 7, 'B', 321),
(41, 32, 6, 'C', 321),
(41, 32, 26, 'A', 321),
(41, 32, 14, 'B', 321),
(41, 32, 19, 'C', 321),
(41, 32, 25, 'C', 321),
(41, 32, 11, 'B', 321),
(38, 32, 7, 'B', 322),
(38, 32, 8, 'C', 322),
(38, 32, 12, 'A', 322),
(38, 32, 13, 'B', 322),
(38, 32, 18, 'A', 322),
(38, 32, 9, 'C', 322),
(38, 32, 27, 'B', 322),
(38, 32, 26, 'A', 322),
(38, 32, 25, 'C', 322),
(38, 32, 2, 'A', 322),
(38, 32, 14, 'B', 322),
(38, 32, 17, 'C', 322),
(38, 32, 28, 'C', 322),
(38, 32, 29, 'B', 322),
(38, 32, 15, 'C', 322),
(38, 32, 22, 'C', 322),
(38, 32, 16, 'A', 322),
(38, 32, 4, 'A', 322),
(38, 32, 19, 'C', 322),
(38, 32, 11, 'B', 322),
(38, 32, 3, 'D', 322),
(38, 32, 20, 'D', 322),
(38, 32, 24, 'D', 322),
(38, 32, 10, 'B', 322),
(38, 32, 30, 'C', 322),
(38, 32, 23, 'C', 322),
(38, 32, 5, 'B', 322),
(38, 32, 6, 'C', 322),
(38, 32, 1, 'D', 322),
(38, 32, 21, 'D', 322),
(46, 32, 2, 'A', 323),
(46, 32, 3, 'B', 323),
(46, 32, 8, 'C', 323),
(46, 32, 13, 'B', 323),
(46, 32, 12, 'C', 323),
(46, 32, 4, 'A', 323),
(46, 32, 14, 'B', 323),
(46, 32, 25, 'C', 323),
(46, 32, 17, 'C', 323),
(46, 32, 24, 'D', 323),
(46, 32, 18, 'A', 323),
(46, 32, 26, 'A', 323),
(46, 32, 20, 'C', 323),
(46, 32, 23, 'C', 323),
(46, 32, 6, 'C', 323),
(46, 32, 7, 'B', 323),
(46, 32, 15, 'B', 323),
(46, 32, 11, 'B', 323),
(46, 32, 21, 'A', 323),
(46, 32, 5, 'B', 323),
(46, 32, 19, 'C', 323),
(46, 32, 30, 'C', 323),
(46, 32, 27, 'B', 323),
(46, 32, 10, 'B', 323),
(46, 32, 22, 'C', 323),
(46, 32, 9, 'C', 323),
(46, 32, 28, 'C', 323),
(46, 32, 29, 'B', 323),
(46, 32, 16, 'A', 323),
(46, 32, 1, 'D', 323),
(47, 32, 13, 'B', 324),
(47, 32, 22, 'C', 324),
(47, 32, 15, 'C', 324),
(47, 32, 7, 'B', 324),
(47, 32, 12, 'A', 324),
(47, 32, 19, 'C', 324),
(47, 32, 11, 'B', 324),
(47, 32, 29, 'B', 324),
(47, 32, 30, 'C', 324),
(47, 32, 18, 'A', 324),
(47, 32, 23, 'C', 324),
(47, 32, 10, 'B', 324),
(47, 32, 26, 'A', 324),
(47, 32, 9, 'C', 324),
(47, 32, 5, 'B', 324),
(47, 32, 1, 'D', 324),
(47, 32, 16, 'A', 324),
(47, 32, 14, 'B', 324),
(47, 32, 28, 'C', 324),
(47, 32, 3, 'A', 324),
(47, 32, 25, 'C', 324),
(47, 32, 24, 'D', 324),
(47, 32, 27, 'B', 324),
(47, 32, 8, 'C', 324),
(47, 32, 17, 'C', 324),
(47, 32, 20, 'D', 324),
(47, 32, 2, 'A', 324),
(47, 32, 21, 'D', 324),
(47, 32, 4, 'A', 324),
(47, 32, 6, 'C', 324),
(17, 32, 3, 'B', 325),
(17, 32, 1, 'B', 325),
(17, 32, 5, 'C', 325),
(17, 32, 27, 'B', 325),
(17, 32, 20, 'C', 325),
(17, 32, 12, 'A', 325),
(17, 32, 25, 'B', 325),
(17, 32, 30, 'D', 325),
(17, 32, 9, 'B', 325),
(17, 32, 13, 'No Attempt', 325),
(17, 32, 29, 'B', 325),
(17, 32, 16, 'C', 325),
(17, 32, 24, 'D', 325),
(17, 32, 21, 'D', 325),
(17, 32, 18, 'A', 325),
(17, 32, 11, 'B', 325),
(17, 32, 2, 'A', 325),
(17, 32, 17, 'C', 325),
(17, 32, 26, 'A', 325),
(17, 32, 14, 'B', 325),
(17, 32, 7, 'B', 325),
(17, 32, 8, 'C', 325),
(17, 32, 22, 'C', 325),
(17, 32, 19, 'C', 325),
(17, 32, 6, 'C', 325),
(17, 32, 23, 'C', 325),
(17, 32, 4, 'C', 325),
(17, 32, 28, 'C', 325),
(17, 32, 15, 'B', 325),
(17, 32, 10, 'B', 325),
(13, 32, 11, 'B', 326),
(13, 32, 6, 'C', 326),
(13, 32, 15, 'B', 326),
(13, 32, 20, 'C', 326),
(13, 32, 12, 'D', 326),
(13, 32, 14, 'C', 326),
(13, 32, 26, 'C', 326),
(13, 32, 16, 'C', 326),
(13, 32, 4, 'B', 326),
(13, 32, 3, 'D', 326),
(13, 32, 29, 'D', 326),
(13, 32, 22, 'A', 326),
(13, 32, 19, 'C', 326),
(13, 32, 30, 'A', 326),
(13, 32, 1, 'D', 326),
(13, 32, 7, 'D', 326),
(13, 32, 5, 'A', 326),
(13, 32, 18, 'A', 326),
(13, 32, 23, 'D', 326),
(13, 32, 10, 'A', 326),
(13, 32, 8, 'B', 326),
(13, 32, 9, 'B', 326),
(13, 32, 2, 'D', 326),
(13, 32, 21, 'D', 326),
(13, 32, 25, 'C', 326),
(13, 32, 28, 'C', 326),
(13, 32, 17, 'C', 326),
(13, 32, 27, 'B', 326),
(13, 32, 24, 'D', 326),
(13, 32, 13, 'A', 326),
(15, 32, 21, 'D', 327),
(15, 32, 27, 'B', 327),
(15, 32, 11, 'B', 327),
(15, 32, 2, 'A', 327),
(15, 32, 5, 'A', 327),
(15, 32, 10, 'C', 327),
(15, 32, 4, 'A', 327),
(15, 32, 20, 'C', 327),
(15, 32, 14, 'B', 327),
(15, 32, 28, 'C', 327),
(15, 32, 8, 'C', 327),
(15, 32, 24, 'C', 327),
(15, 32, 7, 'B', 327),
(15, 32, 26, 'A', 327),
(15, 32, 16, 'A', 327),
(15, 32, 25, 'C', 327),
(15, 32, 30, 'C', 327),
(15, 32, 23, 'B', 327),
(15, 32, 3, 'B', 327),
(15, 32, 17, 'C', 327),
(15, 32, 13, 'B', 327),
(15, 32, 15, 'C', 327),
(15, 32, 6, 'C', 327),
(15, 32, 12, 'C', 327),
(15, 32, 18, 'A', 327),
(15, 32, 1, 'D', 327),
(15, 32, 22, 'A', 327),
(15, 32, 9, 'C', 327),
(15, 32, 19, 'C', 327),
(15, 32, 29, 'B', 327),
(28, 32, 19, 'C', 328),
(28, 32, 23, 'C', 328),
(28, 32, 3, 'D', 328),
(28, 32, 24, 'D', 328),
(28, 32, 14, 'B', 328),
(28, 32, 10, 'B', 328),
(28, 32, 7, 'B', 328),
(28, 32, 11, 'B', 328),
(28, 32, 22, 'C', 328),
(28, 32, 20, 'D', 328),
(28, 32, 15, 'B', 328),
(28, 32, 25, 'C', 328),
(28, 32, 17, 'C', 328),
(28, 32, 16, 'A', 328),
(28, 32, 2, 'A', 328),
(28, 32, 27, 'B', 328),
(28, 32, 8, 'C', 328),
(28, 32, 30, 'B', 328),
(28, 32, 6, 'C', 328),
(28, 32, 28, 'C', 328),
(28, 32, 26, 'A', 328),
(28, 32, 13, 'B', 328),
(28, 32, 4, 'A', 328),
(28, 32, 9, 'C', 328),
(28, 32, 5, 'B', 328),
(28, 32, 1, 'D', 328),
(28, 32, 21, 'D', 328),
(28, 32, 18, 'A', 328),
(28, 32, 12, 'B', 328),
(28, 32, 29, 'B', 328),
(23, 32, 12, 'A', 329),
(23, 32, 10, 'B', 329),
(23, 32, 4, 'A', 329),
(23, 32, 16, 'C', 329),
(23, 32, 5, 'A', 329),
(23, 32, 18, 'A', 329),
(23, 32, 29, 'B', 329),
(23, 32, 15, 'B', 329),
(23, 32, 7, 'B', 329),
(23, 32, 3, 'B', 329),
(23, 32, 25, 'C', 329),
(23, 32, 6, 'C', 329),
(23, 32, 30, 'C', 329),
(23, 32, 2, 'B', 329),
(23, 32, 13, 'A', 329),
(23, 32, 22, 'C', 329),
(23, 32, 24, 'D', 329),
(23, 32, 28, 'C', 329),
(23, 32, 19, 'D', 329),
(23, 32, 26, 'A', 329),
(23, 32, 17, 'C', 329),
(23, 32, 9, 'B', 329),
(23, 32, 20, 'C', 329),
(23, 32, 14, 'B', 329),
(23, 32, 1, 'C', 329),
(23, 32, 11, 'B', 329),
(23, 32, 23, 'C', 329),
(23, 32, 8, 'C', 329),
(23, 32, 27, 'D', 329),
(23, 32, 21, 'D', 329),
(51, 32, 26, 'A', 330),
(51, 32, 8, 'C', 330),
(51, 32, 5, 'A', 330),
(51, 32, 29, 'B', 330),
(51, 32, 22, 'A', 330),
(51, 32, 23, 'C', 330),
(51, 32, 3, 'B', 330),
(51, 32, 27, 'B', 330),
(51, 32, 13, 'D', 330),
(51, 32, 24, 'D', 330),
(51, 32, 2, 'D', 330),
(51, 32, 12, 'C', 330),
(51, 32, 1, 'A', 330),
(51, 32, 21, 'D', 330),
(51, 32, 10, 'D', 330),
(51, 32, 30, 'C', 330),
(51, 32, 18, 'A', 330),
(51, 32, 11, 'B', 330),
(51, 32, 6, 'C', 330),
(51, 32, 19, 'C', 330),
(51, 32, 20, 'C', 330),
(51, 32, 17, 'C', 330),
(51, 32, 15, 'B', 330),
(51, 32, 7, 'B', 330),
(51, 32, 14, 'A', 330),
(51, 32, 4, 'A', 330),
(51, 32, 9, 'B', 330),
(51, 32, 28, 'C', 330),
(51, 32, 25, 'C', 330),
(51, 32, 16, 'No Attempt', 330),
(55, 32, 13, 'A', 332),
(55, 32, 28, 'C', 332),
(55, 32, 12, 'A', 332),
(55, 32, 23, 'C', 332),
(55, 32, 8, 'C', 332),
(55, 32, 3, 'D', 332),
(55, 32, 9, 'C', 332),
(55, 32, 29, 'B', 332),
(55, 32, 19, 'C', 332),
(55, 32, 5, 'A', 332),
(55, 32, 22, 'C', 332),
(55, 32, 4, 'B', 332),
(55, 32, 27, 'B', 332),
(55, 32, 10, 'B', 332),
(55, 32, 16, 'B', 332),
(55, 32, 15, 'B', 332);
INSERT INTO `answers` (`student_id`, `sid`, `qnumber`, `answer`, `rid`) VALUES
(55, 32, 11, 'B', 332),
(55, 32, 6, 'C', 332),
(55, 32, 18, 'A', 332),
(55, 32, 7, 'B', 332),
(55, 32, 24, 'D', 332),
(55, 32, 17, 'C', 332),
(55, 32, 25, 'C', 332),
(55, 32, 30, 'C', 332),
(55, 32, 2, 'A', 332),
(55, 32, 21, 'C', 332),
(55, 32, 14, 'B', 332),
(55, 32, 26, 'A', 332),
(55, 32, 20, 'D', 332),
(55, 32, 1, 'D', 332),
(57, 21, 155, 'B', 352),
(57, 21, 158, 'B', 352),
(57, 21, 154, 'B', 352),
(57, 21, 153, 'D', 352),
(57, 21, 161, 'B', 352),
(57, 21, 162, 'C', 352),
(57, 21, 166, 'C', 352),
(57, 21, 157, 'No Attempt', 352),
(57, 21, 163, 'No Attempt', 352),
(57, 21, 152, 'No Attempt', 352),
(57, 21, 164, 'No Attempt', 352),
(57, 21, 156, 'No Attempt', 352),
(57, 21, 165, 'No Attempt', 352),
(57, 21, 160, 'No Attempt', 352),
(57, 21, 159, 'No Attempt', 352);

-- --------------------------------------------------------

--
-- Table structure for table `class`
--

DROP TABLE IF EXISTS `class`;
CREATE TABLE IF NOT EXISTS `class` (
  `id` int(11) NOT NULL AUTO_INCREMENT,
  `dept` varchar(10) NOT NULL,
  `no_div` int(10) DEFAULT NULL,
  `cid` int(11) NOT NULL,
  PRIMARY KEY (`id`),
  KEY `cid` (`cid`)
) ENGINE=InnoDB AUTO_INCREMENT=9 DEFAULT CHARSET=latin1;

--
-- Dumping data for table `class`
--

INSERT INTO `class` (`id`, `dept`, `no_div`, `cid`) VALUES
(1, 'FYBCA', 3, 1),
(2, 'SYBCA', 2, 1),
(3, 'TYBCA', 2, 1),
(4, 'FYBSCIT', 1, 2),
(5, 'SYBSCIT', 1, 2),
(6, 'TYBSCIT', 1, 2),
(7, 'FYMSCIT', 1, 2),
(8, 'SYMSCIT', 1, 2);

-- --------------------------------------------------------

--
-- Table structure for table `course`
--

DROP TABLE IF EXISTS `course`;
CREATE TABLE IF NOT EXISTS `course` (
  `cid` int(11) NOT NULL AUTO_INCREMENT,
  `cname` varchar(50) NOT NULL,
  PRIMARY KEY (`cid`)
) ENGINE=InnoDB AUTO_INCREMENT=3 DEFAULT CHARSET=latin1;

--
-- Dumping data for table `course`
--

INSERT INTO `course` (`cid`, `cname`) VALUES
(1, 'BCA'),
(2, 'MSCIT');

-- --------------------------------------------------------

--
-- Table structure for table `fact`
--

DROP TABLE IF EXISTS `fact`;
CREATE TABLE IF NOT EXISTS `fact` (
  `fid` int(11) NOT NULL AUTO_INCREMENT,
  `fname` varchar(100) NOT NULL,
  `lname` varchar(100) NOT NULL,
  `gender` varchar(100) NOT NULL,
  `mail` varchar(100) NOT NULL,
  `username` varchar(100) NOT NULL,
  `password` varchar(100) NOT NULL,
  `thumbnails` varchar(100) NOT NULL DEFAULT '../assets/images/none.jpg',
  `sid` varchar(100) DEFAULT NULL,
  `divi` varchar(100) DEFAULT NULL,
  PRIMARY KEY (`fid`)
) ENGINE=InnoDB AUTO_INCREMENT=9 DEFAULT CHARSET=latin1;

--
-- Dumping data for table `fact`
--

INSERT INTO `fact` (`fid`, `fname`, `lname`, `gender`, `mail`, `username`, `password`, `thumbnails`, `sid`, `divi`) VALUES
(1, 'Dr. Nirali', 'Dave', 'Male', 'principal.bca@bmefcolleges.edu.in', 'principal.bca@bmefcolleges.edu.in', 'e10adc3949ba59abbe56e057f20f883e', '../assets/images/none.jpg', NULL, NULL),
(2, 'Dr. Hemangin', 'Patel', 'Female', 'hemanginis.patel@bmefcolleges.edu.in', 'hemanginis.patel@bmefcolleges.edu.in', 'e10adc3949ba59abbe56e057f20f883e', '../assets/images/none.jpg', '30', 'A'),
(3, 'Hetal', 'Modi', 'Female', 'modi.hetal@bmefcolleges.edu.in', 'modi.hetal@bmefcolleges.edu.in', 'e10adc3949ba59abbe56e057f20f883e', '../assets/images/none.jpg', '10', 'A'),
(4, 'Sneha', 'Patel', 'Female', 'patel.sneha@bmefcolleges.edu.in', 'patel.sneha@bmefcolleges.edu.in', 'e10adc3949ba59abbe56e057f20f883e', '../assets/images/none.jpg', NULL, NULL),
(5, 'Jaynesh', 'Desai', 'Male', 'desai.jaynesh@bmefcolleges.edu.in', 'desai.jaynesh@bmefcolleges.edu.in', 'e10adc3949ba59abbe56e057f20f883e', '../assets/images/none.jpg', NULL, NULL),
(6, 'Priyanka', 'Parmar', 'Female', 'pariyawala.priyanka@bmefcolleges.edu.in', 'pariyawala.priyanka@bmefcolleges.edu.in', 'e10adc3949ba59abbe56e057f20f883e', '../assets/images/none.jpg', '32 ,8', 'A,A'),
(7, 'Brijal', 'Panwala', 'Female', 'panwala.brijal@bmefcolleges.edu.in', 'panwala.brijal@bmefcolleges.edu.in', 'e10adc3949ba59abbe56e057f20f883e', '../assets/images/none.jpg', '28 ', 'A'),
(8, 'Jigisha', 'Purohit', 'Male', 'purohit.jigisha@bmefcolleges.edu.in', 'purohit.jigisha@bmefcolleges.edu.in', 'e10adc3949ba59abbe56e057f20f883e', '../assets/images/none.jpg', '29 ,31 ', 'A,A');

-- --------------------------------------------------------

--
-- Table structure for table `offering`
--

DROP TABLE IF EXISTS `offering`;
CREATE TABLE IF NOT EXISTS `offering` (
  `offeringid` int(10) NOT NULL AUTO_INCREMENT,
  `sid` int(11) NOT NULL,
  `divi` varchar(1) NOT NULL,
  `cid` int(11) NOT NULL,
  `did` int(11) NOT NULL,
  `sem_id` int(10) NOT NULL,
  `questiondesc` text NOT NULL,
  `valueoptions` text NOT NULL,
  `valueoptionsb` text NOT NULL,
  `valueoptionsc` text NOT NULL,
  `valueoptionsd` text NOT NULL,
  `questionanswer` varchar(3) NOT NULL,
  PRIMARY KEY (`offeringid`),
  KEY `fk_dep_id` (`did`),
  KEY `sid` (`sid`,`did`) USING BTREE,
  KEY `cid` (`cid`),
  KEY `sem_id` (`sem_id`)
) ENGINE=InnoDB AUTO_INCREMENT=167 DEFAULT CHARSET=latin1;

--
-- Dumping data for table `offering`
--

INSERT INTO `offering` (`offeringid`, `sid`, `divi`, `cid`, `did`, `sem_id`, `questiondesc`, `valueoptions`, `valueoptionsb`, `valueoptionsc`, `valueoptionsd`, `questionanswer`) VALUES
(1, 32, 'A', 2, 4, 8, 'Which operator can not be overloaded?', '+', '-', '*', '::', 'D'),
(2, 32, 'A', 2, 4, 8, 'Which member can never be accessed by inherited classes?', 'Private\' member function', 'Public member function', 'Protected member function', 'All can be accessed', 'A'),
(3, 32, 'A', 2, 4, 8, 'What is size of int data type in cpp?', '2 Bytes', '4 Bytes', '1 Byte', 'Depends on Compiler', 'D'),
(4, 32, 'A', 2, 4, 8, 'An object can be used to represent', 'A real world entity', 'A real function', 'Some real data only', 'Some function only', 'A'),
(5, 32, 'A', 2, 4, 8, 'Hiding the complexity is known as', 'Abstraction', 'Encapsulation', 'Data hiding', 'Composition', 'B'),
(6, 32, 'A', 2, 4, 8, 'Polymorphism types is/are', 'Compile time', 'Run time', 'Both', 'None', 'C'),
(7, 32, 'A', 2, 4, 8, 'Which C++ oops feature is related to re-usability?', 'Encapsulation', 'Inheritance', 'Abstraction', 'None', 'B'),
(8, 32, 'A', 2, 4, 8, 'If you want to write multiple functions in a class with same name, then what C++ feature will you use?', 'Function overriding', 'Encapsulation', 'Function overloading', 'None', 'C'),
(9, 32, 'A', 2, 4, 8, 'In C++ programming, cout is a/an', 'Function', 'Operator', 'Object', 'macro', 'C'),
(10, 32, 'A', 2, 4, 8, 'Features not available in C++ object oriented programming is', 'destructor', 'Virtual constructor', 'Virtual function', 'All', 'B'),
(11, 32, 'A', 2, 4, 8, 'What is an exception?', 'Problem arising during compile tim', 'Problem arising during runtime', 'Problem in syntax', 'Problem in IDE', 'B'),
(12, 32, 'A', 2, 4, 8, 'What does polymorphism in OOPs mean?', 'Concept of allowing overiding of functions', 'Concept of hiding data', 'Concept of wrapping things into a single unit', 'Concept of keeping things in differnt modules/files', 'A'),
(13, 32, 'A', 2, 4, 8, 'Objects can be used', 'To access any member of a class', 'To access only public members of a class', 'To access only protected members of a class', 'To access only private members of a class', 'B'),
(14, 32, 'A', 2, 4, 8, 'Which object can be used to access the standard input?', 'System.inner', 'cin', 'System.stdin', 'console.input', 'B'),
(15, 32, 'A', 2, 4, 8, 'What following operator is called  ?:', 'Scope Resolution Operator', 'Conditional Operator', 'Ternary Operator', 'None', 'C'),
(16, 32, 'A', 2, 4, 8, 'Can we overload functions in C++?', 'Yes', 'None', 'Error ', 'None', 'A'),
(17, 32, 'A', 2, 4, 8, 'How to access and edit data in data file handling using structures', 'read()', 'write()', 'both A and B', 'without read()', 'C'),
(18, 32, 'A', 2, 4, 8, 'What is the full form of oop', 'Object oriented programming', 'Oriented object programming', 'Office oriented programming', 'none', 'A'),
(19, 32, 'A', 2, 4, 8, 'Which is used to handle the exceptions in c++?', 'catch handler', 'handler', 'exception handler', 'throw', 'C'),
(20, 32, 'A', 2, 4, 8, 'What is size of void in bytes?', '1', '2', '4', '0', 'D'),
(21, 32, 'A', 2, 4, 8, 'How many object can be created in class?', '1', '5', '300', 'As many as you want', 'D'),
(22, 32, 'A', 2, 4, 8, 'What is abstract class?', 'A class with abstract keyword', 'A class with no functions in it', 'A class with atleast one pure virtual function', 'Empty Class', 'C'),
(23, 32, 'A', 2, 4, 8, 'Object oriented programming employs  which programming approach.', 'top-down', 'procedural', 'bottom-up', 'all of these.', 'C'),
(24, 32, 'A', 2, 4, 8, 'How many specifiers are present in access specifiers in class?', '2', '1', '4', '3', 'D'),
(25, 32, 'A', 2, 4, 8, 'You mark the beginning of a function\'s block of code with the', '?', '*', '{', '}', 'C'),
(26, 32, 'A', 2, 4, 8, 'Sending a copy of data to a program module is called', 'passing a value', 'making a reference', 'recursion', 'setting a condition', 'A'),
(27, 32, 'A', 2, 4, 8, 'How many types of constructors are available, in general, in any language?', '2', '3', '4', '5', 'B'),
(28, 32, 'A', 2, 4, 8, 'Which constructor is called while assigning some object with another?', 'Default', 'Parameterized', 'Copy', 'none', 'C'),
(29, 32, 'A', 2, 4, 8, 'The purpose of constructor is to', 'Construct a new class', 'initialize the object of a class', 'Construct a new object', 'None', 'B'),
(30, 32, 'A', 2, 4, 8, 'Late Binding in C++ can be achieved using', 'Const function', 'Static function', 'Virtual function', 'None', 'C'),
(31, 30, 'A', 2, 4, 8, 'In an ER model____________ is described in the database by storing its data.', 'Entity', 'Attribute', 'Relationship', 'Notation', 'A'),
(32, 30, 'A', 2, 4, 8, 'A top-to-bottom relationship among the items in a database is established by a ', 'Hirarchical Model', 'Relational  Model', 'Network Model', 'Non of Above', 'A'),
(33, 30, 'A', 2, 4, 8, '______________ clause is an additional filter that is applied to the result.', 'SELECT', 'GROUP BY', 'ORDER BY', 'HAVING', 'D'),
(34, 30, 'A', 2, 4, 8, 'Data about data is normally termed as.', 'Data Dictionary', 'Data Bank', 'Meta Data', 'None of the mentioned ', 'C'),
(35, 30, 'A', 2, 4, 8, '__________ is a full form of SQL.', 'Standard query language', 'Sequential query language', 'Structured query language', 'Server side query language', 'C'),
(36, 30, 'A', 2, 4, 8, 'SELECT * FROM employee\nWhat type of statement is this?', 'DML', 'DDL', 'View', 'Integrity constraint', 'A'),
(37, 30, 'A', 2, 4, 8, 'CREATE TABLE employee \n(name VARCHAR\\, id INTEGER)\nWhat type of statement is this?', 'DML', 'DDL', 'View', 'Integrity constraint', 'B'),
(38, 30, 'A', 2, 4, 8, 'The term _______ is used to refer to a row.', 'Attribute', 'Tuple', 'Field', 'Instance', 'B'),
(39, 30, 'A', 2, 4, 8, 'A Schema describes', 'Record Relationships', 'data elements', 'Records and files', 'All of the above', 'D'),
(40, 30, 'A', 2, 4, 8, 'A function that has no partial functional dependancies is in ____________form.', '3NF', '2NF', '4NF', 'BCNF', 'B'),
(41, 30, 'A', 2, 4, 8, 'Which of the following is not an integrity constraint?', 'Not null', 'Positive', 'Unique', 'Check predicate', 'B'),
(42, 30, 'A', 2, 4, 8, 'Key to represent relationship between tables is called', 'primary key', 'unique key', 'foreign key', 'None of above', 'C'),
(43, 30, 'A', 2, 4, 8, ' Entity is a _________', 'Object of relation', 'Present working model', 'Thing in real world or Object', 'Model of relation', 'C'),
(44, 30, 'A', 2, 4, 8, ' Aggregate functions are functions that take a ___________ as input and return a single value.', 'Collection of values', 'Single value', 'Aggregate value', 'Both Collection of values & Single value', 'A'),
(45, 30, 'A', 2, 4, 8, 'A functional dependancy is a relationship between or among:', 'Attributes', 'Entities', 'Tables', 'Rows', 'A'),
(46, 30, 'A', 2, 4, 8, 'Which of the following is not a property of transactions?', 'Atomicity', 'Concurrency', 'Isolation', 'Durability', 'B'),
(47, 30, 'A', 2, 4, 8, 'In an E-R diagram attributes are represented by', 'rectangle', 'square', 'ellipse', 'triangle', 'C'),
(48, 30, 'A', 2, 4, 8, 'The users who use the easy-to-use menu are called', 'Sophisticated end users', 'Stand-alone users', 'Casual end users', 'Nave users', 'D'),
(49, 30, 'A', 2, 4, 8, 'In Hierarchical model records are organised as', 'Graph', 'List', 'Links', 'Tree', 'D'),
(50, 30, 'A', 2, 4, 8, 'To delete a particular column in a relation \nthe command used is', 'UPDATE', 'DROP', 'ALTER', 'DELETE', 'C'),
(51, 30, 'A', 2, 4, 8, 'Which join referes to join records from the right table that have no matching key in the left table are include in the result set:', 'Left Outer Join', 'Right Outer Join', 'Full Outer Join', 'Outer Join', 'B'),
(52, 30, 'A', 2, 4, 8, 'What type of join is needed when you wish to include rows that have matching values?', 'Equi-join', 'Natural Join', 'Outer Join', 'Cross Join', 'A'),
(53, 30, 'A', 2, 4, 8, 'AS  clause is used in SQL for', 'Selection operation', 'Rename operation', 'Join operation', 'Projection operation', 'B'),
(54, 30, 'A', 2, 4, 8, 'Use of ORDER BY Clause', 'Sorting', 'Serching', 'Indexing', 'None of Above', 'A'),
(55, 30, 'A', 2, 4, 8, 'The collection of information stored in a database at a particular moment is called as ____', 'schema', 'instance of the database', 'data domain', 'independence', 'B'),
(56, 30, 'A', 2, 4, 8, '_____________is the process of organizing data into related tables.', 'Normalization', 'Generalization', 'Specialization', 'None of above', 'A'),
(57, 30, 'A', 2, 4, 8, 'The language that requires a user to specify the data to be retrieved without specifying exactly how to get it is', 'Procedural DML', 'Non-Procedural DML', 'Procedural DDL', 'Non-Procedural DDL', 'B'),
(58, 30, 'A', 2, 4, 8, 'Which database level is closest to the users?', 'Physical', 'Logical', 'View ', 'Conceptual', 'C'),
(59, 30, 'A', 2, 4, 8, 'Which are the two ways in which entities can participate in a relationship?', 'Passive and active', 'Total and partial', 'Simple and Complex', 'All of the above', 'B'),
(60, 30, 'A', 2, 4, 8, 'A _____________represents the number of entities to which another entity can be associated', 'mapping cardinality', 'Table', 'Schema', 'Information', 'A'),
(61, 28, 'A', 2, 4, 8, 'Trial balance is used to check the accuracy of', 'Balance sheet balances', 'Ledger accounts balances', 'Cash flow statement balances', 'Income statement balances', 'B'),
(62, 28, 'A', 2, 4, 8, 'In the books of account if a transaction is completely deleted, will it affect the trial balance?', 'No', 'Yes', 'A transaction cannot be omitted', '', 'A'),
(63, 28, 'A', 2, 4, 8, 'When is trial balance prepared?', 'At the end of an accounting period', 'At the end of a year', 'Frequently during the year', 'At the end of a month', 'A'),
(64, 28, 'A', 2, 4, 8, 'In trial balance, which accounts with normal balance is recorded at the credit side?', 'Bank account', 'Equipment account', 'Cash account', 'Accrued expenses account', 'D'),
(65, 28, 'A', 2, 4, 8, 'The long term assets that have no physical existence but, possess a value is known as,', 'Current assets', 'Fixed assets', 'Intangible assets', 'Investments', 'C'),
(66, 28, 'A', 2, 4, 8, 'The assets that can be easily converted into cash within a short period (i.e., 1 year or less is known as,', 'Current assets', 'Fixed assets', 'Intangible assets', 'Investments', 'A'),
(67, 28, 'A', 2, 4, 8, 'The debts which are to be repaid within a short period (a year or less) are referred to as,', 'Current Liabilities', 'Fixed liabilities', 'Contingent liabilities', 'Personal account-debit the receiver', 'A'),
(68, 28, 'A', 2, 4, 8, 'Suppliers personal a/c are seen in the,', 'Sales Ledger', 'Nominal ledger', 'Purchases Ledger', 'General Ledger', 'C'),
(69, 28, 'A', 2, 4, 8, 'If you want to ensure that your money will be secured if Cheques sent are wasted in the post, you should,', 'Always pay by cash', 'Cross your Cheques Account Payee only, Not Negotiable', 'Always get the money in person', 'Not use the postal service in future', 'B'),
(70, 28, 'A', 2, 4, 8, 'Discounts received are:', 'Deducted by us when we pay our accounts', 'Deducted when we receive cash', 'Given by us when we sell goods on credit', 'None of these', 'A'),
(71, 28, 'A', 2, 4, 8, 'If we take goods for own use we should:', 'Debit Drawings Account, Credit Purchases Account', 'Debit Drawings Account: Credit Stock Account', 'Debit Sales Account: Credit Stock Account', 'Debit Purchases Account: Credit Drawings Account', 'A'),
(72, 28, 'A', 2, 4, 8, 'If a trial balance totals do not agree, the difference must be entered in:', 'The Profit and Loss Account', ' A Nominal Account', 'The Capital Account', 'A Suspense Account', 'D'),
(73, 28, 'A', 2, 4, 8, 'Business is said to be in a profit when', 'Expenditure exceeds income', 'Income exceeds expenditure', 'Income exceeds liability', 'Assets exceed expenditure', 'B'),
(74, 28, 'A', 2, 4, 8, ' As per the accounting double-entry system, an account that receives the benefit is', 'No need to show as an accounting record', 'Income', 'Debit', 'Credit', 'D'),
(75, 28, 'A', 2, 4, 8, 'What does credit mean in business?', 'It depends upon items', 'Provides benefits', 'It has no effect on business', 'Receives benefits', 'D'),
(76, 28, 'A', 2, 4, 8, 'Sales invoices are first entered in,', 'The Cash Book', 'The Purchases Journal', 'The Sales Journal', 'The Sales Account', 'C'),
(77, 28, 'A', 2, 4, 8, 'Copyrights, Patents and Trademarks are,', 'Current assets', 'Fixed assets', 'Intangible assets', 'Investments', 'C'),
(78, 28, 'A', 2, 4, 8, 'Identify which is wrong rule', 'Real account-credit what comes in', 'Nominal account-debit all expenses & losses', 'Nominal account-credit all incomes & gains', 'All of the above', 'A'),
(79, 28, 'A', 2, 4, 8, 'Entered in the Purchases Journal are,', 'Discounts received', 'Purchases invoices', 'Payments to suppliers', 'Trade discounts', 'B'),
(80, 28, 'A', 2, 4, 8, 'Gross profit is,', 'Cost of goods sold + Opening stock', 'Excess of sales over cost of goods sold', 'Sales fewer Purchases', 'Net profit fewer expenses of the period', 'B'),
(81, 28, 'A', 2, 4, 8, 'Which of the options is an example of business liability?', 'Creditors', 'Cash', 'Building', 'Land', 'A'),
(82, 28, 'A', 2, 4, 8, 'Which of the options is not an intangible asset?', 'Land', 'Patents', 'Goodwill', 'Franchise rights', 'A'),
(83, 28, 'A', 2, 4, 8, 'The process of entering all transactions from the journal to ledger is called', 'Posting', 'Entry', 'Accounting', 'None of the above', 'A'),
(84, 28, 'A', 2, 4, 8, 'General Journal is a book of __________ entries', 'First', 'Orignal', 'Secondary', 'Generic', 'B'),
(85, 28, 'A', 2, 4, 8, 'When a Liability is decreased or reduced, it is registered on the', 'Debit or left side of the account', 'Credit or right side of the account', 'Debit or right side of the account', 'Credit or left side of the account', 'A'),
(86, 28, 'A', 2, 4, 8, 'Every Business transaction affects at least ______ accounts.', 'One', 'Two', 'Three', 'Infinite', 'B'),
(87, 28, 'A', 2, 4, 8, 'Net profit is computed in the:', 'Profit and loss account', 'Balance sheet', 'Trial balance', 'Trading account', 'A'),
(88, 28, 'A', 2, 4, 8, 'Any written evidence in support of a business transaction is called', 'Journal', 'Ledger', 'Ledger posting', 'Voucher', 'D'),
(89, 28, 'A', 2, 4, 8, 'Real accounts records', 'Dealings with creditors or debtors', 'Dealings in commodities', 'Gains and losses', 'All of the above', 'B'),
(90, 28, 'A', 2, 4, 8, 'Which of the following statements is incorrect?', 'Assets - Capital = Liabilities', 'Liabilities + Assets = Capital', 'Liabilities + Capital = Assets', 'Assets - Liabilities = Capital', 'B'),
(92, 29, 'A', 2, 4, 8, 'Hasse diagrams are drawn for', 'partially ordered sets', 'lattices', 'boolean Algebra', 'none of these', 'A'),
(93, 29, 'A', 2, 4, 8, 'The relation  is a partial order if it is ______', 'reflexive, antisymmetric and transitive', 'reflexive, symmetric', 'asymmetric, transitive', 'irreflexive and transitive', 'A'),
(94, 29, 'A', 2, 4, 8, 'A directed graph or digraph can have directed cycle in which ______', 'starting node and ending node are different', 'starting node and ending node are same', 'minimum four vertices can be there', 'ending node does not exist', 'B'),
(95, 29, 'A', 2, 4, 8, 'What is a complete digraph?', 'connection of nodes without containing any cycle', 'connecting nodes to make at least three complete cycles', 'start node and end node in a graph are same having a cycle', 'connection of every node with every other node including itself in a digraph', 'D'),
(96, 29, 'A', 2, 4, 8, 'A simple graph can have _______', 'multiple edges', 'self loops', 'parallel edges', 'no multiple edges, self-loops and parallel edges', 'D'),
(97, 29, 'A', 2, 4, 8, 'A Poset in which every pair of elements has both a least upper bound and a greatest lower bound is termed as _______', 'sublattice', 'lattice', 'trail', 'walk', 'B'),
(98, 29, 'A', 2, 4, 8, '______ and _______ are the two binary operations defined for lattices.', 'Addition, subtraction', 'Union, intersection', 'Join, meet', 'Multiplication, modulo division', 'C'),
(99, 29, 'A', 2, 4, 8, 'What is the definition of Boolean functions?', 'An arithmetic function with k degrees such that f:Y>Yk', 'A special mathematical function with n degrees such that f:Yn>Y', 'An algebraic function with n degrees such that f:Xn>X', 'A polynomial function with k degrees such that f:X2>Xn', 'B'),
(100, 29, 'A', 2, 4, 8, 'A ________ value is represented by a Boolean expression.', 'Positive', 'Recursive', 'Negative', 'Boolean', 'D'),
(101, 29, 'A', 2, 4, 8, 'What are the canonical forms of Boolean Expressions?', 'OR and XOR', 'NOR and XNOR', 'MAX and MIN', 'SOM and POM', 'D'),
(102, 29, 'A', 2, 4, 8, 'Condition for monoid is __________', '(a+e)=a', '(a*e)=(a+e)', 'a=(a*(a+e)', '(a*e)=(e*a)=a', 'D'),
(103, 29, 'A', 2, 4, 8, 'A group (M,*) is said to be abelian if ___________', '(x+y)=(y+x)', '(x*y)=(y*x)', '(x+y)=x', '(y*x)=(x+y)', 'B'),
(104, 29, 'A', 2, 4, 8, 'A cyclic group is always _________', 'abelian group', 'monoid', 'semigroup', 'subgroup', 'A'),
(105, 29, 'A', 2, 4, 8, '{1, i, -i, -1} is _____', 'semigroup', 'subgroup', 'cyclic group', 'abelian group', 'C'),
(106, 29, 'A', 2, 4, 8, 'A subgroup has the properties of ________', 'Closure, associative', 'Commutative, associative, closure', 'Inverse, identity, associative', 'Closure, associative, Identity, Inverse', 'D'),
(107, 29, 'A', 2, 4, 8, 'a * H is a set of _____ coset.', 'Right', 'Left', 'Sub', 'Semi', 'A'),
(108, 29, 'A', 2, 4, 8, 'a * H = H * a relation holds if __________', 'H is semigroup of an abelian group', 'H is subgroup of an abelian group', 'H is monoid of a group', 'H is a cyclic group', 'B'),
(109, 29, 'A', 2, 4, 8, 'Which of the following mentioned standard Probability density functions is applicable to discrete Random Variables?', 'Gaussian Distribution', 'Poisson Distribution', 'Exponential Distribution', 'none of these', 'B'),
(110, 29, 'A', 2, 4, 8, 'Mutually Exclusive events ___________', 'Contain all sample points', 'Contain all common sample points', 'Does not contain any sample point', 'Does not contain any common sample point', 'D'),
(111, 29, 'A', 2, 4, 8, 'What is the area under a conditional Cumulative density function?', '0', '1', 'Infinity', 'Changes with CDF', 'B'),
(112, 29, 'A', 2, 4, 8, 'A variable that can assume any value between two given points is called ___________', 'Continuous random variable', 'Discrete random variable', 'Irregular random variable', 'Uncertain random variable', 'A'),
(113, 29, 'A', 2, 4, 8, 'If a variable can certain integer values between two given points is called ___________', 'Continuous random variable', 'Discrete random variable', 'Irregular random variable', 'Uncertain random variable', 'B'),
(114, 29, 'A', 2, 4, 8, 'The number of edges from the node to the deepest leaf is called __________ of the tree.', 'Height', 'Depth', 'Length', 'Width', 'A'),
(115, 29, 'A', 2, 4, 8, 'In a discrete probability distribution, the sum of all probabilities is always?', '0', 'Infinite', '1', 'Undefined', 'C'),
(116, 29, 'A', 2, 4, 8, 'The expected value of a random variable is its ___________', 'Mean', 'Standard Deviation', 'Mean Deviation', 'Variance', 'A'),
(117, 29, 'A', 2, 4, 8, 'The weight of persons in a state is a ___________', 'Continuous random variable', 'Discrete random variable', 'Irregular random variable', 'Not a random variable', 'A'),
(118, 29, 'A', 2, 4, 8, 'In random experiment, observations of random variable are classified as ___________', 'Event', 'Composition', 'Trials', 'Functions', 'A'),
(119, 29, 'A', 2, 4, 8, 'What is the mean and variance for standard normal distribution?', 'Mean is 1 and variance is 0', 'Mean is 0 and variance is 1', 'Mean is 0 and variance is ', 'Mean is  and variance is 0', 'B'),
(120, 29, 'A', 2, 4, 8, 'Binomial Distribution is a ___________', 'Continuous random variable', 'Discrete random variable', 'Irregular random variable', 'Not a Probability distribution', 'B'),
(121, 29, 'A', 2, 4, 8, 'If X is a random variable, taking values x, probability of success and failure being p and q respectively and n trials being conducted, then what is the probability that X takes values x? Use Binomial Distribution', 'P(X = x) = nCx px qx', 'P(X = x) = xCn qx p(n-x)', 'P(X = x) = nCx px q(n-x)', 'P(x = x) = xCn pn qx', 'C'),
(122, 31, 'A', 2, 4, 8, '____________ is a pipe of which items are added at one end and remove from another end', 'List', 'Queue', 'Stack', 'Array', 'B'),
(123, 31, 'A', 2, 4, 8, '__________ is not operation that can be perform on queue', 'Traversal', 'Insertion', 'Retrieval', 'Deletion', 'A'),
(124, 31, 'A', 2, 4, 8, 'Pushing an element into stack aleray having five elements and stack size of 5, then stack becomes', 'overflow', 'crash', 'underflow', 'userflow', 'A'),
(125, 31, 'A', 2, 4, 8, 'What is an AVL tree?', 'a tree which is balanced and is a height balanced tree', 'a tree which is unbalanced and is a height balanced tree', 'a tree with three children', 'a tree with atmost 3 children', 'A'),
(126, 31, 'A', 2, 4, 8, 'The number of comparisons done by sequential search __________', '(N/2)+1', '(N-1)/2', '(N+1)/2', '(N-2)/2', 'C'),
(127, 31, 'A', 2, 4, 8, 'Which of the following data structure is linear type?', 'Stack', 'Graph', 'Trees', 'Binary Tree', 'A'),
(128, 31, 'A', 2, 4, 8, 'The complexity of Bubble sort algorithm is', 'O(n)', 'O(log n)', 'O(n log n)', 'O(n2)', 'D'),
(129, 31, 'A', 2, 4, 8, 'The in order traversal of tree will yield a sorted listing of elements of tree in', 'Merging', 'AVL tree', 'Binary Search Tree', 'Binary Tree', 'C'),
(130, 31, 'A', 2, 4, 8, 'A full binary tree with 2n+1 nodes contain', 'n leaf nodes', 'n non-leaf nodes', 'n-1 leaf nodes', 'n-1 non-leaf nodes', 'B'),
(131, 31, 'A', 2, 4, 8, 'The use of pointers to refer elements of a data structure in which elements are logically adjacent is _______', 'Stack', 'Queue', 'Pointers', 'linked allocation', 'D'),
(132, 31, 'A', 2, 4, 8, 'Which of the following is false about a doubly linked list?', 'We can navigate in both the directions', 'It requires more space than a singly linked list', 'The insertion and deletion of a node take a bit longer', 'Implementing a doubly linked list is easier than singly linked list', 'D'),
(133, 31, 'A', 2, 4, 8, 'What is a dequeue?', 'A queue with insert/delete defined for both front and rear ends of the queue', 'A queue implemented with a doubly linked list', 'A queue implemented with both singly and doubly linked lists', 'A queue with insert/delete defined for front side of the queue', 'A'),
(134, 31, 'A', 2, 4, 8, 'What is the maximum number of children that a binary tree node can have?', '0', '1', '2', '3', 'C'),
(135, 31, 'A', 2, 4, 8, 'To obtain a prefix expression, which of the tree traversals is used?', 'Level-order traversal', 'Pre-order traversal', 'Post-order traversal', 'In-order traversal', 'B'),
(136, 31, 'A', 2, 4, 8, 'Which of the following graph traversals closely imitates level order traversal of a binary tree?', 'Depth First Search', 'Breadth First Search', 'Depth & Breadth First Search', 'Binary Search', 'B'),
(137, 31, 'A', 2, 4, 8, 'In a binary search tree, which of the following traversals would print the numbers in the ascending order?', 'Level-order traversal', 'Pre-order traversal', 'Post-order traversal', 'In-order traversal', 'D'),
(138, 31, 'A', 2, 4, 8, 'The link field in a node contains', 'address of the next node', 'data of next node', 'data of previous node', 'data of current node', 'A'),
(139, 31, 'A', 2, 4, 8, 'Which among the following segment of code deletes the element\npointed to by X from the single linked list, if it is assumed that X\npoints to the last element of the list and prev pointer points to last but\none element?', 'prev -> next = NULL;\nfree(prev);', 'X -> next = NULL;\nfree(X);', 'prev -> next = NULL;\nfree(X);', 'X -> next = prev;\nfree(prev);', 'C'),
(140, 31, 'A', 2, 4, 8, 'One difference between a queue and a stack is:', 'Queues require dynamic memory, but stacks do not.', 'Stacks require dynamic memory, but queues do not.', 'Queues use two ends of the structure; stacks use only one.', 'Stacks use two ends of the structure, queues use only one.', 'C'),
(141, 31, 'A', 2, 4, 8, 'Which among the following data structure may give overflow error, even\nthough the current number of elements in it, is less than its size:', 'Simple Queue', 'Circular Queue', 'Stack', 'None of the above', 'A'),
(142, 31, 'A', 2, 4, 8, 'Which among the following types of expressions does not require\nprecedence rules for evaluation:', 'Fully parenthesized infix expression', 'Prefix expression', 'both A and B', 'none of the above', 'C'),
(143, 31, 'A', 2, 4, 8, 'The maximum number of nodes at any level is:', 'n', 'n+1', '2 power n', '2n', 'C'),
(144, 31, 'A', 2, 4, 8, 'What is the minimum number of nodes in a full binary tree with depth 3?', '3', '4', '8', '15', 'D'),
(145, 31, 'A', 2, 4, 8, 'The depth-first traversal in graph is analogous to tree traversal:', 'In-order', 'Pre-order traversal', 'Post-order traversal', 'Level order', 'B'),
(146, 31, 'A', 2, 4, 8, 'A simple graph has no loops. What other property must a simple graph\nhave?', 'It must be directed.', 'It must have at least one vertex.', 'It must be undirected.', 'It must have no multiple edges.', 'D'),
(147, 31, 'A', 2, 4, 8, 'Which searching can be performed recursively ?', 'Linear Search', 'Binary Search', 'Both', 'None', 'B'),
(148, 31, 'A', 2, 4, 8, 'When is insertion sort a good choice for sorting an array?', 'The array has only a few items out of place', 'Each component of the array requires a large amount of memory', 'Each component of the array requires a small amount of memory', 'The processor speed is fast', 'A'),
(149, 31, 'A', 2, 4, 8, 'Which among the following is fastest sorting technique (for unordered data)', 'Heap Sort', 'Quick Sort', 'Bubble Sort', 'Selection Sort', 'D'),
(150, 31, 'A', 2, 4, 8, 'Always Heap is a', 'complete Binary tree', 'Full Binary tree', 'Binary Search Tree', 'None', 'A'),
(151, 31, 'A', 2, 4, 8, 'If the number of record to be sorted large and the key is short, then  sorting can be efficient.', 'Merge', 'Heap', 'Radix', 'Bubble', 'C'),
(152, 21, 'A', 1, 3, 5, 'Which statement will output $x on the screen?', 'echo \\$x;', 'echo $$x;', 'echo /$x;', 'echo $x;;', 'D'),
(153, 21, 'A', 1, 3, 5, 'Which version of PHP introduced Try/catch Exception?', 'PHP 4', 'PHP 5', 'PHP 6', 'PHP 5 and later', 'D'),
(154, 21, 'A', 1, 3, 5, 'What will be the output of the following php code?<br> <?php <br> $num  = \"1\";<br>  $num1 = \"2\";<br> print $num . \"+\". $num1;<br> ?>', '3', '1+2', 'Error', '12', 'B'),
(155, 21, 'A', 1, 3, 5, 'Which of the below statements is equivalent to $add += $add ?', '$add = $add', '$add = $add +$add', '$add = $add + 1', '$add = $add + $add + 1', 'B'),
(156, 21, 'A', 1, 3, 5, 'What should be the correct syntax to write a PHP code?', '\\< php\\ >', '\\< ? php ?\\>', '\\<? ?\\>', '\\<?php ?\\>', 'D'),
(157, 21, 'A', 1, 3, 5, 'How to define a function in PHP?', 'function {function body}', 'data type functionName(parameters) {function body}', 'functionName(parameters) {function body}', 'function functionName(parameters) {function body}', 'D'),
(158, 21, 'A', 1, 3, 5, 'Which of the following are valid function names?', 'function()', '()', '.function()', '$function()', 'B'),
(159, 21, 'A', 1, 3, 5, 'Which of the following PHP functions accepts any number of parameters?', 'func_get_argv()', 'func_get_args()', 'get_argv()', 'get_argc()', 'B'),
(160, 21, 'A', 1, 3, 5, 'Which of the following PHP functions can be used for generating unique ids?', 'uniqueid()', 'id()', 'md5()', 'mdid()', 'A'),
(161, 21, 'A', 1, 3, 5, 'Which two predefined variables are used to retrieve information from forms?', '$GET & $SET', '$_GET & $_SET', '$__GET & $__SET', 'GET & SET', 'B'),
(162, 21, 'A', 1, 3, 5, 'When you use the $_GET variable to collect data, the data is visible to ___________', 'none', 'only you', 'everyone', 'selected few', 'C'),
(163, 21, 'A', 1, 3, 5, 'Which one of the following is the very first task executed by a session enabled page?', 'Delete the previous session', 'Start a new session', 'Check whether a valid session exists', 'Handle the session', 'C'),
(164, 21, 'A', 1, 3, 5, 'Which one of the following is the default PHP session name?', 'PHPSESSID', 'PHPSESID', 'PHPSESSIONID', 'PHPIDSESS', 'A'),
(165, 21, 'A', 1, 3, 5, 'Who is the father of PHP?', 'Rasmus Lerdorf', 'Willam Makepiece', 'Drek Kolkevi', 'List Barely', 'A'),
(166, 21, 'A', 1, 3, 5, 'PHP files have a default file extension of.', '.html', '.xml', '.php', '.ph', 'C');

-- --------------------------------------------------------

--
-- Table structure for table `result`
--

DROP TABLE IF EXISTS `result`;
CREATE TABLE IF NOT EXISTS `result` (
  `rid` int(10) NOT NULL AUTO_INCREMENT,
  `keyu` int(10) NOT NULL,
  `cid` int(10) NOT NULL,
  `sid` int(10) NOT NULL,
  `did` int(10) NOT NULL,
  `sem_id` int(3) NOT NULL,
  `divi` varchar(3) NOT NULL,
  `resultstatus` varchar(50) NOT NULL,
  `pr` float NOT NULL,
  `total_marks` int(10) NOT NULL,
  `scoreobtain` varchar(50) NOT NULL,
  `neg_mark` int(11) DEFAULT NULL,
  `un_ans` int(11) DEFAULT NULL,
  `status` varchar(8) NOT NULL,
  `today` date NOT NULL,
  PRIMARY KEY (`rid`),
  KEY `keyu` (`keyu`,`sid`,`did`,`sem_id`),
  KEY `fk_res_sub_id` (`sid`),
  KEY `fk_res_dept_id` (`did`),
  KEY `fk_res_sem_id` (`sem_id`),
  KEY `cid` (`cid`)
) ENGINE=InnoDB AUTO_INCREMENT=353 DEFAULT CHARSET=latin1;

--
-- Dumping data for table `result`
--

INSERT INTO `result` (`rid`, `keyu`, `cid`, `sid`, `did`, `sem_id`, `divi`, `resultstatus`, `pr`, `total_marks`, `scoreobtain`, `neg_mark`, `un_ans`, `status`, `today`) VALUES
(56, 54, 2, 28, 4, 8, 'A', 'Pass', 63.33, 30, '19', 0, 1, 'disable', '2020-04-27'),
(57, 53, 2, 28, 4, 8, 'A', 'Fail', 26.67, 30, '8', 0, 1, 'disable', '2020-04-27'),
(58, 3, 2, 28, 4, 8, 'A', 'Pass', 50, 30, '15', 0, 0, 'disable', '2020-04-27'),
(59, 21, 2, 28, 4, 8, 'A', 'Fail', 23.33, 30, '7', 0, 1, 'disable', '2020-04-27'),
(60, 47, 2, 28, 4, 8, 'A', 'Fail', 36.67, 30, '11', 0, 1, 'disable', '2020-04-27'),
(61, 12, 2, 28, 4, 8, 'A', 'Pass', 40, 30, '12', 0, 3, 'disable', '2020-04-27'),
(62, 38, 2, 28, 4, 8, 'A', 'Pass', 60, 30, '18', 0, 2, 'disable', '2020-04-27'),
(63, 13, 2, 28, 4, 8, 'A', 'Fail', 30, 30, '9', 0, 1, 'disable', '2020-04-27'),
(64, 50, 2, 28, 4, 8, 'A', 'Pass', 46.67, 30, '14', 0, 1, 'disable', '2020-04-27'),
(65, 22, 2, 28, 4, 8, 'A', 'Pass', 43.33, 30, '13', 0, 0, 'disable', '2020-04-27'),
(66, 1, 2, 28, 4, 8, 'A', 'Pass', 63.33, 30, '19', 0, 4, 'disable', '2020-04-27'),
(67, 31, 2, 28, 4, 8, 'A', 'Fail', 33.33, 30, '10', 0, 0, 'disable', '2020-04-27'),
(68, 37, 2, 28, 4, 8, 'A', 'Pass', 56.67, 30, '17', 0, 0, 'disable', '2020-04-27'),
(69, 25, 2, 28, 4, 8, 'A', 'Pass', 46.67, 30, '14', 0, 0, 'disable', '2020-04-27'),
(70, 9, 2, 28, 4, 8, 'A', 'Pass', 43.33, 30, '13', 0, 2, 'disable', '2020-04-27'),
(71, 2, 2, 28, 4, 8, 'A', 'Fail', 36.67, 30, '11', 0, 3, 'disable', '2020-04-27'),
(72, 28, 2, 28, 4, 8, 'A', 'Fail', 36.67, 30, '11', 0, 0, 'disable', '2020-04-27'),
(73, 16, 2, 28, 4, 8, 'A', 'Pass', 70, 30, '21', 0, 0, 'disable', '2020-04-27'),
(74, 40, 2, 28, 4, 8, 'A', 'Pass', 56.67, 30, '17', 0, 1, 'disable', '2020-04-27'),
(75, 41, 2, 28, 4, 8, 'A', 'Fail', 36.67, 30, '11', 0, 1, 'disable', '2020-04-27'),
(76, 23, 2, 28, 4, 8, 'A', 'Fail', 26.67, 30, '8', 0, 0, 'disable', '2020-04-27'),
(77, 8, 2, 28, 4, 8, 'A', 'Pass', 50, 30, '15', 0, 0, 'disable', '2020-04-27'),
(78, 24, 2, 28, 4, 8, 'A', 'Pass', 43.33, 30, '13', 0, 0, 'disable', '2020-04-27'),
(79, 36, 2, 28, 4, 8, 'A', 'Pass', 53.33, 30, '16', 0, 0, 'disable', '2020-04-27'),
(80, 46, 2, 28, 4, 8, 'A', 'Fail', 30, 30, '9', 0, 0, 'disable', '2020-04-27'),
(81, 18, 2, 28, 4, 8, 'A', 'Pass', 40, 30, '12', 0, 1, 'disable', '2020-04-27'),
(82, 20, 2, 28, 4, 8, 'A', 'Pass', 50, 30, '15', 0, 0, 'disable', '2020-04-27'),
(83, 55, 2, 28, 4, 8, 'A', 'Fail', 20, 30, '6', 0, 2, 'disable', '2020-04-27'),
(84, 6, 2, 28, 4, 8, 'A', 'Pass', 63.33, 30, '19', 0, 0, 'disable', '2020-04-27'),
(85, 19, 2, 28, 4, 8, 'A', 'Fail', 30, 30, '9', 0, 1, 'disable', '2020-04-27'),
(86, 5, 2, 28, 4, 8, 'A', 'Pass', 53.33, 30, '16', 0, 3, 'disable', '2020-04-27'),
(87, 49, 2, 28, 4, 8, 'A', 'Pass', 40, 30, '12', 0, 1, 'disable', '2020-04-27'),
(88, 17, 2, 28, 4, 8, 'A', 'Pass', 43.33, 30, '13', 0, 3, 'disable', '2020-04-27'),
(89, 11, 2, 28, 4, 8, 'A', 'Fail', 23.33, 30, '7', 0, 0, 'disable', '2020-04-27'),
(90, 32, 2, 28, 4, 8, 'A', 'Pass', 46.67, 30, '14', 0, 1, 'disable', '2020-04-27'),
(91, 29, 2, 28, 4, 8, 'A', 'Pass', 53.33, 30, '16', 0, 0, 'disable', '2020-04-27'),
(92, 48, 2, 28, 4, 8, 'A', 'Pass', 43.33, 30, '13', 0, 0, 'disable', '2020-04-27'),
(93, 39, 2, 28, 4, 8, 'A', 'Fail', 36.67, 30, '11', 0, 0, 'disable', '2020-04-27'),
(94, 30, 2, 28, 4, 8, 'A', 'Pass', 56.67, 30, '17', 0, 0, 'disable', '2020-04-27'),
(95, 27, 2, 28, 4, 8, 'A', 'Pass', 76.67, 30, '23', 0, 0, 'disable', '2020-04-27'),
(96, 42, 2, 28, 4, 8, 'A', 'Pass', 63.33, 30, '19', 0, 0, 'disable', '2020-04-27'),
(97, 34, 2, 28, 4, 8, 'A', 'Fail', 33.33, 30, '10', 0, 0, 'disable', '2020-04-27'),
(98, 52, 2, 28, 4, 8, 'A', 'Pass', 46.67, 30, '14', 0, 0, 'disable', '2020-04-27'),
(99, 35, 2, 28, 4, 8, 'A', 'Pass', 43.33, 30, '13', 0, 2, 'disable', '2020-04-27'),
(111, 15, 2, 28, 4, 8, 'A', 'Pass', 63.33, 30, '19', 0, 0, 'disable', '2020-04-27'),
(112, 4, 2, 28, 4, 8, 'A', 'Fail', 0, 30, 'AB', NULL, NULL, 'temp', '2020-04-28'),
(113, 7, 2, 28, 4, 8, 'A', 'Fail', 0, 30, 'AB', NULL, NULL, 'temp', '2020-04-28'),
(114, 10, 2, 28, 4, 8, 'A', 'Fail', 0, 30, 'AB', NULL, NULL, 'temp', '2020-04-28'),
(115, 14, 2, 28, 4, 8, 'A', 'Fail', 0, 30, 'AB', NULL, NULL, 'temp', '2020-04-28'),
(116, 26, 2, 28, 4, 8, 'A', 'Fail', 0, 30, 'AB', NULL, NULL, 'temp', '2020-04-28'),
(117, 33, 2, 28, 4, 8, 'A', 'Fail', 0, 30, 'AB', NULL, NULL, 'temp', '2020-04-28'),
(118, 43, 2, 28, 4, 8, 'A', 'Fail', 0, 30, 'AB', NULL, NULL, 'temp', '2020-04-28'),
(119, 44, 2, 28, 4, 8, 'A', 'Fail', 0, 30, 'AB', NULL, NULL, 'temp', '2020-04-28'),
(120, 45, 2, 28, 4, 8, 'A', 'Fail', 0, 30, 'AB', NULL, NULL, 'temp', '2020-04-28'),
(121, 51, 2, 28, 4, 8, 'A', 'Fail', 0, 30, 'AB', NULL, NULL, 'temp', '2020-04-28'),
(122, 27, 2, 29, 4, 8, 'A', 'Pass', 93.33, 30, '28', 0, 0, 'disable', '2020-04-29'),
(123, 23, 2, 29, 4, 8, 'A', 'Pass', 56.67, 30, '17', 0, 1, 'disable', '2020-04-29'),
(124, 47, 2, 29, 4, 8, 'A', 'Pass', 43.33, 30, '13', 0, 1, 'disable', '2020-04-29'),
(125, 54, 2, 29, 4, 8, 'A', 'Pass', 66.67, 30, '20', 0, 2, 'disable', '2020-04-29'),
(126, 38, 2, 29, 4, 8, 'A', 'Pass', 90, 30, '27', 0, 0, 'disable', '2020-04-29'),
(127, 35, 2, 29, 4, 8, 'A', 'Pass', 70, 30, '21', 0, 1, 'disable', '2020-04-29'),
(128, 12, 2, 29, 4, 8, 'A', 'Pass', 50, 30, '15', 0, 2, 'disable', '2020-04-29'),
(129, 13, 2, 29, 4, 8, 'A', 'Fail', 33.33, 30, '10', 0, 4, 'disable', '2020-04-29'),
(130, 5, 2, 29, 4, 8, 'A', 'Pass', 43.33, 30, '13', 0, 1, 'disable', '2020-04-29'),
(131, 31, 2, 29, 4, 8, 'A', 'Fail', 36.67, 30, '11', 0, 0, 'disable', '2020-04-29'),
(132, 10, 2, 29, 4, 8, 'A', 'Pass', 83.33, 30, '25', 0, 1, 'disable', '2020-04-29'),
(133, 34, 2, 29, 4, 8, 'A', 'Pass', 50, 30, '15', 0, 0, 'disable', '2020-04-29'),
(134, 22, 2, 29, 4, 8, 'A', 'Pass', 86.67, 30, '26', 0, 2, 'disable', '2020-04-29'),
(136, 50, 2, 29, 4, 8, 'A', 'Pass', 46.67, 30, '14', 0, 2, 'disable', '2020-04-29'),
(137, 53, 2, 29, 4, 8, 'A', 'Pass', 56.67, 30, '17', 0, 0, 'disable', '2020-04-29'),
(138, 28, 2, 29, 4, 8, 'A', 'Pass', 83.33, 30, '25', 0, 1, 'disable', '2020-04-29'),
(139, 52, 2, 29, 4, 8, 'A', 'Pass', 56.67, 30, '17', 0, 1, 'disable', '2020-04-29'),
(140, 36, 2, 29, 4, 8, 'A', 'Fail', 36.67, 30, '11', 0, 1, 'disable', '2020-04-29'),
(141, 20, 2, 29, 4, 8, 'A', 'Pass', 83.33, 30, '25', 0, 0, 'disable', '2020-04-29'),
(142, 55, 2, 29, 4, 8, 'A', 'Pass', 46.67, 30, '14', 0, 1, 'disable', '2020-04-29'),
(143, 49, 2, 29, 4, 8, 'A', 'Pass', 50, 30, '15', 0, 1, 'disable', '2020-04-29'),
(144, 29, 2, 29, 4, 8, 'A', 'Pass', 86.67, 30, '26', 0, 0, 'disable', '2020-04-29'),
(145, 32, 2, 29, 4, 8, 'A', 'Pass', 70, 30, '21', 0, 0, 'disable', '2020-04-29'),
(146, 8, 2, 29, 4, 8, 'A', 'Pass', 46.67, 30, '14', 0, 0, 'disable', '2020-04-29'),
(147, 41, 2, 29, 4, 8, 'A', 'Pass', 63.33, 30, '19', 0, 3, 'disable', '2020-04-29'),
(148, 46, 2, 29, 4, 8, 'A', 'Pass', 50, 30, '15', 0, 0, 'disable', '2020-04-29'),
(149, 30, 2, 29, 4, 8, 'A', 'Pass', 40, 30, '12', 0, 0, 'disable', '2020-04-29'),
(150, 40, 2, 29, 4, 8, 'A', 'Pass', 40, 30, '12', 0, 1, 'disable', '2020-04-29'),
(151, 25, 2, 29, 4, 8, 'A', 'Pass', 50, 30, '15', 0, 1, 'disable', '2020-04-29'),
(152, 6, 2, 29, 4, 8, 'A', 'Pass', 66.67, 30, '20', 0, 0, 'disable', '2020-04-29'),
(153, 1, 2, 29, 4, 8, 'A', 'Pass', 46.67, 30, '14', 0, 5, 'disable', '2020-04-29'),
(154, 19, 2, 29, 4, 8, 'A', 'Fail', 26.67, 30, '8', 0, 0, 'disable', '2020-04-29'),
(155, 42, 2, 29, 4, 8, 'A', 'Pass', 53.33, 30, '16', 0, 1, 'disable', '2020-04-29'),
(156, 16, 2, 29, 4, 8, 'A', 'Pass', 53.33, 30, '16', 0, 0, 'disable', '2020-04-29'),
(157, 37, 2, 29, 4, 8, 'A', 'Pass', 53.33, 30, '16', 0, 1, 'disable', '2020-04-29'),
(158, 48, 2, 29, 4, 8, 'A', 'Pass', 63.33, 30, '19', 0, 1, 'disable', '2020-04-29'),
(159, 3, 2, 29, 4, 8, 'A', 'Pass', 63.33, 30, '19', 0, 0, 'disable', '2020-04-29'),
(160, 18, 2, 29, 4, 8, 'A', 'Pass', 43.33, 30, '13', 0, 4, 'disable', '2020-04-29'),
(161, 24, 2, 29, 4, 8, 'A', 'Pass', 60, 30, '18', 0, 0, 'disable', '2020-04-29'),
(162, 17, 2, 29, 4, 8, 'A', 'Fail', 33.33, 30, '10', 0, 5, 'disable', '2020-04-29'),
(163, 39, 2, 29, 4, 8, 'A', 'Pass', 40, 30, '12', 0, 0, 'disable', '2020-04-29'),
(164, 9, 2, 29, 4, 8, 'A', 'Pass', 56.67, 30, '17', 0, 2, 'disable', '2020-04-29'),
(165, 15, 2, 29, 4, 8, 'A', 'Pass', 46.67, 30, '14', 0, 0, 'disable', '2020-04-29'),
(166, 2, 2, 29, 4, 8, 'A', 'Pass', 56.67, 30, '17', 0, 1, 'disable', '2020-04-29'),
(167, 21, 2, 29, 4, 8, 'A', 'Pass', 60, 30, '18', 0, 0, 'disable', '2020-04-29'),
(168, 4, 2, 29, 4, 8, 'A', 'Fail', 0, 30, 'AB', NULL, NULL, 'temp', '2020-04-29'),
(169, 7, 2, 29, 4, 8, 'A', 'Fail', 0, 30, 'AB', NULL, NULL, 'temp', '2020-04-29'),
(170, 11, 2, 29, 4, 8, 'A', 'Fail', 0, 30, 'AB', NULL, NULL, 'temp', '2020-04-29'),
(171, 14, 2, 29, 4, 8, 'A', 'Fail', 0, 30, 'AB', NULL, NULL, 'temp', '2020-04-29'),
(172, 26, 2, 29, 4, 8, 'A', 'Fail', 0, 30, 'AB', NULL, NULL, 'temp', '2020-04-29'),
(173, 33, 2, 29, 4, 8, 'A', 'Fail', 0, 30, 'AB', NULL, NULL, 'temp', '2020-04-29'),
(174, 43, 2, 29, 4, 8, 'A', 'Fail', 0, 30, 'AB', NULL, NULL, 'temp', '2020-04-29'),
(175, 44, 2, 29, 4, 8, 'A', 'Fail', 0, 30, 'AB', NULL, NULL, 'temp', '2020-04-29'),
(176, 45, 2, 29, 4, 8, 'A', 'Fail', 0, 30, 'AB', NULL, NULL, 'temp', '2020-04-29'),
(177, 51, 2, 29, 4, 8, 'A', 'Fail', 0, 30, 'AB', NULL, NULL, 'temp', '2020-04-29'),
(178, 54, 2, 30, 4, 8, 'A', 'Pass', 83.33, 30, '25', 0, 0, 'disable', '2020-05-01'),
(179, 27, 2, 30, 4, 8, 'A', 'Pass', 96.67, 30, '29', 0, 0, 'disable', '2020-05-01'),
(180, 53, 2, 30, 4, 8, 'A', 'Pass', 63.33, 30, '19', 0, 0, 'disable', '2020-05-01'),
(181, 38, 2, 30, 4, 8, 'A', 'Pass', 96.67, 30, '29', 0, 0, 'disable', '2020-05-01'),
(182, 3, 2, 30, 4, 8, 'A', 'Pass', 86.67, 30, '26', 0, 0, 'disable', '2020-05-01'),
(183, 13, 2, 30, 4, 8, 'A', 'Pass', 53.33, 30, '16', 0, 1, 'disable', '2020-05-01'),
(184, 12, 2, 30, 4, 8, 'A', 'Pass', 66.67, 30, '20', 0, 0, 'disable', '2020-05-01'),
(185, 41, 2, 30, 4, 8, 'A', 'Pass', 80, 30, '24', 0, 2, 'disable', '2020-05-01'),
(186, 35, 2, 30, 4, 8, 'A', 'Pass', 83.33, 30, '25', 0, 1, 'disable', '2020-05-01'),
(187, 30, 2, 30, 4, 8, 'A', 'Fail', 33.33, 30, '10', 0, 0, 'disable', '2020-05-01'),
(188, 31, 2, 30, 4, 8, 'A', 'Fail', 30, 30, '9', 0, 2, 'disable', '2020-05-01'),
(189, 1, 2, 30, 4, 8, 'A', 'Pass', 80, 30, '24', 0, 1, 'disable', '2020-05-01'),
(190, 20, 2, 30, 4, 8, 'A', 'Pass', 76.67, 30, '23', 0, 0, 'disable', '2020-05-01'),
(191, 46, 2, 30, 4, 8, 'A', 'Pass', 93.33, 30, '28', 0, 0, 'disable', '2020-05-01'),
(192, 19, 2, 30, 4, 8, 'A', 'Fail', 23.33, 30, '7', 0, 0, 'disable', '2020-05-01'),
(193, 32, 2, 30, 4, 8, 'A', 'Pass', 73.33, 30, '22', 0, 0, 'disable', '2020-05-01'),
(194, 47, 2, 30, 4, 8, 'A', 'Pass', 50, 30, '15', 0, 1, 'disable', '2020-05-01'),
(195, 5, 2, 30, 4, 8, 'A', 'Pass', 73.33, 30, '22', 0, 0, 'disable', '2020-05-01'),
(196, 34, 2, 30, 4, 8, 'A', 'Fail', 33.33, 30, '10', 0, 0, 'disable', '2020-05-01'),
(197, 29, 2, 30, 4, 8, 'A', 'Pass', 96.67, 30, '29', 0, 0, 'disable', '2020-05-01'),
(198, 55, 2, 30, 4, 8, 'A', 'Pass', 66.67, 30, '20', 0, 1, 'disable', '2020-05-01'),
(199, 52, 2, 30, 4, 8, 'A', 'Pass', 56.67, 30, '17', 0, 0, 'disable', '2020-05-01'),
(200, 22, 2, 30, 4, 8, 'A', 'Pass', 96.67, 30, '29', 0, 0, 'disable', '2020-05-01'),
(201, 21, 2, 30, 4, 8, 'A', 'Pass', 70, 30, '21', 0, 0, 'disable', '2020-05-01'),
(202, 40, 2, 30, 4, 8, 'A', 'Pass', 56.67, 30, '17', 0, 2, 'disable', '2020-05-01'),
(203, 36, 2, 30, 4, 8, 'A', 'Pass', 70, 30, '21', 0, 1, 'disable', '2020-05-01'),
(204, 25, 2, 30, 4, 8, 'A', 'Pass', 63.33, 30, '19', 0, 0, 'disable', '2020-05-01'),
(205, 4, 2, 30, 4, 8, 'A', 'Pass', 53.33, 30, '16', 0, 1, 'disable', '2020-05-01'),
(206, 42, 2, 30, 4, 8, 'A', 'Pass', 56.67, 30, '17', 0, 0, 'disable', '2020-05-01'),
(207, 18, 2, 30, 4, 8, 'A', 'Pass', 50, 30, '15', 0, 0, 'disable', '2020-05-01'),
(208, 9, 2, 30, 4, 8, 'A', 'Pass', 73.33, 30, '22', 0, 0, 'disable', '2020-05-01'),
(209, 16, 2, 30, 4, 8, 'A', 'Pass', 93.33, 30, '28', 0, 0, 'disable', '2020-05-01'),
(210, 6, 2, 30, 4, 8, 'A', 'Pass', 73.33, 30, '22', 0, 0, 'disable', '2020-05-01'),
(211, 50, 2, 30, 4, 8, 'A', 'Pass', 86.67, 30, '26', 0, 0, 'disable', '2020-05-01'),
(212, 24, 2, 30, 4, 8, 'A', 'Pass', 73.33, 30, '22', 0, 0, 'disable', '2020-05-01'),
(213, 44, 2, 30, 4, 8, 'A', 'Fail', 20, 30, '6', 0, 0, 'disable', '2020-05-01'),
(214, 49, 2, 30, 4, 8, 'A', 'Pass', 66.67, 30, '20', 0, 0, 'disable', '2020-05-01'),
(215, 37, 2, 30, 4, 8, 'A', 'Pass', 80, 30, '24', 0, 0, 'disable', '2020-05-01'),
(216, 2, 2, 30, 4, 8, 'A', 'Pass', 80, 30, '24', 0, 1, 'disable', '2020-05-01'),
(217, 48, 2, 30, 4, 8, 'A', 'Pass', 73.33, 30, '22', 0, 0, 'disable', '2020-05-01'),
(218, 17, 2, 30, 4, 8, 'A', 'Pass', 63.33, 30, '19', 0, 5, 'disable', '2020-05-01'),
(219, 8, 2, 30, 4, 8, 'A', 'Pass', 83.33, 30, '25', 0, 0, 'disable', '2020-05-01'),
(220, 28, 2, 30, 4, 8, 'A', 'Pass', 70, 30, '21', 0, 1, 'disable', '2020-05-01'),
(221, 39, 2, 30, 4, 8, 'A', 'Pass', 63.33, 30, '19', 0, 0, 'disable', '2020-05-01'),
(222, 23, 2, 30, 4, 8, 'A', 'Pass', 70, 30, '21', 0, 0, 'disable', '2020-05-01'),
(223, 15, 2, 30, 4, 8, 'A', 'Pass', 86.67, 30, '26', 0, 0, 'disable', '2020-05-01'),
(224, 7, 2, 30, 4, 8, 'A', 'Fail', 0, 30, 'AB', NULL, NULL, 'temp', '2020-05-01'),
(225, 10, 2, 30, 4, 8, 'A', 'Fail', 0, 30, 'AB', NULL, NULL, 'temp', '2020-05-01'),
(226, 11, 2, 30, 4, 8, 'A', 'Fail', 0, 30, 'AB', NULL, NULL, 'temp', '2020-05-01'),
(227, 14, 2, 30, 4, 8, 'A', 'Fail', 0, 30, 'AB', NULL, NULL, 'temp', '2020-05-01'),
(228, 26, 2, 30, 4, 8, 'A', 'Fail', 0, 30, 'AB', NULL, NULL, 'temp', '2020-05-01'),
(229, 33, 2, 30, 4, 8, 'A', 'Fail', 0, 30, 'AB', NULL, NULL, 'temp', '2020-05-01'),
(230, 43, 2, 30, 4, 8, 'A', 'Fail', 0, 30, 'AB', NULL, NULL, 'temp', '2020-05-01'),
(231, 45, 2, 30, 4, 8, 'A', 'Fail', 0, 30, 'AB', NULL, NULL, 'temp', '2020-05-01'),
(232, 51, 2, 30, 4, 8, 'A', 'Fail', 0, 30, 'AB', NULL, NULL, 'temp', '2020-05-01'),
(233, 54, 2, 31, 4, 8, 'A', 'Pass', 76.67, 30, '23', 0, 1, 'disable', '2020-05-04'),
(234, 53, 2, 31, 4, 8, 'A', 'Pass', 66.67, 30, '20', 0, 0, 'disable', '2020-05-04'),
(235, 12, 2, 31, 4, 8, 'A', 'Pass', 60, 30, '18', 0, 2, 'disable', '2020-05-04'),
(236, 3, 2, 31, 4, 8, 'A', 'Pass', 73.33, 30, '22', 0, 1, 'disable', '2020-05-04'),
(237, 42, 2, 31, 4, 8, 'A', 'Pass', 66.67, 30, '20', 0, 2, 'disable', '2020-05-04'),
(238, 13, 2, 31, 4, 8, 'A', 'Pass', 53.33, 30, '16', 0, 1, 'disable', '2020-05-04'),
(239, 47, 2, 31, 4, 8, 'A', 'Pass', 96.67, 30, '29', 0, 0, 'disable', '2020-05-04'),
(240, 22, 2, 31, 4, 8, 'A', 'Pass', 70, 30, '21', 0, 0, 'disable', '2020-05-04'),
(241, 25, 2, 31, 4, 8, 'A', 'Pass', 66.67, 30, '20', 0, 0, 'disable', '2020-05-04'),
(242, 27, 2, 31, 4, 8, 'A', 'Pass', 80, 30, '24', 0, 1, 'disable', '2020-05-04'),
(243, 35, 2, 31, 4, 8, 'A', 'Pass', 70, 30, '21', 0, 2, 'disable', '2020-05-04'),
(244, 30, 2, 31, 4, 8, 'A', 'Pass', 50, 30, '15', 0, 0, 'disable', '2020-05-04'),
(245, 5, 2, 31, 4, 8, 'A', 'Pass', 70, 30, '21', 0, 1, 'disable', '2020-05-04'),
(246, 51, 2, 31, 4, 8, 'A', 'Pass', 50, 30, '15', 0, 2, 'disable', '2020-05-04'),
(247, 34, 2, 31, 4, 8, 'A', 'Pass', 53.33, 30, '16', 0, 0, 'disable', '2020-05-04'),
(248, 21, 2, 31, 4, 8, 'A', 'Pass', 43.33, 30, '13', 0, 2, 'disable', '2020-05-04'),
(249, 31, 2, 31, 4, 8, 'A', 'Pass', 43.33, 30, '13', 0, 1, 'disable', '2020-05-04'),
(250, 46, 2, 31, 4, 8, 'A', 'Pass', 70, 30, '21', 0, 0, 'disable', '2020-05-04'),
(251, 29, 2, 31, 4, 8, 'A', 'Pass', 80, 30, '24', 0, 0, 'disable', '2020-05-04'),
(252, 40, 2, 31, 4, 8, 'A', 'Pass', 60, 30, '18', 0, 0, 'disable', '2020-05-04'),
(253, 32, 2, 31, 4, 8, 'A', 'Pass', 63.33, 30, '19', 0, 0, 'disable', '2020-05-04'),
(254, 55, 2, 31, 4, 8, 'A', 'Pass', 60, 30, '18', 0, 0, 'disable', '2020-05-04'),
(255, 36, 2, 31, 4, 8, 'A', 'Pass', 53.33, 30, '16', 0, 3, 'disable', '2020-05-04'),
(256, 20, 2, 31, 4, 8, 'A', 'Pass', 80, 30, '24', 0, 0, 'disable', '2020-05-04'),
(257, 37, 2, 31, 4, 8, 'A', 'Pass', 46.67, 30, '14', 0, 3, 'disable', '2020-05-04'),
(258, 38, 2, 31, 4, 8, 'A', 'Pass', 93.33, 30, '28', 0, 0, 'disable', '2020-05-04'),
(259, 23, 2, 31, 4, 8, 'A', 'Pass', 60, 30, '18', 0, 1, 'disable', '2020-05-04'),
(260, 19, 2, 31, 4, 8, 'A', 'Fail', 36.67, 30, '11', 0, 1, 'disable', '2020-05-04'),
(261, 6, 2, 31, 4, 8, 'A', 'Pass', 53.33, 30, '16', 0, 4, 'disable', '2020-05-04'),
(262, 50, 2, 31, 4, 8, 'A', 'Pass', 63.33, 30, '19', 0, 0, 'disable', '2020-05-04'),
(263, 41, 2, 31, 4, 8, 'A', 'Pass', 76.67, 30, '23', 0, 0, 'disable', '2020-05-04'),
(264, 49, 2, 31, 4, 8, 'A', 'Pass', 46.67, 30, '14', 0, 0, 'disable', '2020-05-04'),
(265, 10, 2, 31, 4, 8, 'A', 'Pass', 96.67, 30, '29', 0, 0, 'disable', '2020-05-04'),
(266, 9, 2, 31, 4, 8, 'A', 'Pass', 63.33, 30, '19', 0, 1, 'disable', '2020-05-04'),
(267, 2, 2, 31, 4, 8, 'A', 'Pass', 73.33, 30, '22', 0, 0, 'disable', '2020-05-04'),
(268, 52, 2, 31, 4, 8, 'A', 'Pass', 70, 30, '21', 0, 0, 'disable', '2020-05-04'),
(269, 48, 2, 31, 4, 8, 'A', 'Pass', 73.33, 30, '22', 0, 1, 'disable', '2020-05-04'),
(270, 16, 2, 31, 4, 8, 'A', 'Pass', 80, 30, '24', 0, 0, 'disable', '2020-05-04'),
(271, 8, 2, 31, 4, 8, 'A', 'Pass', 73.33, 30, '22', 0, 0, 'disable', '2020-05-04'),
(272, 24, 2, 31, 4, 8, 'A', 'Pass', 60, 30, '18', 0, 2, 'disable', '2020-05-04'),
(273, 18, 2, 31, 4, 8, 'A', 'Pass', 63.33, 30, '19', 0, 1, 'disable', '2020-05-04'),
(274, 1, 2, 31, 4, 8, 'A', 'Pass', 80, 30, '24', 0, 0, 'disable', '2020-05-04'),
(275, 39, 2, 31, 4, 8, 'A', 'Pass', 66.67, 30, '20', 0, 0, 'disable', '2020-05-04'),
(276, 17, 2, 31, 4, 8, 'A', 'Pass', 56.67, 30, '17', 0, 3, 'disable', '2020-05-04'),
(277, 28, 2, 31, 4, 8, 'A', 'Pass', 70, 30, '21', 0, 0, 'disable', '2020-05-04'),
(278, 15, 2, 31, 4, 8, 'A', 'Pass', 80, 30, '24', 0, 0, 'disable', '2020-05-04'),
(279, 4, 2, 31, 4, 8, 'A', 'Fail', 0, 30, 'AB', NULL, NULL, 'temp', '2020-05-04'),
(280, 7, 2, 31, 4, 8, 'A', 'Fail', 0, 30, 'AB', NULL, NULL, 'temp', '2020-05-04'),
(281, 11, 2, 31, 4, 8, 'A', 'Fail', 0, 30, 'AB', NULL, NULL, 'temp', '2020-05-04'),
(282, 14, 2, 31, 4, 8, 'A', 'Fail', 0, 30, 'AB', NULL, NULL, 'temp', '2020-05-04'),
(283, 26, 2, 31, 4, 8, 'A', 'Fail', 0, 30, 'AB', NULL, NULL, 'temp', '2020-05-04'),
(284, 33, 2, 31, 4, 8, 'A', 'Fail', 0, 30, 'AB', NULL, NULL, 'temp', '2020-05-04'),
(285, 43, 2, 31, 4, 8, 'A', 'Fail', 0, 30, 'AB', NULL, NULL, 'temp', '2020-05-04'),
(286, 44, 2, 31, 4, 8, 'A', 'Fail', 0, 30, 'AB', NULL, NULL, 'temp', '2020-05-04'),
(287, 45, 2, 31, 4, 8, 'A', 'Fail', 0, 30, 'AB', NULL, NULL, 'temp', '2020-05-04'),
(288, 42, 2, 32, 4, 8, 'A', 'Pass', 53.33, 30, '16', 0, 1, 'disable', '2020-05-06'),
(289, 30, 2, 32, 4, 8, 'A', 'Pass', 43.33, 30, '13', 0, 0, 'disable', '2020-05-06'),
(290, 29, 2, 32, 4, 8, 'A', 'Pass', 93.33, 30, '28', 0, 0, 'disable', '2020-05-06'),
(291, 10, 2, 32, 4, 8, 'A', 'Pass', 93.33, 30, '28', 0, 1, 'disable', '2020-05-06'),
(292, 52, 2, 32, 4, 8, 'A', 'Pass', 66.67, 30, '20', 0, 0, 'disable', '2020-05-06'),
(293, 44, 2, 32, 4, 8, 'A', 'Fail', 36.67, 30, '11', 0, 0, 'disable', '2020-05-06'),
(294, 35, 2, 32, 4, 8, 'A', 'Pass', 100, 30, '30', 0, 0, 'disable', '2020-05-06'),
(295, 20, 2, 32, 4, 8, 'A', 'Pass', 100, 30, '30', 0, 0, 'disable', '2020-05-06'),
(296, 22, 2, 32, 4, 8, 'A', 'Pass', 96.67, 30, '29', 0, 1, 'disable', '2020-05-06'),
(297, 50, 2, 32, 4, 8, 'A', 'Pass', 96.67, 30, '29', 0, 0, 'disable', '2020-05-06'),
(298, 25, 2, 32, 4, 8, 'A', 'Pass', 56.67, 30, '17', 0, 0, 'disable', '2020-05-06'),
(299, 54, 2, 32, 4, 8, 'A', 'Pass', 66.67, 30, '20', 0, 1, 'disable', '2020-05-06'),
(300, 32, 2, 32, 4, 8, 'A', 'Pass', 86.67, 30, '26', 0, 0, 'disable', '2020-05-06'),
(301, 21, 2, 32, 4, 8, 'A', 'Fail', 26.67, 30, '8', 0, 0, 'disable', '2020-05-06'),
(302, 53, 2, 32, 4, 8, 'A', 'Pass', 63.33, 30, '19', 0, 0, 'disable', '2020-05-06'),
(303, 9, 2, 32, 4, 8, 'A', 'Pass', 96.67, 30, '29', 0, 0, 'disable', '2020-05-06'),
(304, 1, 2, 32, 4, 8, 'A', 'Pass', 83.33, 30, '25', 0, 0, 'disable', '2020-05-06'),
(305, 8, 2, 32, 4, 8, 'A', 'Pass', 60, 30, '18', 0, 0, 'disable', '2020-05-06'),
(306, 31, 2, 32, 4, 8, 'A', 'Pass', 50, 30, '15', 0, 0, 'disable', '2020-05-06'),
(307, 18, 2, 32, 4, 8, 'A', 'Pass', 63.33, 30, '19', 0, 0, 'disable', '2020-05-06'),
(308, 2, 2, 32, 4, 8, 'A', 'Pass', 76.67, 30, '23', 0, 0, 'disable', '2020-05-06'),
(309, 27, 2, 32, 4, 8, 'A', 'Pass', 96.67, 30, '29', 0, 0, 'disable', '2020-05-06'),
(310, 6, 2, 32, 4, 8, 'A', 'Pass', 70, 30, '21', 0, 0, 'disable', '2020-05-06'),
(311, 48, 2, 32, 4, 8, 'A', 'Pass', 76.67, 30, '23', 0, 0, 'disable', '2020-05-06'),
(312, 19, 2, 32, 4, 8, 'A', 'Fail', 23.33, 30, '7', 0, 0, 'disable', '2020-05-06'),
(313, 37, 2, 32, 4, 8, 'A', 'Pass', 63.33, 30, '19', 0, 0, 'disable', '2020-05-06'),
(314, 16, 2, 32, 4, 8, 'A', 'Pass', 63.33, 30, '19', 0, 0, 'disable', '2020-05-06'),
(315, 34, 2, 32, 4, 8, 'A', 'Pass', 73.33, 30, '22', 0, 0, 'disable', '2020-05-06'),
(316, 36, 2, 32, 4, 8, 'A', 'Pass', 70, 30, '21', 0, 0, 'disable', '2020-05-06'),
(317, 12, 2, 32, 4, 8, 'A', 'Pass', 60, 30, '18', 0, 0, 'disable', '2020-05-06'),
(318, 5, 2, 32, 4, 8, 'A', 'Pass', 70, 30, '21', 0, 0, 'disable', '2020-05-06'),
(319, 24, 2, 32, 4, 8, 'A', 'Pass', 76.67, 30, '23', 0, 0, 'disable', '2020-05-06'),
(320, 3, 2, 32, 4, 8, 'A', 'Pass', 96.67, 30, '29', 0, 0, 'disable', '2020-05-06'),
(321, 41, 2, 32, 4, 8, 'A', 'Pass', 96.67, 30, '29', 0, 0, 'disable', '2020-05-06'),
(322, 38, 2, 32, 4, 8, 'A', 'Pass', 100, 30, '30', 0, 0, 'disable', '2020-05-06'),
(323, 46, 2, 32, 4, 8, 'A', 'Pass', 83.33, 30, '25', 0, 0, 'disable', '2020-05-06'),
(324, 47, 2, 32, 4, 8, 'A', 'Pass', 96.67, 30, '29', 0, 0, 'disable', '2020-05-06'),
(325, 17, 2, 32, 4, 8, 'A', 'Pass', 63.33, 30, '19', 0, 1, 'disable', '2020-05-06'),
(326, 13, 2, 32, 4, 8, 'A', 'Pass', 40, 30, '12', 0, 0, 'disable', '2020-05-06'),
(327, 15, 2, 32, 4, 8, 'A', 'Pass', 73.33, 30, '22', 0, 0, 'disable', '2020-05-06'),
(328, 28, 2, 32, 4, 8, 'A', 'Pass', 90, 30, '27', 0, 0, 'disable', '2020-05-06'),
(329, 23, 2, 32, 4, 8, 'A', 'Pass', 63.33, 30, '19', 0, 0, 'disable', '2020-05-06'),
(330, 51, 2, 32, 4, 8, 'A', 'Pass', 56.67, 30, '17', 0, 1, 'disable', '2020-05-06'),
(332, 55, 2, 32, 4, 8, 'A', 'Pass', 80, 30, '24', 0, 0, 'disable', '2020-05-06'),
(333, 4, 2, 32, 4, 8, 'A', 'Fail', 0, 30, 'AB', NULL, NULL, 'temp', '2020-05-06'),
(334, 7, 2, 32, 4, 8, 'A', 'Fail', 0, 30, 'AB', NULL, NULL, 'temp', '2020-05-06'),
(335, 11, 2, 32, 4, 8, 'A', 'Fail', 0, 30, 'AB', NULL, NULL, 'temp', '2020-05-06'),
(336, 14, 2, 32, 4, 8, 'A', 'Fail', 0, 30, 'AB', NULL, NULL, 'temp', '2020-05-06'),
(337, 26, 2, 32, 4, 8, 'A', 'Fail', 0, 30, 'AB', NULL, NULL, 'temp', '2020-05-06'),
(338, 33, 2, 32, 4, 8, 'A', 'Fail', 0, 30, 'AB', NULL, NULL, 'temp', '2020-05-06'),
(339, 39, 2, 32, 4, 8, 'A', 'Fail', 0, 30, 'AB', NULL, NULL, 'temp', '2020-05-06'),
(340, 40, 2, 32, 4, 8, 'A', 'Fail', 0, 30, 'AB', NULL, NULL, 'temp', '2020-05-06'),
(341, 43, 2, 32, 4, 8, 'A', 'Fail', 0, 30, 'AB', NULL, NULL, 'temp', '2020-05-06'),
(342, 45, 2, 32, 4, 8, 'A', 'Fail', 0, 30, 'AB', NULL, NULL, 'temp', '2020-05-06'),
(343, 49, 2, 32, 4, 8, 'A', 'Fail', 0, 30, 'AB', NULL, NULL, 'temp', '2020-05-06'),
(352, 57, 1, 21, 3, 5, 'A', 'Pass', 46.67, 15, '7', 0, 8, 'disable', '2020-07-30');

-- --------------------------------------------------------

--
-- Table structure for table `role`
--

DROP TABLE IF EXISTS `role`;
CREATE TABLE IF NOT EXISTS `role` (
  `rid` int(11) NOT NULL AUTO_INCREMENT,
  `fid` int(11) NOT NULL,
  `type` int(3) DEFAULT '2',
  `did` int(11) DEFAULT NULL,
  `permission` text NOT NULL,
  PRIMARY KEY (`rid`),
  KEY `fid` (`fid`),
  KEY `dept` (`did`),
  KEY `type` (`type`)
) ENGINE=InnoDB AUTO_INCREMENT=9 DEFAULT CHARSET=latin1;

--
-- Dumping data for table `role`
--

INSERT INTO `role` (`rid`, `fid`, `type`, `did`, `permission`) VALUES
(1, 1, 3, NULL, 'all_stud,view_stud,absent_stud,all_exam,view_exam,all_dept,view_dept,all_result,view_result,search_result'),
(2, 2, 3, NULL, 'all_stud,view_stud,absent_stud,all_exam,view_exam,all_dept,view_dept,all_result,view_result,search_result'),
(3, 3, 2, NULL, 'all_stud,view_stud,absent_stud,all_exam,view_exam'),
(4, 4, 2, NULL, 'all_stud,view_stud,absent_stud,all_exam,view_exam'),
(5, 5, 2, NULL, 'all_stud,view_stud,absent_stud,all_exam,view_exam'),
(6, 6, 1, 4, 'all_stud,view_stud,absent_stud,all_exam,view_exam'),
(7, 7, 2, NULL, 'all_stud,view_stud,absent_stud,all_exam,view_exam'),
(8, 8, 1, 4, 'all_stud,view_stud,absent_stud,all_exam,view_exam');

-- --------------------------------------------------------

--
-- Table structure for table `role_data`
--

DROP TABLE IF EXISTS `role_data`;
CREATE TABLE IF NOT EXISTS `role_data` (
  `type` int(3) NOT NULL,
  `name` varchar(20) NOT NULL,
  PRIMARY KEY (`type`)
) ENGINE=InnoDB DEFAULT CHARSET=latin1;

--
-- Dumping data for table `role_data`
--

INSERT INTO `role_data` (`type`, `name`) VALUES
(0, 'Admin'),
(1, 'Coordinator'),
(2, 'Faculty'),
(3, 'Principal');

-- --------------------------------------------------------

--
-- Table structure for table `sem`
--

DROP TABLE IF EXISTS `sem`;
CREATE TABLE IF NOT EXISTS `sem` (
  `sem_id` int(5) NOT NULL,
  `sem_name` int(2) NOT NULL,
  `did` int(5) NOT NULL,
  `cid` int(10) NOT NULL,
  PRIMARY KEY (`sem_id`),
  KEY `dept_id` (`did`),
  KEY `cid` (`cid`)
) ENGINE=InnoDB DEFAULT CHARSET=utf8 COLLATE=utf8_unicode_ci;

--
-- Dumping data for table `sem`
--

INSERT INTO `sem` (`sem_id`, `sem_name`, `did`, `cid`) VALUES
(1, 1, 1, 1),
(2, 2, 1, 1),
(3, 3, 2, 1),
(4, 4, 2, 1),
(5, 5, 3, 1),
(6, 6, 3, 1),
(7, 1, 4, 2),
(8, 2, 4, 2),
(9, 3, 5, 2),
(10, 4, 5, 2),
(11, 5, 6, 2),
(12, 6, 6, 2),
(13, 7, 7, 2),
(14, 8, 7, 2),
(15, 9, 8, 2),
(16, 10, 8, 2);

-- --------------------------------------------------------

--
-- Table structure for table `stud_per`
--

DROP TABLE IF EXISTS `stud_per`;
CREATE TABLE IF NOT EXISTS `stud_per` (
  `id` int(11) NOT NULL AUTO_INCREMENT,
  `did` int(11) NOT NULL,
  `dis_result` int(11) DEFAULT NULL,
  `dis_chart` int(11) DEFAULT NULL,
  `dis_paper` int(11) DEFAULT NULL,
  PRIMARY KEY (`id`),
  KEY `foreign_did_stud_per` (`did`)
) ENGINE=InnoDB AUTO_INCREMENT=13 DEFAULT CHARSET=utf8mb4;

--
-- Dumping data for table `stud_per`
--

INSERT INTO `stud_per` (`id`, `did`, `dis_result`, `dis_chart`, `dis_paper`) VALUES
(1, 1, 1, 1, 1),
(2, 2, 1, 1, 1),
(3, 3, 1, 1, 1),
(12, 4, 1, 1, 1);

-- --------------------------------------------------------

--
-- Table structure for table `subject`
--

DROP TABLE IF EXISTS `subject`;
CREATE TABLE IF NOT EXISTS `subject` (
  `sid` int(11) NOT NULL AUTO_INCREMENT,
  `subject` varchar(50) NOT NULL,
  `subject_short` varchar(50) NOT NULL,
  `sub_no` int(2) NOT NULL,
  `cid` int(10) NOT NULL,
  `did` int(5) NOT NULL,
  `sem` int(5) NOT NULL,
  PRIMARY KEY (`sid`),
  KEY `did` (`did`),
  KEY `fk_sem` (`sem`),
  KEY `cid` (`cid`)
) ENGINE=InnoDB AUTO_INCREMENT=33 DEFAULT CHARSET=latin1;

--
-- Dumping data for table `subject`
--

INSERT INTO `subject` (`sid`, `subject`, `subject_short`, `sub_no`, `cid`, `did`, `sem`) VALUES
(1, 'Communication Skills', 'CS', 1, 1, 1, 1),
(2, 'Mathematics', 'Maths', 2, 1, 1, 1),
(3, 'Introduction To Computers', 'IC', 3, 1, 1, 1),
(4, 'CPPM', 'CPPM', 4, 1, 1, 1),
(5, 'Office Automation Tools', 'OAT', 5, 1, 1, 1),
(6, 'Organization Structure Behaviour', 'OB', 1, 1, 1, 2),
(7, 'ICT', 'ICT', 2, 1, 1, 2),
(8, 'Operating System-I', 'OS-I', 3, 1, 1, 2),
(9, 'Programming Language-I', 'PL-I', 4, 1, 1, 2),
(10, 'DBMS', 'DBMS', 5, 1, 1, 2),
(11, 'Statistical Methods ', 'SM', 1, 1, 2, 3),
(12, 'Software Engineering-I', 'SE-I', 2, 1, 2, 3),
(13, 'RDBMS', 'RDBMS', 3, 1, 2, 3),
(14, 'DATA STRUCTURES', 'DS', 4, 1, 2, 3),
(15, 'Object Oriented Programming ', 'OOPs', 5, 1, 2, 3),
(16, 'Information System', 'IS', 1, 1, 2, 4),
(17, 'Software Engineering II', 'SE-II', 2, 1, 2, 4),
(18, 'Java Programming', 'JAVA', 3, 1, 2, 4),
(19, '.Net Programming', '.Net', 4, 1, 2, 4),
(20, 'Web Designing', 'WD', 5, 1, 2, 4),
(21, 'PHP MYSQL', 'PHP', 1, 1, 3, 5),
(22, 'Unix & Shell Programming', 'Unix', 2, 1, 3, 5),
(23, 'Network Technologies', 'NT', 3, 1, 3, 5),
(24, 'Operating System-II', 'OS-II', 4, 1, 3, 5),
(25, 'ASP .NET', 'ASP', 5, 1, 3, 5),
(26, 'Computer Graphics', 'CG', 1, 1, 3, 6),
(27, 'E-Commerce & Cyber Security', 'E-Com', 2, 1, 3, 6),
(28, 'FINANCIAL ACCOUNTING', 'CFA', 1, 2, 4, 8),
(29, 'DISCRETE MATHEMATICS', 'DM', 2, 2, 4, 8),
(30, 'DATABASE MANAGEMENT SYSTEMS', 'DBMS', 3, 2, 4, 8),
(31, 'DATA STRUCTURES', 'DS', 4, 2, 4, 8),
(32, 'OBJECT ORIENTED PROGRAMMING', 'OOPs', 5, 2, 4, 8);

-- --------------------------------------------------------

--
-- Table structure for table `teens`
--

DROP TABLE IF EXISTS `teens`;
CREATE TABLE IF NOT EXISTS `teens` (
  `keyu` int(10) NOT NULL AUTO_INCREMENT,
  `fname` varchar(100) NOT NULL,
  `sname` varchar(100) NOT NULL,
  `lname` varchar(100) NOT NULL,
  `Gender` varchar(100) NOT NULL,
  `did` int(10) NOT NULL,
  `cid` int(11) NOT NULL,
  `divi` varchar(100) NOT NULL,
  `sem_id` int(2) NOT NULL,
  `enroll` varchar(100) NOT NULL,
  `thumbnail` varchar(100) DEFAULT '../assets/images/none.jpg',
  `password` varchar(50) NOT NULL,
  `id` varchar(100) NOT NULL,
  `date` timestamp NOT NULL DEFAULT CURRENT_TIMESTAMP,
  `status` varchar(10) NOT NULL DEFAULT 'Active',
  PRIMARY KEY (`keyu`),
  KEY `department` (`did`,`sem_id`),
  KEY `fk_teen_sem_id` (`sem_id`),
  KEY `cid` (`cid`)
) ENGINE=InnoDB AUTO_INCREMENT=58 DEFAULT CHARSET=latin1;

--
-- Dumping data for table `teens`
--

INSERT INTO `teens` (`keyu`, `fname`, `sname`, `lname`, `Gender`, `did`, `cid`, `divi`, `sem_id`, `enroll`, `thumbnail`, `password`, `id`, `date`, `status`) VALUES
(1, 'Jinia', 'Ashok', 'Akbari', 'Female', 4, 2, 'A', 8, '19020406001', '../assets/images/none.jpg', '0da28cb2c537b97b5060a4a35af6344e', '19020406001', '2020-04-19 19:13:22', 'Active'),
(2, 'Krutik', 'Sureshbhai', 'Akbari', 'Male', 4, 2, 'A', 8, '19020406002', '../assets/images/none.jpg', 'ef1c70c3d8f9affa48c8ffdd444136a8', '19020406002', '2020-04-19 19:13:22', 'Active'),
(3, 'John', 'Samuel', 'Alwyn', 'Male', 4, 2, 'A', 8, '19020406003', '../assets/images/none.jpg', '2a92db61d437a0245de5c2789528fbbc', '19020406003', '2020-04-19 19:13:22', 'Active'),
(4, 'Mohammedaves', 'Mohammedsaifullah', 'Ansari', 'Male', 4, 2, 'A', 8, '19020406004', '../assets/images/none.jpg', 'cb7360f54cf765aef62d1ace38bbc3c4', '19020406004', '2020-04-19 19:13:22', 'Active'),
(5, 'Bhavya', 'Shankar', 'Bhutka', 'Male', 4, 2, 'A', 8, '19020406005', '../assets/images/none.jpg', 'cce4c3a6c7b453a675d76c581db6f01b', '19020406005', '2020-04-19 19:13:22', 'Active'),
(6, 'Sanjay', 'Prafull', 'Bisoyi', 'Male', 4, 2, 'A', 8, '19020406006', '../assets/images/none.jpg', '4ad1d770cc4db029f480d71e663ef9f5', '19020406006', '2020-04-19 19:13:22', 'Active'),
(7, 'Ravi', 'VinodBhai', 'Chikhaliya', 'Male', 4, 2, 'A', 8, '19020406007', '../assets/images/none.jpg', '1b2b20c95fbe20b61bb3330f3805d433', '19020406007', '2020-04-19 19:13:22', 'Active'),
(8, 'Janki', 'Nareshbhai', 'Chovatiya', 'Female', 4, 2, 'A', 8, '19020406008', '../assets/images/none.jpg', '1145fa187b943e7d0eafaf84c7b5c3ec', '19020406008', '2020-04-19 19:13:22', 'Active'),
(9, 'Juvil', 'Vipulbhai', 'Diyora', 'Male', 4, 2, 'A', 8, '19020406010', '../assets/images/none.jpg', 'b235908199476c8a593bc7ad88b1fecf', '19020406010', '2020-04-19 19:13:22', 'Active'),
(10, 'Harsh', 'Kishorbhai', 'Dungrani', 'Male', 4, 2, 'A', 8, '19020406011', '../assets/images/none.jpg', '23ac187eb68fa6b0439d4c24aeeaf902', '19020406011', '2020-04-19 19:13:22', 'Active'),
(11, 'Poojan', 'Sanjaybhai', 'Italiya', 'Male', 4, 2, 'A', 8, '19020406012', '../assets/images/none.jpg', '733100be78fe4a3708a9246926b11598', '19020406012', '2020-04-19 19:13:22', 'Active'),
(12, 'Karina', 'Jigneshbhai', 'Jogani', 'Female', 4, 2, 'A', 8, '19020406013', '../assets/images/none.jpg', '686aa708dfd9d960ef5aa230e1ca29f7', '19020406013', '2020-04-19 19:13:22', 'Active'),
(13, 'Shyam', 'Tulsiram', 'Joshi', 'Male', 4, 2, 'A', 8, '19020406014', '../assets/images/none.jpg', '289bb6b70d35325cc7215af854d9a8e4', '19020406014', '2020-04-19 19:13:22', 'Active'),
(14, 'Prit', 'Shaileshbhai', 'Kakadiya', 'Male', 4, 2, 'A', 8, '19020406015', '../assets/images/none.jpg', '7ef14eb9d7fc6e1b2b0f4225c6d22746', '19020406015', '2020-04-19 19:13:22', 'Active'),
(15, 'Abhishek Kumar', 'Surendra Kumar', 'Kaushal', 'Male', 4, 2, 'A', 8, '19020406016', '../assets/images/none.jpg', 'e327584c68c39f4b6c6307cf4411fddc', '19020406016', '2020-04-19 19:13:22', 'Active'),
(16, 'Vivek Kumar', 'Surendra Kumar', 'Kaushal', 'Male', 4, 2, 'A', 8, '19020406017', '../assets/images/none.jpg', '58db544ae5cd408dd43ae5af0e25350b', '19020406017', '2020-04-19 19:13:22', 'Active'),
(17, 'Jaykumar', 'Arvindbhai', 'Keekani', 'Male', 4, 2, 'A', 8, '19020406018', '../assets/images/none.jpg', 'e69830826f3b79d149de622c1e7c6b90', '19020406018', '2020-04-19 19:13:22', 'Active'),
(18, 'Rakesh Shree', 'Tarachand', 'Kumavat', 'Male', 4, 2, 'A', 8, '19020406020', '../assets/images/none.jpg', '5d4e1ae7e982bc7dadff4b47b413e93e', '19020406020', '2020-04-19 19:13:22', 'Active'),
(19, 'RameshKumar', 'Tarachand', 'Kumavat', 'Male', 4, 2, 'A', 8, '19020406021', '../assets/images/Stud/20190410050431_IMG_1630.jpg', 'fe11b7b4900e2940c4481762c94c4a63', '19020406021', '2020-04-19 19:13:22', 'Active'),
(20, 'Bhargav', 'BharatBhai', 'Lodaliya', 'Male', 4, 2, 'A', 8, '19020406022', '../assets/images/none.jpg', '62439fafc37706349b19fa21bc35d737', '19020406022', '2020-04-19 19:13:22', 'Active'),
(21, 'Mukesh', 'Eknathbhai', 'Mahajan', 'Male', 4, 2, 'A', 8, '19020406023', '../assets/images/none.jpg', '8bc3d2ff232045033e25daed7145d136', '19020406023', '2020-04-19 19:13:22', 'Active'),
(22, 'Sahil Ahmed', 'Mukhtiyar Ahmad', 'Malek', 'Male', 4, 2, 'A', 8, '19020406024', '../assets/images/none.jpg', '4105dea22438a5ac18073029c059d81f', '19020406024', '2020-04-19 19:13:22', 'Active'),
(23, 'Mohit', 'Bhawarlal', 'Mistry', 'Male', 4, 2, 'A', 8, '19020406025', '../assets/images/none.jpg', '188cdd34066e8883d6d702b3e5bb4827', '19020406025', '2020-04-19 19:13:22', 'Active'),
(24, 'Akshar', 'Bhikhubhai', 'Miyani', 'Male', 4, 2, 'A', 8, '19020406026', '../assets/images/none.jpg', '1d88722200615727032e635d59d5952e', '19020406026', '2020-04-19 19:13:22', 'Active'),
(25, 'Abhayakumar', 'Girjashankar', 'Nishad', 'Male', 4, 2, 'A', 8, '19020406027', '../assets/images/none.jpg', '2a7402aca4f6e64050794fbbee2234a4', '19020406027', '2020-04-19 19:13:22', 'Active'),
(26, 'Bhoomiben', 'Rohitkumar', 'Patel', 'Female', 4, 2, 'A', 8, '19020406028', '../assets/images/none.jpg', '6739e545abf461aa3c62d18aada7fb89', '19020406028', '2020-04-19 19:13:22', 'Active'),
(27, 'Musharraf', 'Mohammed', 'Patel', 'Male', 4, 2, 'A', 8, '19020406029', '../assets/images/none.jpg', '0f1198f9601d28ce4946a560d16e3993', '19020406029', '2020-04-19 19:13:22', 'Active'),
(28, 'Kunalsingh', 'Devisingh', 'Rajpurohit', 'Male', 4, 2, 'A', 8, '19020406030', '../assets/images/none.jpg', '12afc7ee2d8f7d767fda91c805e9d932', '19020406030', '2020-04-19 19:13:22', 'Active'),
(29, 'Sany', 'Ganeshbhai', 'Rathod', 'Male', 4, 2, 'A', 8, '19020406031', '../assets/images/none.jpg', 'd7bda4e365b4b46f2061cdc6bc71ebc9', '19020406031', '2020-04-19 19:13:22', 'Active'),
(30, 'Harsh', 'Viteshbhai', 'Sabalpara', 'Male', 4, 2, 'A', 8, '19020406032', '../assets/images/none.jpg', '5da372e94bf639a92503d0d2f38034f1', '19020406032', '2020-04-19 19:13:22', 'Active'),
(31, 'Shivkumar', 'KimtiPrasad', 'Savita', 'Male', 4, 2, 'A', 8, '19020406034', '../assets/images/none.jpg', '7490191bad824b0cf80a0d43631f9b51', '19020406034', '2020-04-19 19:13:22', 'Active'),
(32, 'Mehzbeen', 'Irshad', 'Shaikh', 'Female', 4, 2, 'A', 8, '19020406035', '../assets/images/none.jpg', '34fa2a2a61759c3cd8817b6daf311841', '19020406035', '2020-04-19 19:13:22', 'Active'),
(33, 'Anuj', 'Madan', 'Sharma', 'Male', 4, 2, 'A', 8, '19020406036', '../assets/images/none.jpg', 'd06bf2098eb04f466d2bb6aed7e4cb83', '19020406036', '2020-04-19 19:13:22', 'Active'),
(34, 'Kurapati', 'Deveshwar', 'Shruti', 'Female', 4, 2, 'A', 8, '19020406037', '../assets/images/none.jpg', '49969f194e2b1814f2463c632648b031', '19020406037', '2020-04-19 19:13:22', 'Active'),
(35, 'Talha', 'Juned', 'Sopariwala', 'Male', 4, 2, 'A', 8, '19020406038', '../assets/images/none.jpg', 'b9dc41ef99f4ad71983db3d832f43af5', '19020406038', '2020-04-19 19:13:22', 'Active'),
(36, 'Ravi', 'Anantray', 'Suchak', 'Male', 4, 2, 'A', 8, '19020406039', '../assets/images/none.jpg', 'fcd7d69733071ea5a9728a6b1e24e793', '19020406039', '2020-04-19 19:13:22', 'Active'),
(37, 'Nayak', 'Anupama', 'SuryaKanta', 'Male', 4, 2, 'A', 8, '19020406041', '../assets/images/none.jpg', 'c735d0ed5746d2430159ec7fc1b26bea', '19020406041', '2020-04-19 19:13:22', 'Active'),
(38, 'Hiralben', 'Rameshbhai', 'Tarpara', 'Female', 4, 2, 'A', 8, '19020406042', '../assets/images/none.jpg', '16eea33da0ceae5be4921d9702191729', '19020406042', '2020-04-19 19:13:22', 'Active'),
(39, 'Tejas', 'Maheshbhai', 'Vaddoriya', 'Male', 4, 2, 'A', 8, '19020406043', '../assets/images/none.jpg', 'b9500711aa61910a07c598937b3f5ead', '19020406043', '2020-04-19 19:13:22', 'Active'),
(40, 'Mansi', 'Mukeshbhai', 'Vaghasiya', 'Female', 4, 2, 'A', 8, '19020406044', '../assets/images/none.jpg', '1ab3c714ad888efb74f2abb144942894', '19020406044', '2020-04-19 19:13:22', 'Active'),
(41, 'Prince', 'Chandubhai', 'Vaghasiya', 'Male', 4, 2, 'A', 8, '19020406045', '../assets/images/none.jpg', '1297b9e096f0b424c378249bf949be87', '19020406045', '2020-04-19 19:13:22', 'Active'),
(42, 'Dhruven', 'Kishorbhai', 'Variya', 'Male', 4, 2, 'A', 8, '19020406046', '../assets/images/none.jpg', 'a1f9ac3840ba18e0c963ab757d460b0d', '19020406046', '2020-04-19 19:13:22', 'Active'),
(43, 'Fenil', 'Rasikbhai', 'Vasoya', 'Male', 4, 2, 'A', 8, '19020406047', '../assets/images/none.jpg', '6b833366e05c02c4b8ba094374f47a58', '19020406047', '2020-04-19 19:13:22', 'Active'),
(44, 'Arun', 'Shyamdhar', 'Yadav', 'Male', 4, 2, 'A', 8, '19020406048', '../assets/images/none.jpg', '4cce9700cc45bcba1d8e0df050d00d14', '19020406048', '2020-04-19 19:13:22', 'Active'),
(45, 'Janvi', 'Dhirubhai', 'Zadafiya', 'Female', 4, 2, 'A', 8, '19020406049', '../assets/images/none.jpg', 'ba0cfec9b2249af66d93d1ebf5fec58a', '19020406049', '2020-04-19 19:13:22', 'Active'),
(46, 'Dhruvil', 'Rajendrabhai', 'Agotariya', 'Male', 4, 2, 'A', 8, '19020406050', '../assets/images/none.jpg', '55cc060c64072f7035a1eae32e9b7995', '19020406050', '2020-04-19 19:13:22', 'Active'),
(47, 'Tushar', 'Babubhai', 'Bodarya', 'Male', 4, 2, 'A', 8, '19020406051', '../assets/images/none.jpg', '45bda5dd765ddebbd40c522284bae0a7', '19020406051', '2020-04-19 19:13:22', 'Active'),
(48, 'Smitkumar', 'Prafulbhai', 'Boghara', 'Male', 4, 2, 'A', 8, '19020406052', '../assets/images/none.jpg', '5abac251fb2f4760e22eb6c1a11cf5ac', '19020406052', '2020-04-19 19:13:22', 'Active'),
(49, 'Ahad', 'Munawar', 'Gazi', 'Male', 4, 2, 'A', 8, '19020406053', '../assets/images/none.jpg', '7e9956711896a6c10f336fe275de403a', '19020406053', '2020-04-19 19:13:22', 'Active'),
(50, 'Kevin', 'Devrajbhai', 'Jivani', 'Male', 4, 2, 'A', 8, '19020406054', '../assets/images/none.jpg', '8555853552b02d384f5688078f5a0b66', '19020406054', '2020-04-19 19:13:22', 'Active'),
(51, 'Jay', 'Rajubhai', 'Kumbhani', 'Male', 4, 2, 'A', 8, '19020406055', '../assets/images/none.jpg', 'fe50fd19661d7c0d1dd8a337e9ddf5ef', '19020406055', '2020-04-19 19:13:22', 'Active'),
(52, 'Roshan', 'Dineshbhai', 'Savani', 'Male', 4, 2, 'A', 8, '19020406056', '../assets/images/Stud/32214BED-1E16-49AB-8484-B891C4E90668.jpeg', '66142a8ed117a6bca520d30e2a8ef412', '19020406056', '2020-04-19 19:13:22', 'Active'),
(53, 'Kevin', 'Hareshbhai', 'Sutariya', 'Male', 4, 2, 'A', 8, '19020406057', '../assets/images/none.jpg', '5b8e34a400d26ef89d51c9252d66b00a', '19020406057', '2020-04-19 19:13:22', 'Active'),
(54, 'Akshay', 'Jagdishbhai', 'Vadchhak', 'Male', 4, 2, 'A', 8, '19020406058', '../assets/images/none.jpg', '2099c6c3a8620803689f4d742ca5a128', '19020406058', '2020-04-19 19:13:22', 'Active'),
(55, 'Jay', 'Dineshbhai', 'Goti', 'Male', 4, 2, 'A', 8, '19020406059', '../assets/images/none.jpg', 'c1dfd9b511de6f3918d9830a5c422eb8', '19020406059', '2020-04-19 19:13:22', 'Active'),
(57, 'Jaynesh', 'H', 'Desai', 'Male', 3, 1, 'A', 5, '123456', '../assets/images/none.jpg', 'e10adc3949ba59abbe56e057f20f883e', '123456', '2020-07-20 08:34:21', 'Active');

-- --------------------------------------------------------

--
-- Table structure for table `tmp_upload`
--

DROP TABLE IF EXISTS `tmp_upload`;
CREATE TABLE IF NOT EXISTS `tmp_upload` (
  `tid` int(11) NOT NULL AUTO_INCREMENT,
  `file_name` varchar(100) NOT NULL,
  `username` varchar(100) NOT NULL,
  `sub` int(11) NOT NULL,
  `did` int(11) NOT NULL,
  `sem` int(11) NOT NULL,
  `date_time` timestamp NOT NULL DEFAULT CURRENT_TIMESTAMP,
  `status` varchar(100) NOT NULL DEFAULT 'ic',
  PRIMARY KEY (`tid`),
  KEY `dept` (`did`),
  KEY `sem` (`sem`),
  KEY `sub` (`sub`)
) ENGINE=InnoDB AUTO_INCREMENT=28 DEFAULT CHARSET=latin1;

--
-- Dumping data for table `tmp_upload`
--

INSERT INTO `tmp_upload` (`tid`, `file_name`, `username`, `sub`, `did`, `sem`, `date_time`, `status`) VALUES
(1, '../assets/uploads/paper/Faculties/TYBCA-PHP.xlsx', 'desai.jaynesh@bmefcolleges.edu.in', 21, 3, 5, '2020-03-09 05:37:42', 'com'),
(16, '../assets/uploads/Paper/MCQ_OOP.xlsx', 'jay', 32, 4, 8, '2020-04-24 05:41:04', 'com'),
(17, '../assets/uploads/Paper/MCQ_OOP.xlsx', 'jay', 32, 4, 8, '2020-04-24 06:23:17', 'com'),
(18, '../assets/uploads/Paper/MCQ_OOP.xlsx', 'jay', 32, 4, 8, '2020-04-24 06:23:27', 'com'),
(19, '../assets/uploads/Paper/MCQ_OOP.xlsx', 'jay', 32, 4, 8, '2020-04-24 06:25:18', 'com'),
(20, '../assets/uploads/Paper/OOP.xlsx', 'jay', 32, 4, 8, '2020-04-24 11:22:06', 'com'),
(21, '../assets/uploads/Paper/203_DBMS_2nd_int.xlsx', 'jay', 30, 4, 8, '2020-04-24 11:48:13', 'com'),
(22, '../assets/uploads/Paper/203_DBMS_2nd_int.xlsx', 'jay', 30, 4, 8, '2020-04-24 11:50:48', 'com'),
(23, '../assets/uploads/Paper/201_CFA_2nd_int.xlsx', 'jay', 28, 4, 8, '2020-04-24 18:56:23', 'com'),
(24, '../assets/uploads/Paper/202_DM_2nd_int.xlsx', 'jay', 29, 4, 8, '2020-04-25 13:35:17', 'com'),
(25, '../assets/uploads/Paper/204_DS_2nd_int.xlsx', 'jay', 31, 4, 8, '2020-04-25 13:35:45', 'com'),
(26, '../assets/uploads/Paper/204_DS_2nd_int.xlsx', 'jay', 31, 4, 8, '2020-04-25 13:37:29', 'com'),
(27, '../assets/uploads/Paper/TYBCA-PHP.xlsx', 'admin', 21, 3, 5, '2020-07-20 08:39:37', 'com');

-- --------------------------------------------------------

--
-- Table structure for table `user_log`
--

DROP TABLE IF EXISTS `user_log`;
CREATE TABLE IF NOT EXISTS `user_log` (
  `user_log_id` int(11) NOT NULL AUTO_INCREMENT,
  `username` varchar(25) NOT NULL,
  `login_date` varchar(30) NOT NULL,
  `logout_date` varchar(128) DEFAULT NULL,
  `student_id` int(10) NOT NULL,
  `ip_add` varchar(16) DEFAULT NULL,
  PRIMARY KEY (`user_log_id`),
  KEY `student_id` (`student_id`)
) ENGINE=InnoDB AUTO_INCREMENT=534 DEFAULT CHARSET=latin1;

--
-- Dumping data for table `user_log`
--

INSERT INTO `user_log` (`user_log_id`, `username`, `login_date`, `logout_date`, `student_id`, `ip_add`) VALUES
(12, 'Akshay Vadchhak', '2020-04-27 10:51:40.000000', '2020-04-27 12:05:51.000000', 54, NULL),
(13, 'Bhavya Bhutka', '2020-04-27 10:52:31.000000', NULL, 5, NULL),
(14, 'Musharraf Patel', '2020-04-27 10:52:35.000000', NULL, 27, NULL),
(16, 'Ravi Suchak', '2020-04-27 10:53:08.000000', NULL, 36, NULL),
(17, 'Jay Goti', '2020-04-27 10:53:23.000000', NULL, 55, NULL),
(20, 'Sahil Ahmed Malek', '2020-04-27 10:54:14.000000', NULL, 22, NULL),
(22, 'Tushar Bodarya', '2020-04-27 10:54:40.000000', NULL, 47, NULL),
(23, 'Abhayakumar Nishad', '2020-04-27 10:54:44.000000', NULL, 25, NULL),
(24, 'Karina Jogani', '2020-04-27 10:54:50.000000', NULL, 12, NULL),
(25, 'Kevin Jivani', '2020-04-27 10:54:57.000000', '2020-04-27 11:57:23.000000', 50, NULL),
(27, 'Bhargav Lodaliya', '2020-04-27 10:55:12.000000', NULL, 20, NULL),
(28, 'Mansi Vaghasiya', '2020-04-27 10:55:17.000000', NULL, 40, NULL),
(29, 'Juvil Diyora', '2020-04-27 10:55:55.000000', NULL, 9, NULL),
(30, 'Shyam Joshi', '2020-04-27 10:56:14.000000', NULL, 13, NULL),
(32, 'Mukesh Mahajan', '2020-04-27 10:56:18.000000', NULL, 21, NULL),
(35, 'Kevin Sutariya', '2020-04-27 10:56:39.000000', NULL, 53, NULL),
(36, 'Krutik Akbari', '2020-04-27 10:56:44.000000', '2020-04-27 11:19:28.000000', 2, NULL),
(37, 'Tejas Vaddoriya', '2020-04-27 10:56:53.000000', NULL, 39, NULL),
(38, 'Rakesh Shree Kumavat', '2020-04-27 10:56:56.000000', NULL, 18, NULL),
(41, 'Talha Sopariwala', '2020-04-27 10:57:41.000000', NULL, 35, NULL),
(43, 'Hiralben Tarpara', '2020-04-27 10:58:17.000000', NULL, 38, NULL),
(44, 'Prince Vaghasiya', '2020-04-27 10:58:45.000000', '2020-04-27 11:50:37.000000', 41, NULL),
(45, 'Jinia Akbari', '2020-04-27 10:58:54.000000', '2020-04-27 11:12:20.000000', 1, NULL),
(47, 'Jaykumar Keekani', '2020-04-27 10:59:39.000000', NULL, 17, NULL),
(48, 'RameshKumar Kumavat', '2020-04-27 10:59:42.000000', '2020-04-27 12:02:59.000000', 19, NULL),
(50, 'John Alwyn', '2020-04-27 11:00:21.000000', '2020-04-27 12:01:51.000000', 3, NULL),
(51, 'Smitkumar Boghara', '2020-04-27 11:01:12.000000', NULL, 48, NULL),
(52, 'Nayak SuryaKanta', '2020-04-27 11:01:24.000000', NULL, 37, NULL),
(53, 'Dhruvil Agotariya', '2020-04-27 11:03:08.000000', NULL, 46, NULL),
(54, 'Vivek Kumar Kaushal', '2020-04-27 11:03:59.000000', '2020-04-27 11:53:44.000000', 16, NULL),
(56, 'Sany Rathod', '2020-04-27 11:07:24.000000', '2020-04-27 11:52:15.000000', 29, NULL),
(59, 'Sanjay Bisoyi', '2020-04-27 11:11:05.000000', '2020-04-27 11:53:25.000000', 6, NULL),
(62, 'Mehzbeen Shaikh', '2020-04-27 11:11:37.000000', NULL, 32, NULL),
(66, 'Shivkumar Savita', '2020-04-27 11:19:21.000000', NULL, 31, NULL),
(71, 'Janki Chovatiya', '2020-04-27 11:21:51.000000', NULL, 8, NULL),
(72, 'Mohit Mistry', '2020-04-27 11:22:03.000000', '2020-04-27 11:49:37.000000', 23, '157.32.253.184'),
(73, 'Akshar Miyani', '2020-04-27 11:23:30.000000', NULL, 24, '157.32.171.227'),
(74, 'Poojan Italiya', '2020-04-27 11:23:40.000000', NULL, 11, '219.91.239.227'),
(75, 'Kunalsingh Rajpurohit', '2020-04-27 11:23:56.000000', '2020-04-27 11:49:37.000000', 28, '106.213.136.182'),
(77, 'Ahad Gazi', '2020-04-27 11:25:45.000000', NULL, 49, '42.108.201.51'),
(81, 'Dhruven Variya', '2020-04-27 11:31:54.000000', '2020-04-27 11:58:02.000000', 42, '219.91.225.0'),
(91, 'Kurapati Shruti', '2020-04-27 11:32:23.000000', NULL, 34, '106.222.41.1'),
(99, 'Roshan Savani', '2020-04-27 11:38:34.000000', '2020-04-27 12:04:43.000000', 52, '103.218.108.3'),
(108, 'Abhishek Kumar Kaushal', '2020-04-27 12:02:52.000000', '2020-04-27 12:32:28.000000', 15, '106.207.128.228'),
(112, 'Harsh Sabalpara', '2020-04-27 12:28:22.000000', NULL, 30, '42.108.201.79'),
(113, 'Harsh Dungrani', '2020-04-27 12:32:29.000000', NULL, 10, '106.76.84.24'),
(114, 'Jinia Akbari', '2020-04-27 14:44:55', '2020-04-27 14:45:06', 1, '123.201.160.193'),
(115, 'Musharraf Patel', '2020-04-29 05:02:49', NULL, 27, '103.240.76.253'),
(116, 'Musharraf Patel', '2020-04-29 05:03:06', '2020-04-29 05:04:17', 27, '103.240.76.253'),
(117, 'Jinia Akbari', '2020-04-29 05:05:24', '2020-04-29 05:05:39', 1, '103.240.76.253'),
(118, 'Vivek Kumar Kaushal', '2020-04-29 05:06:34', '2020-04-29 05:07:02', 16, '103.240.76.253'),
(119, 'Jaykumar Keekani', '2020-04-29 05:07:44', NULL, 17, '103.240.76.253'),
(120, 'Jaykumar Keekani', '2020-04-29 05:08:08', '2020-04-29 05:08:30', 17, '103.240.76.253'),
(121, 'Ahad Gazi', '2020-04-29 05:09:59', '2020-04-29 05:11:25', 49, '103.240.76.253'),
(122, 'Musharraf Patel', '2020-04-29 05:14:42', NULL, 27, '103.240.76.253'),
(123, 'Musharraf Patel', '2020-04-29 05:18:31', NULL, 27, '103.240.76.253'),
(124, 'Roshan Savani', '2020-04-29 10:23:54', NULL, 52, '103.218.108.3'),
(125, 'Harsh Dungrani', '2020-04-29 10:36:19', NULL, 10, '1.38.160.9'),
(126, 'Kevin Jivani', '2020-04-29 10:43:47', '2020-04-29 10:44:43', 50, '42.108.196.137'),
(127, 'Bhavya Bhutka', '2020-04-29 10:44:57', NULL, 5, '42.106.1.166'),
(128, 'Sany Rathod', '2020-04-29 10:49:48', '2020-04-29 11:43:42', 29, '49.34.104.96'),
(129, 'Karina Jogani', '2020-04-29 10:50:31', NULL, 12, '219.91.225.202'),
(130, 'Jinia Akbari', '2020-04-29 10:51:07', NULL, 1, '157.32.201.215'),
(131, 'Shivkumar Savita', '2020-04-29 10:51:33', NULL, 31, '157.32.143.152'),
(132, 'Jinia Akbari', '2020-04-29 10:52:35', NULL, 1, '157.32.201.215'),
(133, 'Mohit Mistry', '2020-04-29 10:54:18', NULL, 23, '157.32.120.136'),
(134, 'Jay Goti', '2020-04-29 10:54:31', NULL, 55, '27.61.241.51'),
(135, 'Bhargav Lodaliya', '2020-04-29 10:54:42', NULL, 20, '157.32.118.254'),
(136, 'Kurapati Shruti', '2020-04-29 10:54:51', NULL, 34, '157.32.173.32'),
(137, 'Dhruven Variya', '2020-04-29 10:54:56', NULL, 42, '219.91.241.96'),
(138, 'Tushar Bodarya', '2020-04-29 10:54:59', NULL, 47, '157.32.58.10'),
(139, 'Tushar Bodarya', '2020-04-29 10:55:00', NULL, 47, '157.32.58.10'),
(140, 'Harsh Sabalpara', '2020-04-29 10:55:12', NULL, 30, '103.81.209.196'),
(141, 'Harsh Sabalpara', '2020-04-29 10:55:16', NULL, 30, '103.81.209.196'),
(142, 'Hiralben Tarpara', '2020-04-29 10:55:48', NULL, 38, '219.91.225.66'),
(143, 'Ravi Suchak', '2020-04-29 10:56:23', NULL, 36, '42.108.202.46'),
(144, 'Musharraf Patel', '2020-04-29 10:59:02', NULL, 27, '103.240.76.253'),
(145, 'Talha Sopariwala', '2020-04-29 10:59:38', NULL, 35, '1.38.166.187'),
(146, 'Smitkumar Boghara', '2020-04-29 10:59:48', NULL, 48, '27.61.251.86'),
(147, 'Jinia Akbari', '2020-04-29 11:01:24', '2020-04-29 12:14:22', 1, '123.201.157.195'),
(148, 'Sahil Ahmed Malek', '2020-04-29 11:01:42', NULL, 22, '49.34.108.189'),
(149, 'Akshay Vadchhak', '2020-04-29 11:02:06', '2020-04-29 11:37:54', 54, '103.251.19.203'),
(150, 'Shyam Joshi', '2020-04-29 11:02:12', NULL, 13, '157.32.90.185'),
(151, 'Shivkumar Savita', '2020-04-29 11:02:22', NULL, 31, '157.32.143.152'),
(152, 'Ravi Suchak', '2020-04-29 11:02:30', NULL, 36, '42.108.202.46'),
(153, 'Kevin Jivani', '2020-04-29 11:03:17', '2020-04-29 11:39:43', 50, '42.108.196.137'),
(154, 'Dhruvil Agotariya', '2020-04-29 11:03:19', NULL, 46, '49.36.75.126'),
(155, 'Prince Vaghasiya', '2020-04-29 11:03:47', '2020-04-29 11:38:07', 41, '157.32.225.232'),
(156, 'Jinia Akbari', '2020-04-29 11:03:50', NULL, 1, '49.36.65.129'),
(157, 'Kunalsingh Rajpurohit', '2020-04-29 11:03:54', '2020-04-29 11:42:56', 28, '106.213.175.92'),
(158, 'Mehzbeen Shaikh', '2020-04-29 11:04:36', NULL, 32, '42.108.201.33'),
(159, 'Janki Chovatiya', '2020-04-29 11:04:40', NULL, 8, '157.32.160.162'),
(160, 'Kevin Sutariya', '2020-04-29 11:04:45', NULL, 53, '123.201.227.128'),
(161, 'Abhayakumar Nishad', '2020-04-29 11:04:57', NULL, 25, '49.34.121.162'),
(162, 'RameshKumar Kumavat', '2020-04-29 11:04:58', NULL, 19, '49.34.107.16'),
(163, 'Juvil Diyora', '2020-04-29 11:04:58', NULL, 9, '49.34.100.98'),
(164, 'Ahad Gazi', '2020-04-29 11:05:08', NULL, 49, '42.108.200.99'),
(165, 'Tejas Vaddoriya', '2020-04-29 11:05:31', NULL, 39, '42.108.202.28'),
(166, 'Mukesh Mahajan', '2020-04-29 11:05:33', NULL, 21, '49.34.65.219'),
(167, 'Rakesh Shree Kumavat', '2020-04-29 11:05:35', NULL, 18, '219.91.245.253'),
(168, 'Smitkumar Boghara', '2020-04-29 11:05:35', NULL, 48, '27.61.251.86'),
(169, 'Sanjay Bisoyi', '2020-04-29 11:06:04', '2020-04-29 11:39:56', 6, '123.253.15.201'),
(170, 'Mansi Vaghasiya', '2020-04-29 11:06:12', NULL, 40, '49.34.107.202'),
(171, 'Vivek Kumar Kaushal', '2020-04-29 11:06:22', '2020-04-29 11:40:44', 16, '106.207.131.44'),
(172, 'John Alwyn', '2020-04-29 11:06:51', NULL, 3, '117.229.14.85'),
(173, 'Nayak SuryaKanta', '2020-04-29 11:08:19', NULL, 37, '157.32.130.142'),
(174, 'Jaykumar Keekani', '2020-04-29 11:13:39', NULL, 17, '123.201.225.142'),
(175, 'Akshar Miyani', '2020-04-29 11:18:29', NULL, 24, '157.32.122.196'),
(176, 'Jaykumar Keekani', '2020-04-29 11:20:17', NULL, 17, '123.201.225.142'),
(177, 'Shivkumar Savita', '2020-04-29 11:37:26', NULL, 31, '157.32.143.152'),
(178, 'Ravi Suchak', '2020-04-29 11:39:33', NULL, 36, '42.108.202.46'),
(179, 'Krutik Akbari', '2020-04-29 11:40:48', NULL, 2, '157.32.201.215'),
(180, 'Abhishek Kumar Kaushal', '2020-04-29 11:41:30', NULL, 15, '106.207.131.44'),
(181, 'Ravi Suchak', '2020-04-29 11:48:56', NULL, 36, '42.108.202.46'),
(182, 'Mukesh Mahajan', '2020-04-29 11:55:02', NULL, 21, '49.34.65.219'),
(183, 'Sahil Ahmed Malek', '2020-04-29 11:55:59', NULL, 22, '49.34.108.189'),
(184, 'Karina Jogani', '2020-04-29 11:59:50', NULL, 12, '219.91.225.202'),
(185, 'Musharraf Patel', '2020-04-29 12:29:16', NULL, 27, '103.240.76.253'),
(186, 'Ravi Suchak', '2020-04-29 12:39:37', NULL, 36, '106.76.88.170'),
(187, 'Ahad Gazi', '2020-04-29 23:50:58', '2020-04-29 23:51:57', 49, '104.37.31.148'),
(188, 'Musharraf Patel', '2020-04-30 21:41:38', NULL, 27, '103.240.76.253'),
(191, 'Jay Goti', '2020-05-01 10:36:36', NULL, 55, '157.32.185.20'),
(192, 'Bhavya Bhutka', '2020-05-01 10:38:10', NULL, 5, '42.106.15.29'),
(193, 'Musharraf Patel', '2020-05-01 10:40:18', NULL, 27, '103.240.76.253'),
(194, 'Kevin Jivani', '2020-05-01 10:45:55', '2020-05-01 11:48:15', 50, '42.108.197.50'),
(195, 'Bhargav Lodaliya', '2020-05-01 10:46:11', '2020-05-01 11:47:50', 20, '157.32.85.128'),
(197, 'Akshay Vadchhak', '2020-05-01 10:47:53', '2020-05-01 11:32:55', 54, '103.251.19.203'),
(199, 'Sany Rathod', '2020-05-01 10:48:25', '2020-05-01 11:39:06', 29, '157.32.86.163'),
(200, 'Kurapati Shruti', '2020-05-01 10:49:50', NULL, 34, '103.43.251.239'),
(201, 'Tushar Bodarya', '2020-05-01 10:50:28', NULL, 47, '157.32.169.96'),
(202, 'Roshan Savani', '2020-05-01 10:50:34', NULL, 52, '103.218.108.3'),
(203, 'Hiralben Tarpara', '2020-05-01 10:52:08', NULL, 38, '219.91.245.65'),
(204, 'Prince Vaghasiya', '2020-05-01 10:54:16', NULL, 41, '157.32.229.209'),
(205, 'Mohammedaves Ansari', '2020-05-01 10:54:28', NULL, 4, '157.32.84.74'),
(206, 'Talha Sopariwala', '2020-05-01 10:54:55', '2020-05-01 11:35:06', 35, '1.38.166.187'),
(208, 'John Alwyn', '2020-05-01 10:55:36', NULL, 3, '42.109.150.192'),
(209, 'Janki Chovatiya', '2020-05-01 10:56:23', NULL, 8, '157.32.239.63'),
(210, 'Mehzbeen Shaikh', '2020-05-01 10:56:44', NULL, 32, '42.108.200.105'),
(212, 'Jinia Akbari', '2020-05-01 10:58:04', NULL, 1, '49.36.75.247'),
(213, 'Karina Jogani', '2020-05-01 10:58:18', NULL, 12, '219.91.241.197'),
(214, 'Shyam Joshi', '2020-05-01 10:58:36', NULL, 13, '157.32.68.204'),
(215, 'Krutik Akbari', '2020-05-01 10:58:59', NULL, 2, '49.34.111.97'),
(216, 'Kevin Sutariya', '2020-05-01 11:00:23', NULL, 53, '123.201.228.76'),
(217, 'Shivkumar Savita', '2020-05-01 11:00:32', NULL, 31, '157.32.169.175'),
(218, 'Juvil Diyora', '2020-05-01 11:00:42', NULL, 9, '49.34.95.145'),
(219, 'Kunalsingh Rajpurohit', '2020-05-01 11:00:51', '2020-05-01 11:59:28', 28, '106.213.181.141'),
(220, 'Harsh Sabalpara', '2020-05-01 11:00:51', NULL, 30, '42.108.199.86'),
(222, 'Dhruvil Agotariya', '2020-05-01 11:01:37', NULL, 46, '49.36.65.168'),
(223, 'Ravi Suchak', '2020-05-01 11:02:05', NULL, 36, '106.77.75.135'),
(224, 'Rakesh Shree Kumavat', '2020-05-01 11:02:16', NULL, 18, '219.91.245.40'),
(225, 'Sahil Ahmed Malek', '2020-05-01 11:02:54', NULL, 22, '157.32.188.48'),
(226, 'Mukesh Mahajan', '2020-05-01 11:03:24', '2020-05-01 11:38:17', 21, '49.34.66.200'),
(227, 'Dhruven Variya', '2020-05-01 11:03:31', NULL, 42, '219.91.225.39'),
(228, 'Mansi Vaghasiya', '2020-05-01 11:03:56', NULL, 40, '157.32.242.89'),
(229, 'Abhayakumar Nishad', '2020-05-01 11:05:29', NULL, 25, '157.32.255.191'),
(230, 'Tejas Vaddoriya', '2020-05-01 11:05:47', NULL, 39, '42.108.203.69'),
(231, 'Vivek Kumar Kaushal', '2020-05-01 11:06:02', '2020-05-01 11:39:25', 16, '106.207.171.40'),
(232, 'Sanjay Bisoyi', '2020-05-01 11:07:09', '2020-05-01 11:39:30', 6, '123.253.15.201'),
(234, 'Arun Yadav', '2020-05-01 11:07:32', NULL, 44, '157.32.246.100'),
(235, 'Akshar Miyani', '2020-05-01 11:08:55', NULL, 24, '49.34.82.166'),
(236, 'Ahad Gazi', '2020-05-01 11:10:14', NULL, 49, '42.108.200.99'),
(237, 'Smitkumar Boghara', '2020-05-01 11:11:03', NULL, 48, '106.213.181.51'),
(238, 'Nayak SuryaKanta', '2020-05-01 11:12:49', NULL, 37, '49.34.123.141'),
(239, 'Jaykumar Keekani', '2020-05-01 11:19:33', NULL, 17, '123.201.228.139'),
(241, 'Mohit Mistry', '2020-05-01 11:39:47', '2020-05-01 12:11:57', 23, '157.32.7.110'),
(242, 'Abhishek Kumar Kaushal', '2020-05-01 11:40:41', '2020-05-01 12:16:06', 15, '106.207.171.40'),
(292, 'Harsh Dungrani', '2020-05-04 07:10:35', NULL, 10, '1.38.165.220'),
(293, 'Roshan Savani', '2020-05-04 09:13:50', NULL, 52, '103.218.108.3'),
(294, 'Bhavya Bhutka', '2020-05-04 10:27:30', '2020-05-04 11:05:34', 5, '42.106.2.204'),
(295, 'Sany Rathod', '2020-05-04 10:56:34', '2020-05-04 11:52:37', 29, '49.34.124.151'),
(296, 'Kurapati Shruti', '2020-05-04 10:29:37', '2020-05-04 11:22:38', 34, '113.193.207.27'),
(297, 'Kevin Jivani', '2020-05-04 10:59:42', '2020-05-04 11:07:43', 50, '42.108.200.229'),
(298, 'Tushar Bodarya', '2020-05-04 10:09:45', '2020-05-04 10:49:47', 47, '157.32.137.77'),
(299, 'Janki Chovatiya', '2020-05-04 10:36:46', NULL, 8, '157.32.212.67'),
(300, 'Jay Goti', '2020-05-04 10:49:46', '2020-05-04 11:52:40', 55, '157.32.99.13'),
(301, 'Kevin Sutariya', '2020-05-04 10:52:46', '2020-05-04 11:13:34', 53, '113.193.210.132'),
(302, 'Karina Jogani', '2020-05-04 10:04:48', '2020-05-04 11:38:35', 12, '219.91.225.36'),
(303, 'Smitkumar Boghara', '2020-05-04 10:49:48', '2020-05-04 11:49:46', 48, '27.61.218.110'),
(304, 'Talha Sopariwala', '2020-05-04 10:00:50', NULL, 35, '27.61.179.126'),
(305, 'Talha Sopariwala', '2020-05-04 10:15:50', NULL, 35, '27.61.179.126'),
(306, 'Tushar Bodarya', '2020-05-04 10:42:50', '2020-05-04 10:46:54', 47, '157.32.137.77'),
(307, 'Jinia Akbari', '2020-05-04 10:50:51', '2020-05-04 12:56:06', 1, '49.36.67.211'),
(308, 'Harsh Sabalpara', '2020-05-04 10:08:53', '2020-05-04 11:35:36', 30, '42.108.198.114'),
(309, 'Bhargav Lodaliya', '2020-05-04 10:31:53', '2020-05-04 11:41:44', 20, '157.32.80.167'),
(310, 'Krutik Akbari', '2020-05-04 10:58:53', NULL, 2, '157.32.166.215'),
(311, 'Akshay Vadchhak', '2020-05-04 10:23:54', '2020-05-04 11:55:31', 54, '103.251.19.203'),
(312, 'John Alwyn', '2020-05-04 10:25:54', '2020-05-04 11:18:55', 3, '42.109.147.10'),
(313, 'Mansi Vaghasiya', '2020-05-04 10:43:54', '2020-05-04 11:40:37', 40, '157.32.212.171'),
(314, 'Shyam Joshi', '2020-05-04 10:37:55', '2020-05-04 11:19:33', 13, '49.34.83.83'),
(315, 'RameshKumar Kumavat', '2020-05-04 10:49:55', '2020-05-04 11:11:41', 19, '27.61.227.14'),
(316, 'Prit Kakadiya', '2020-05-04 10:43:56', NULL, 14, '123.201.226.66'),
(317, 'Juvil Diyora', '2020-05-04 10:57:56', '2020-05-04 11:24:45', 9, '157.32.121.145'),
(318, 'Tushar Bodarya', '2020-05-04 10:20:57', '2020-05-04 11:18:35', 47, '157.32.137.77'),
(319, 'Jay Kumbhani', '2020-05-04 10:22:57', '2020-05-04 11:51:36', 51, '27.61.236.74'),
(320, 'Dhruven Variya', '2020-05-04 10:47:57', '2020-05-04 11:41:33', 42, '219.91.225.128'),
(321, 'Abhayakumar Nishad', '2020-05-04 10:07:58', '2020-05-04 11:57:33', 25, '157.32.239.255'),
(322, 'Ahad Gazi', '2020-05-04 11:42:00', NULL, 49, '42.108.199.159'),
(323, 'Ravi Suchak', '2020-05-04 11:59:00', '2020-05-04 11:19:38', 36, '42.108.201.71'),
(324, 'Hiralben Tarpara', '2020-05-04 11:03:01', NULL, 38, '219.91.225.115'),
(325, 'Dhruvil Agotariya', '2020-05-04 11:09:01', '2020-05-04 11:21:35', 46, '49.36.79.18'),
(326, 'Sahil Ahmed Malek', '2020-05-04 11:21:01', NULL, 22, '157.32.205.139'),
(327, 'Musharraf Patel', '2020-05-04 11:22:01', '2020-05-04 11:32:35', 27, '103.240.76.253'),
(328, 'Mukesh Mahajan', '2020-05-04 11:08:02', '2020-05-04 11:28:34', 21, '49.34.66.86'),
(329, 'Shivkumar Savita', '2020-05-04 11:35:02', NULL, 31, '157.32.171.77'),
(330, 'Mehzbeen Shaikh', '2020-05-04 11:36:02', NULL, 32, '42.108.200.233'),
(331, 'Prince Vaghasiya', '2020-05-04 11:01:04', '2020-05-04 11:36:43', 41, '157.32.252.219'),
(332, 'Rakesh Shree Kumavat', '2020-05-04 11:42:05', '2020-05-04 11:02:08', 18, '1.38.166.18'),
(333, 'Kunalsingh Rajpurohit', '2020-05-04 11:02:06', NULL, 28, '106.213.199.112'),
(334, 'Nayak SuryaKanta', '2020-05-04 11:04:06', '2020-05-04 11:01:42', 37, '157.32.224.196'),
(335, 'Tejas Vaddoriya', '2020-05-04 11:44:06', NULL, 39, '42.108.200.69'),
(336, 'Sanjay Bisoyi', '2020-05-04 11:56:06', '2020-05-04 11:18:41', 6, '123.253.15.201'),
(337, 'Mohit Mistry', '2020-05-04 11:02:08', '2020-05-04 11:42:40', 23, '157.38.28.17'),
(338, 'Harsh Dungrani', '2020-05-04 11:50:09', '2020-05-04 11:58:44', 10, '49.36.73.19'),
(339, 'Vivek Kumar Kaushal', '2020-05-04 11:14:11', '2020-05-04 11:24:48', 16, '106.207.189.110'),
(340, 'Rakesh Shree Kumavat', '2020-05-04 11:27:11', '2020-05-04 11:54:56', 18, '1.38.166.18'),
(341, 'Roshan Savani', '2020-05-04 11:58:13', NULL, 52, '103.218.108.3'),
(342, 'Janki Chovatiya', '2020-05-04 11:04:18', NULL, 8, '103.232.125.213'),
(343, 'Akshar Miyani', '2020-05-04 11:38:21', NULL, 24, '157.32.161.111'),
(344, 'Kunalsingh Rajpurohit', '2020-05-04 11:59:30', '2020-05-04 12:24:15', 28, '106.213.143.162'),
(345, 'Abhayakumar Nishad', '2020-05-04 11:00:35', '2020-05-04 11:18:35', 25, '157.32.239.255'),
(346, 'Jaykumar Keekani', '2020-05-04 11:11:35', NULL, 17, '123.201.226.66'),
(347, 'Jay Kumbhani', '2020-05-04 11:04:37', '2020-05-04 12:32:03', 51, '27.61.236.74'),
(348, 'Jaykumar Keekani', '2020-05-04 11:55:40', NULL, 17, '123.201.226.66'),
(349, 'Musharraf Patel', '2020-05-04 11:49:44', NULL, 27, '103.240.76.253'),
(350, 'Abhishek Kumar Kaushal', '2020-05-04 11:59:48', '2020-05-04 12:15:21', 15, '106.207.189.110'),
(351, 'Sahil Ahmed Malek', '2020-05-04 11:59:52', '2020-05-04 11:50:53', 22, '157.32.205.139'),
(352, 'Roshan Savani', '2020-05-04 11:06:55', '2020-05-04 11:25:55', 52, '103.218.108.3'),
(353, 'Musharraf Patel', '2020-05-04 11:20:56', '2020-05-04 11:26:56', 27, '103.240.76.253'),
(354, 'Roshan Savani', '2020-05-05 09:38:16', NULL, 52, '103.218.108.3'),
(355, 'Hiralben Tarpara', '2020-05-05 10:38:27', NULL, 38, '219.91.225.164'),
(356, 'Roshan Savani', '2020-05-06 09:45:18', NULL, 52, '103.218.108.3'),
(357, 'Musharraf Patel', '2020-05-06 10:15:22', '2020-05-06 11:31:03', 27, '103.240.76.253'),
(358, 'Jay Goti', '2020-05-06 10:21:31', '2020-05-06 11:09:03', 55, '157.32.125.208'),
(359, 'Sany Rathod', '2020-05-06 10:20:34', '2020-05-06 10:09:40', 29, '49.34.104.201'),
(361, 'Karina Jogani', '2020-05-06 10:15:44', '2020-05-06 11:27:03', 12, '219.91.241.15'),
(362, 'Jaykumar Keekani', '2020-05-06 10:13:45', '2020-05-06 10:50:45', 17, '49.34.104.201'),
(363, 'Kurapati Shruti', '2020-05-06 10:25:45', '2020-05-06 11:48:02', 34, '42.108.198.179'),
(364, 'Tushar Bodarya', '2020-05-06 10:40:45', '2020-05-06 10:46:51', 47, '157.32.201.40'),
(365, 'Akshay Vadchhak', '2020-05-06 10:40:45', '2020-05-06 11:39:02', 54, '103.251.19.136'),
(366, 'Kevin Sutariya', '2020-05-06 10:48:45', '2020-05-06 11:29:01', 53, '113.193.210.132'),
(367, 'Sany Rathod', '2020-05-06 10:31:46', '2020-05-06 11:19:03', 29, '49.34.104.201'),
(368, 'Talha Sopariwala', '2020-05-06 10:03:49', '2020-05-06 11:45:04', 35, '1.38.165.13'),
(369, 'Jay Kumbhani', '2020-05-06 10:19:49', '2020-05-06 11:36:01', 51, '27.61.236.66'),
(370, 'Janki Chovatiya', '2020-05-06 10:46:49', '2020-05-06 11:00:03', 8, '103.232.125.213'),
(371, 'Harsh Dungrani', '2020-05-06 10:03:50', '2020-05-06 11:20:01', 10, '1.38.160.6'),
(372, 'Jinia Akbari', '2020-05-06 10:12:50', '2020-05-06 11:24:02', 1, '49.36.67.159'),
(373, 'Bhargav Lodaliya', '2020-05-06 10:25:50', '2020-05-06 11:48:02', 20, '157.32.76.188'),
(374, 'Akshar Miyani', '2020-05-06 10:46:50', NULL, 24, '157.32.238.163'),
(375, 'Harsh Sabalpara', '2020-05-06 10:28:51', '2020-05-06 11:57:00', 30, '42.108.201.182'),
(376, 'Mukesh Mahajan', '2020-05-06 10:46:51', '2020-05-06 11:43:01', 21, '157.33.219.209'),
(377, 'Tushar Bodarya', '2020-05-06 10:25:52', '2020-05-06 11:38:02', 47, '157.32.201.40'),
(378, 'John Alwyn', '2020-05-06 10:16:53', '2020-05-06 11:37:01', 3, '42.109.147.58'),
(379, 'Juvil Diyora', '2020-05-06 10:46:53', '2020-05-06 11:21:02', 9, '157.32.227.204'),
(380, 'Bhavya Bhutka', '2020-05-06 10:52:53', '2020-05-06 11:37:02', 5, '42.106.29.197'),
(381, 'Sahil Ahmed Malek', '2020-05-06 10:02:54', '2020-05-06 11:35:01', 22, '157.32.254.90'),
(382, 'Krutik Akbari', '2020-05-06 10:34:54', NULL, 2, '157.32.246.180'),
(383, 'Smitkumar Boghara', '2020-05-06 10:36:54', '2020-05-06 12:29:02', 48, '106.213.222.207'),
(384, 'Abhayakumar Nishad', '2020-05-06 10:38:54', '2020-05-06 11:31:02', 25, '157.32.130.61'),
(385, 'Prince Vaghasiya', '2020-05-06 10:12:55', '2020-05-06 11:10:03', 41, '49.34.111.9'),
(386, 'Dhruvil Agotariya', '2020-05-06 10:28:55', NULL, 46, '42.108.201.211'),
(387, 'Roshan Savani', '2020-05-06 10:33:55', NULL, 52, '103.218.108.3'),
(388, 'Akshar Miyani', '2020-05-06 10:36:55', '2020-05-06 11:53:02', 24, '157.32.238.163'),
(389, 'Arun Yadav', '2020-05-06 10:47:55', '2020-05-06 11:39:01', 44, '49.34.122.225'),
(390, 'Shyam Joshi', '2020-05-06 10:09:56', '2020-05-06 11:35:01', 13, '49.34.111.160'),
(391, 'Sanjay Bisoyi', '2020-05-06 10:13:56', '2020-05-06 11:21:01', 6, '123.253.15.201'),
(392, 'Vivek Kumar Kaushal', '2020-05-06 10:41:56', '2020-05-06 11:45:01', 16, '106.207.133.180'),
(393, 'Mohit Mistry', '2020-05-06 10:27:57', '2020-05-06 11:27:01', 23, '157.37.195.6'),
(394, 'Dhruven Variya', '2020-05-06 10:40:58', '2020-05-06 11:44:01', 42, '219.91.241.183'),
(395, 'Ravi Suchak', '2020-05-06 10:46:58', '2020-05-06 11:30:02', 36, '42.108.200.171'),
(396, 'Nayak SuryaKanta', '2020-05-06 10:03:59', '2020-05-06 11:58:07', 37, '157.32.211.215'),
(397, 'Tejas Vaddoriya', '2020-05-06 11:23:00', NULL, 39, '42.108.201.243'),
(398, 'RameshKumar Kumavat', '2020-05-06 11:39:00', '2020-05-06 11:30:02', 19, '157.47.173.24'),
(399, 'Kevin Jivani', '2020-05-06 11:45:00', '2020-05-06 11:29:03', 50, '42.108.201.19'),
(400, 'Hiralben Tarpara', '2020-05-06 11:52:00', NULL, 38, '219.91.225.235'),
(401, 'Harsh Dungrani', '2020-05-06 11:33:01', '2020-05-06 11:11:03', 10, '1.38.160.6'),
(402, 'Jay Kumbhani', '2020-05-06 11:48:01', NULL, 51, '27.61.236.66'),
(403, 'Sahil Ahmed Malek', '2020-05-06 11:49:01', '2020-05-06 11:11:03', 22, '157.32.254.90'),
(404, 'Jay Kumbhani', '2020-05-06 11:49:01', '2020-05-06 11:02:03', 51, '27.61.236.66'),
(405, 'Kevin Sutariya', '2020-05-06 11:53:01', '2020-05-06 11:07:03', 53, '113.193.210.132'),
(406, 'Shyam Joshi', '2020-05-06 11:09:02', '2020-05-06 11:38:03', 13, '49.34.111.160'),
(407, 'Dhruven Variya', '2020-05-06 11:10:02', '2020-05-06 11:24:03', 42, '219.91.241.183'),
(408, 'Mukesh Mahajan', '2020-05-06 11:29:02', '2020-05-06 11:55:03', 21, '157.33.219.209'),
(409, 'Arun Yadav', '2020-05-06 11:29:02', '2020-05-06 11:48:03', 44, '49.34.122.225'),
(410, 'Vivek Kumar Kaushal', '2020-05-06 11:29:02', '2020-05-06 11:46:03', 16, '106.207.133.180'),
(411, 'Juvil Diyora', '2020-05-06 11:37:02', '2020-05-06 11:21:04', 9, '157.32.227.204'),
(412, 'Mansi Vaghasiya', '2020-05-06 11:48:02', NULL, 40, '157.32.247.94'),
(413, 'Sanjay Bisoyi', '2020-05-06 11:55:02', '2020-05-06 12:59:16', 6, '123.253.15.201'),
(414, 'Akshay Vadchhak', '2020-05-06 11:04:03', '2020-05-06 11:17:04', 54, '103.251.19.136'),
(415, 'Bhargav Lodaliya', '2020-05-06 11:12:03', '2020-05-06 11:30:04', 20, '157.32.76.188'),
(416, 'Kurapati Shruti', '2020-05-06 11:19:03', '2020-05-06 11:34:04', 34, '42.108.198.179'),
(417, 'Sahil Ahmed Malek', '2020-05-06 11:22:03', '2020-05-06 11:36:04', 22, '157.32.254.90'),
(418, 'Rakesh Shree Kumavat', '2020-05-06 11:42:03', NULL, 18, '219.91.225.248'),
(419, 'Shivkumar Savita', '2020-05-06 11:44:03', NULL, 31, '157.32.165.47'),
(420, 'Kunalsingh Rajpurohit', '2020-05-06 11:55:03', '2020-05-06 11:49:05', 28, '106.213.137.169'),
(421, 'Kevin Jivani', '2020-05-06 11:04:04', '2020-05-06 12:20:05', 50, '42.108.201.19'),
(422, 'Janki Chovatiya', '2020-05-06 11:09:04', NULL, 8, '103.232.125.213'),
(423, 'Mehzbeen Shaikh', '2020-05-06 11:16:04', NULL, 32, '42.108.200.225'),
(424, 'Akshar Miyani', '2020-05-06 11:17:04', NULL, 24, '157.32.238.163'),
(425, 'Arun Yadav', '2020-05-06 11:29:04', NULL, 44, '49.34.122.225'),
(426, 'Jaykumar Keekani', '2020-05-06 11:35:04', '2020-05-06 11:13:06', 17, '123.201.228.241'),
(427, 'Ravi Suchak', '2020-05-06 11:36:04', NULL, 36, '42.108.200.171'),
(428, 'Juvil Diyora', '2020-05-06 11:37:04', '2020-05-06 11:19:13', 9, '157.32.227.204'),
(429, 'Dhruven Variya', '2020-05-06 11:38:04', '2020-05-06 12:52:01', 42, '219.91.241.183'),
(430, 'Vivek Kumar Kaushal', '2020-05-06 11:40:04', '2020-05-06 12:35:04', 16, '106.207.133.180'),
(431, 'Sahil Ahmed Malek', '2020-05-06 11:48:04', '2020-05-06 12:17:06', 22, '157.32.254.90'),
(432, 'Bhargav Lodaliya', '2020-05-06 11:55:04', '2020-05-06 11:34:17', 20, '157.32.76.188'),
(433, 'Talha Sopariwala', '2020-05-06 11:24:05', '2020-05-06 12:30:06', 35, '1.38.165.13'),
(434, 'Mukesh Mahajan', '2020-05-06 11:32:05', NULL, 21, '157.33.219.209'),
(435, 'Sany Rathod', '2020-05-06 11:34:05', '2020-05-06 12:07:03', 29, '49.34.104.201'),
(436, 'Kevin Sutariya', '2020-05-06 11:38:05', NULL, 53, '113.193.210.132'),
(437, 'Kurapati Shruti', '2020-05-06 11:00:06', '2020-05-06 12:10:12', 34, '42.108.198.179'),
(438, 'Kunalsingh Rajpurohit', '2020-05-06 11:25:06', NULL, 28, '106.213.137.169'),
(439, 'Jay Kumbhani', '2020-05-06 11:54:06', NULL, 51, '27.61.236.66'),
(440, 'Karina Jogani', '2020-05-06 11:18:07', '2020-05-06 12:52:16', 12, '219.91.241.15'),
(441, 'Prince Vaghasiya', '2020-05-06 11:27:07', NULL, 41, '49.34.111.9'),
(442, 'Shivkumar Savita', '2020-05-06 11:48:07', NULL, 31, '157.32.165.47'),
(443, 'Roshan Savani', '2020-05-06 11:34:08', NULL, 52, '103.218.108.3'),
(445, 'Nayak SuryaKanta', '2020-05-06 11:01:11', '2020-05-06 12:03:04', 37, '157.32.211.215'),
(446, 'Bhavya Bhutka', '2020-05-06 11:05:11', '2020-05-06 12:01:08', 5, '42.106.29.197'),
(447, 'Harsh Dungrani', '2020-05-06 11:22:11', NULL, 10, '1.38.160.6'),
(448, 'Akshay Vadchhak', '2020-05-06 11:25:11', NULL, 54, '103.251.19.136'),
(449, 'Tushar Bodarya', '2020-05-06 11:29:11', '2020-05-06 12:38:19', 47, '157.32.201.40'),
(450, 'Ahad Gazi', '2020-05-06 11:53:11', NULL, 49, '42.108.201.43'),
(451, 'John Alwyn', '2020-05-06 11:07:13', '2020-05-06 12:05:14', 3, '42.109.147.58'),
(452, 'Musharraf Patel', '2020-05-06 11:23:13', NULL, 27, '103.240.76.253'),
(453, 'Juvil Diyora', '2020-05-06 11:34:13', NULL, 9, '157.32.227.204'),
(454, 'Shyam Joshi', '2020-05-06 11:57:13', NULL, 13, '49.34.111.160'),
(455, 'Jaykumar Keekani', '2020-05-06 11:01:14', NULL, 17, '123.201.228.241'),
(456, 'Jinia Akbari', '2020-05-06 11:02:14', NULL, 1, '49.36.67.159'),
(457, 'RameshKumar Kumavat', '2020-05-06 11:11:16', NULL, 19, '157.47.173.24'),
(458, 'Roshan Savani', '2020-05-06 11:38:16', '2020-05-06 12:02:02', 52, '103.218.108.3'),
(459, 'Bhargav Lodaliya', '2020-05-06 11:18:19', '2020-05-06 12:22:09', 20, '157.32.76.188'),
(460, 'Harsh Sabalpara', '2020-05-06 11:21:19', '2020-05-06 12:02:02', 30, '42.108.200.144'),
(461, 'Mohit Mistry', '2020-05-06 11:10:22', NULL, 23, '157.37.218.33'),
(462, 'Abhayakumar Nishad', '2020-05-06 11:43:22', NULL, 25, '157.32.180.81'),
(463, 'Jay Goti', '2020-05-06 11:05:23', NULL, 55, '27.61.178.23'),
(464, 'Abhayakumar Nishad', '2020-05-06 11:57:25', '2020-05-06 12:19:04', 25, '157.32.180.81'),
(465, 'Mukesh Mahajan', '2020-05-06 12:44:04', NULL, 21, '157.33.219.209'),
(466, 'Abhishek Kumar Kaushal', '2020-05-06 12:02:05', NULL, 15, '106.207.133.180'),
(467, 'Smitkumar Boghara', '2020-05-06 12:17:05', '2020-05-06 12:04:06', 48, '106.213.222.207'),
(468, 'Jinia Akbari', '2020-05-06 12:19:05', NULL, 1, '49.36.67.159'),
(469, 'Akshay Vadchhak', '2020-05-06 12:43:05', '2020-05-06 12:52:05', 54, '103.251.19.136'),
(470, 'Tejas Vaddoriya', '2020-05-06 12:04:09', NULL, 39, '42.108.201.243'),
(471, 'Mehzbeen Shaikh', '2020-05-06 12:00:10', NULL, 32, '42.108.200.225'),
(472, 'Kurapati Shruti', '2020-05-06 12:37:14', NULL, 34, '42.108.198.179'),
(473, 'Talha Sopariwala', '2020-05-06 12:42:14', NULL, 35, '1.38.165.13'),
(474, 'Rakesh Shree Kumavat', '2020-05-06 12:33:17', NULL, 18, '219.91.225.248'),
(475, 'Talha Sopariwala', '2020-05-06 12:53:17', '2020-05-06 12:03:18', 35, '1.38.165.13'),
(476, 'Bhargav Lodaliya', '2020-05-06 12:59:19', NULL, 20, '157.32.76.188'),
(477, 'Bhargav Lodaliya', '2020-05-06 12:54:27', NULL, 20, '157.32.76.188'),
(478, 'Jay Goti', '2020-05-06 12:08:48', NULL, 55, '27.61.206.130'),
(479, 'Kunalsingh Rajpurohit', '2020-05-06 12:50:54', NULL, 28, '106.213.172.19'),
(480, 'Jay Kumbhani', '2020-05-06 13:49:02', NULL, 51, '27.61.236.66'),
(481, 'Jay Kumbhani', '2020-05-06 13:09:09', NULL, 51, '27.61.236.66'),
(482, 'John Alwyn', '2020-05-06 13:57:09', NULL, 3, '42.109.147.58'),
(483, 'Mohit Mistry', '2020-05-06 13:01:10', NULL, 23, '157.37.192.77'),
(484, 'Juvil Diyora', '2020-05-06 13:50:12', NULL, 9, '157.32.208.0'),
(485, 'Hiralben Tarpara', '2020-05-06 13:29:17', NULL, 38, '219.91.225.43'),
(486, 'Jay Kumbhani', '2020-05-06 13:17:23', NULL, 51, '27.61.236.66'),
(487, 'Mehzbeen Shaikh', '2020-05-06 13:42:50', NULL, 32, '42.108.200.225'),
(489, 'Ahad Gazi', '2020-05-06 14:29:11', '2020-05-06 14:59:28', 49, '123.201.133.37'),
(490, 'Kunalsingh Rajpurohit', '2020-05-06 14:36:13', NULL, 28, '106.213.202.41'),
(491, 'Roshan Savani', '2020-05-06 14:22:19', NULL, 52, '103.218.108.3'),
(492, 'Jay Goti', '2020-05-06 14:38:23', '2020-05-06 15:47:00', 55, '157.32.116.90'),
(493, 'Ahad Gazi', '2020-05-06 14:26:47', NULL, 49, '43.248.39.183'),
(494, 'Ahad Gazi', '2020-05-06 19:35:35', NULL, 49, '42.108.200.219'),
(495, 'Roshan Savani', '2020-05-07 09:09:19', '2020-05-07 09:45:19', 52, '103.218.108.3'),
(496, 'Harsh Dungrani', '2020-05-07 19:48:08', NULL, 10, '1.38.164.139'),
(497, 'Kunalsingh Rajpurohit', '2020-05-08 12:42:03', '2020-05-08 12:58:03', 28, '106.213.199.23'),
(498, 'Jinia Akbari', '2020-07-20 13:09:26', '2020-07-20 14:31:10', 1, '::1'),
(499, 'Jaynesh Desai', '2020-07-20 14:46:10', '2020-07-20 14:08:12', 57, '::1'),
(500, 'Jaynesh Desai', '2020-07-20 14:27:24', '2020-07-20 14:36:25', 57, '::1'),
(501, 'Jaynesh Desai', '2020-07-20 14:23:27', '2020-07-20 16:06:10', 57, '::1'),
(502, 'Jaynesh Desai', '2020-07-20 18:24:27', '2020-07-20 18:27:28', 57, '::1'),
(503, 'Jinia Akbari', '2020-07-22 11:21:19', '2020-07-22 11:05:21', 1, '::1'),
(504, 'Jaynesh Desai', '2020-07-22 11:38:21', '2020-07-22 11:07:22', 57, '::1'),
(505, 'Jaynesh Desai', '2020-07-22 11:49:23', '2020-07-22 12:03:04', 57, '::1'),
(506, 'Jaynesh Desai', '2020-07-22 22:26:32', '2020-07-22 22:24:51', 57, '::1'),
(507, 'Jaynesh Desai', '2020-07-22 22:43:52', '2020-07-22 22:03:54', 57, '::1'),
(508, 'Jaynesh Desai', '2020-07-24 18:29:37', NULL, 57, '::1'),
(509, 'Jaynesh Desai', '2020-07-24 20:29:16', NULL, 57, '::1'),
(510, 'Jaynesh Desai', '2020-07-24 20:16:17', NULL, 57, '::1'),
(511, 'Jaynesh Desai', '2020-07-24 20:22:21', NULL, 57, '::1'),
(512, 'Jaynesh Desai', '2020-07-24 20:17:22', NULL, 57, '::1'),
(513, 'Jaynesh Desai', '2020-07-24 22:34:37', NULL, 57, '::1'),
(514, 'Mohammedaves Ansari', '2020-07-25 22:35:24', '2020-07-25 22:12:30', 4, '::1'),
(515, 'Jaynesh Desai', '2020-07-25 22:23:30', '2020-07-25 22:07:35', 57, '::1'),
(516, 'Jaynesh Desai', '2020-07-27 08:28:53', '2020-07-27 14:48:46', 57, '::1'),
(517, 'Jinia Akbari', '2020-07-27 14:53:47', '2020-07-27 16:20:23', 1, '::1'),
(518, 'Jaynesh Desai', '2020-07-27 16:38:23', '2020-07-27 16:29:52', 57, '::1'),
(519, 'Krutik Akbari', '2020-07-27 16:41:55', '2020-07-27 16:16:56', 2, '::1'),
(520, 'Jinia Akbari', '2020-07-27 17:02:04', NULL, 1, '::1'),
(521, 'Jaynesh Desai', '2020-07-29 22:48:40', '2020-07-29 22:55:40', 57, '::1'),
(522, 'Jaynesh Desai', '2020-07-29 22:35:41', NULL, 57, '::1'),
(523, 'Jaynesh Desai', '2020-07-29 23:28:08', NULL, 57, '::1'),
(524, 'Jaynesh Desai', '2020-07-29 23:39:10', NULL, 57, '::1'),
(525, 'Jaynesh Desai', '2020-07-29 23:34:13', NULL, 57, '::1'),
(526, 'Jaynesh Desai', '2020-07-29 23:44:24', '2020-07-29 23:21:26', 57, '::1'),
(527, 'Jaynesh Desai', '2020-07-29 23:13:28', '2020-07-29 23:43:30', 57, '::1'),
(528, 'Jaynesh Desai', '2020-07-29 23:43:31', '2020-07-29 23:03:32', 57, '::1'),
(529, 'Jaynesh Desai', '2020-07-29 23:26:33', '2020-07-29 23:55:47', 57, '::1'),
(530, 'Jaynesh Desai', '2020-07-30 14:56:43', '2020-07-30 16:53:58', 57, '::1'),
(531, 'Jaynesh Desai', '2020-07-31 17:07:56', '2020-07-31 21:37:40', 57, '::1'),
(532, 'Jaynesh Desai', '2020-07-31 21:03:50', '2020-07-31 23:58:05', 57, '::1'),
(533, 'Jaynesh Desai', '2020-08-01 08:49:45', NULL, 57, '::1');

-- --------------------------------------------------------

--
-- Table structure for table `visitor`
--

DROP TABLE IF EXISTS `visitor`;
CREATE TABLE IF NOT EXISTS `visitor` (
  `id` int(10) NOT NULL AUTO_INCREMENT,
  `cid` int(3) DEFAULT NULL,
  `did` int(10) NOT NULL,
  `sem_id` int(10) NOT NULL,
  `divi` varchar(2) NOT NULL,
  `sid` int(10) NOT NULL,
  `webcam` int(3) NOT NULL DEFAULT '0',
  `time_base` int(11) DEFAULT '0',
  `time_on_que` int(11) DEFAULT '0',
  `startdate` date NOT NULL,
  `starttime` time NOT NULL,
  `neg_marks` float NOT NULL DEFAULT '0',
  `duration` int(11) DEFAULT NULL,
  `passper` int(3) NOT NULL DEFAULT '40',
  `examstatus` varchar(30) NOT NULL DEFAULT 'Running',
  `display_result` int(11) NOT NULL DEFAULT '0',
  `info` text,
  PRIMARY KEY (`id`),
  KEY `department` (`did`,`sem_id`,`sid`) USING BTREE,
  KEY `fk_vi_sem_id` (`sem_id`),
  KEY `fk_vi_sub_id` (`sid`)
) ENGINE=InnoDB AUTO_INCREMENT=33 DEFAULT CHARSET=latin1;

--
-- Dumping data for table `visitor`
--

INSERT INTO `visitor` (`id`, `cid`, `did`, `sem_id`, `divi`, `sid`, `webcam`, `time_base`, `time_on_que`, `startdate`, `starttime`, `neg_marks`, `duration`, `passper`, `examstatus`, `display_result`, `info`) VALUES
(26, 1, 3, 5, 'A', 21, 1, 0, 0, '2020-07-30', '09:00:00', 0, 10, 40, 'Running', 1, ''),
(28, 2, 4, 8, 'A', 28, 0, 1, 45, '2020-04-27', '11:00:00', 0, 30, 40, 'Complete', 1, 'Note : Change Question Automatically After 45 Seconds!'),
(29, 2, 4, 8, 'A', 29, 0, 1, 60, '2020-04-29', '11:00:00', 0, 30, 40, 'Complete', 1, 'Note : Change Question Automatically After 60 Seconds!'),
(30, 2, 4, 8, 'A', 30, 0, 1, 60, '2020-05-01', '11:00:00', 0, 30, 40, 'Complete', 1, 'Note : Change Question Automatically After 60 Seconds!'),
(31, 2, 4, 8, 'A', 31, 0, 1, 60, '2020-05-04', '11:00:00', 0, 30, 40, 'Complete', 1, 'Note : Change Question Automatically After 60 Seconds!'),
(32, 2, 4, 8, 'A', 32, 0, 1, 60, '2020-05-06', '11:00:00', 0, 30, 40, 'Complete', 1, 'Note : Change Question Automatically After 60 Seconds!');

--
-- Constraints for dumped tables
--

--
-- Constraints for table `active_users`
--
ALTER TABLE `active_users`
  ADD CONSTRAINT `fk_teens_keyu` FOREIGN KEY (`keyu`) REFERENCES `teens` (`keyu`) ON DELETE CASCADE ON UPDATE CASCADE;

--
-- Constraints for table `answers`
--
ALTER TABLE `answers`
  ADD CONSTRAINT `fk_qid` FOREIGN KEY (`qnumber`) REFERENCES `offering` (`offeringid`) ON DELETE CASCADE ON UPDATE CASCADE,
  ADD CONSTRAINT `fk_rid` FOREIGN KEY (`rid`) REFERENCES `result` (`rid`) ON DELETE CASCADE ON UPDATE CASCADE,
  ADD CONSTRAINT `fk_stu_id` FOREIGN KEY (`student_id`) REFERENCES `teens` (`keyu`) ON DELETE CASCADE ON UPDATE CASCADE,
  ADD CONSTRAINT `fk_sub_id` FOREIGN KEY (`sid`) REFERENCES `subject` (`sid`) ON DELETE CASCADE ON UPDATE CASCADE;

--
-- Constraints for table `class`
--
ALTER TABLE `class`
  ADD CONSTRAINT `fk_course` FOREIGN KEY (`cid`) REFERENCES `course` (`cid`) ON DELETE CASCADE ON UPDATE CASCADE;

--
-- Constraints for table `offering`
--
ALTER TABLE `question`
  ADD CONSTRAINT `fk_dep_id` FOREIGN KEY (`did`) REFERENCES `class` (`id`) ON DELETE CASCADE ON UPDATE CASCADE,
  ADD CONSTRAINT `fk_off_cid` FOREIGN KEY (`cid`) REFERENCES `course` (`cid`) ON DELETE CASCADE ON UPDATE CASCADE,
  ADD CONSTRAINT `fk_off_semid` FOREIGN KEY (`sem_id`) REFERENCES `sem` (`sem_id`) ON DELETE CASCADE ON UPDATE CASCADE,
  ADD CONSTRAINT `fk_su_id` FOREIGN KEY (`sid`) REFERENCES `subject` (`sid`) ON DELETE CASCADE ON UPDATE CASCADE;

--
-- Constraints for table `result`
--
ALTER TABLE `result`
  ADD CONSTRAINT `fk_res_cid` FOREIGN KEY (`cid`) REFERENCES `course` (`cid`) ON DELETE CASCADE ON UPDATE CASCADE,
  ADD CONSTRAINT `fk_res_dept_id` FOREIGN KEY (`did`) REFERENCES `class` (`id`) ON DELETE CASCADE ON UPDATE CASCADE,
  ADD CONSTRAINT `fk_res_sem_id` FOREIGN KEY (`sem_id`) REFERENCES `sem` (`sem_id`) ON DELETE CASCADE ON UPDATE CASCADE,
  ADD CONSTRAINT `fk_res_st_id` FOREIGN KEY (`keyu`) REFERENCES `teens` (`keyu`) ON DELETE CASCADE ON UPDATE CASCADE,
  ADD CONSTRAINT `fk_res_sub_id` FOREIGN KEY (`sid`) REFERENCES `subject` (`sid`) ON DELETE CASCADE ON UPDATE CASCADE;

--
-- Constraints for table `role`
--
ALTER TABLE `role`
  ADD CONSTRAINT `fk_type` FOREIGN KEY (`type`) REFERENCES `role_data` (`type`) ON DELETE CASCADE ON UPDATE CASCADE,
  ADD CONSTRAINT `foreign_dept` FOREIGN KEY (`did`) REFERENCES `class` (`id`) ON DELETE CASCADE ON UPDATE CASCADE,
  ADD CONSTRAINT `foreign_fid` FOREIGN KEY (`fid`) REFERENCES `fact` (`fid`) ON DELETE CASCADE ON UPDATE CASCADE;

--
-- Constraints for table `sem`
--
ALTER TABLE `sem`
  ADD CONSTRAINT `fk_dept` FOREIGN KEY (`did`) REFERENCES `class` (`id`) ON DELETE CASCADE ON UPDATE CASCADE,
  ADD CONSTRAINT `fk_sem_cid` FOREIGN KEY (`cid`) REFERENCES `course` (`cid`) ON DELETE CASCADE ON UPDATE CASCADE;

--
-- Constraints for table `stud_per`
--
ALTER TABLE `stud_per`
  ADD CONSTRAINT `foreign_did_stud_per` FOREIGN KEY (`did`) REFERENCES `class` (`id`) ON DELETE CASCADE ON UPDATE CASCADE;

--
-- Constraints for table `subject`
--
ALTER TABLE `subject`
  ADD CONSTRAINT `fk_department` FOREIGN KEY (`did`) REFERENCES `class` (`id`) ON DELETE CASCADE ON UPDATE CASCADE,
  ADD CONSTRAINT `fk_sem` FOREIGN KEY (`sem`) REFERENCES `sem` (`sem_id`) ON DELETE CASCADE ON UPDATE CASCADE,
  ADD CONSTRAINT `fk_sub_cid` FOREIGN KEY (`cid`) REFERENCES `course` (`cid`) ON DELETE CASCADE ON UPDATE CASCADE;

--
-- Constraints for table `teens`
--
ALTER TABLE `teens`
  ADD CONSTRAINT `fk_teen_c_id` FOREIGN KEY (`cid`) REFERENCES `course` (`cid`) ON DELETE CASCADE ON UPDATE CASCADE,
  ADD CONSTRAINT `fk_teen_dept_id` FOREIGN KEY (`did`) REFERENCES `class` (`id`) ON DELETE CASCADE ON UPDATE CASCADE,
  ADD CONSTRAINT `fk_teen_sem_id` FOREIGN KEY (`sem_id`) REFERENCES `sem` (`sem_id`) ON DELETE CASCADE ON UPDATE CASCADE;

--
-- Constraints for table `tmp_upload`
--
ALTER TABLE `tmp_upload`
  ADD CONSTRAINT `foreign_dept_tmp` FOREIGN KEY (`did`) REFERENCES `class` (`id`) ON DELETE CASCADE ON UPDATE CASCADE,
  ADD CONSTRAINT `foreign_sem_tmp` FOREIGN KEY (`sem`) REFERENCES `sem` (`sem_id`) ON DELETE CASCADE ON UPDATE CASCADE,
  ADD CONSTRAINT `foreign_sub_tmp` FOREIGN KEY (`sub`) REFERENCES `subject` (`sid`) ON DELETE CASCADE ON UPDATE CASCADE;

--
-- Constraints for table `user_log`
--
ALTER TABLE `user_log`
  ADD CONSTRAINT `fk_ul_stu_id` FOREIGN KEY (`student_id`) REFERENCES `teens` (`keyu`) ON DELETE CASCADE ON UPDATE CASCADE;

--
-- Constraints for table `visitor`
--
ALTER TABLE `visitor`
  ADD CONSTRAINT `fk_vi_dept_id` FOREIGN KEY (`did`) REFERENCES `class` (`id`) ON DELETE CASCADE ON UPDATE CASCADE,
  ADD CONSTRAINT `fk_vi_sem_id` FOREIGN KEY (`sem_id`) REFERENCES `sem` (`sem_id`) ON DELETE CASCADE ON UPDATE CASCADE,
  ADD CONSTRAINT `fk_vi_sub_id` FOREIGN KEY (`sid`) REFERENCES `subject` (`sid`) ON DELETE CASCADE ON UPDATE CASCADE;
COMMIT;

/*!40101 SET CHARACTER_SET_CLIENT=@OLD_CHARACTER_SET_CLIENT */;
/*!40101 SET CHARACTER_SET_RESULTS=@OLD_CHARACTER_SET_RESULTS */;
/*!40101 SET COLLATION_CONNECTION=@OLD_COLLATION_CONNECTION */;
